# Blender v2.79 (sub 0) OBJ File: 'LevelOne.blend'
# www.blender.org
mtllib leve1.mtl
o Balconies
v -0.199486 7.625597 48.037292
v -0.199486 8.235399 48.037292
v -0.199485 7.625597 18.708790
v -0.199485 8.235399 18.708790
v 4.355979 7.625597 48.037292
v 4.355979 8.235399 48.037292
v 4.355979 7.625597 18.708790
v 4.355979 8.235399 18.708790
v -0.199485 8.235399 14.262024
v -0.199485 7.625597 14.262024
v 4.355979 7.625597 14.262024
v 4.355979 8.235399 14.262024
v 33.507244 8.235399 18.708790
v 33.507244 7.625597 18.708790
v 33.507244 8.235399 14.262024
v 33.507244 7.625597 14.262024
v 37.072189 7.625597 51.818878
v 33.507244 7.625597 51.818878
v 33.507244 8.235399 51.818878
v 37.072189 8.235399 51.818878
v 4.355979 7.625597 51.818878
v 4.355979 8.235399 51.818878
v -0.199486 8.235399 51.818878
v -0.199486 7.625597 51.818878
v 37.072189 7.625597 48.037292
v 37.072189 8.235399 48.037292
v 33.507244 7.625597 48.037292
v 33.507244 8.235399 48.037292
v 37.072189 7.625597 14.262024
v 37.072189 8.235399 14.262024
v 37.072189 7.625597 18.708790
v 37.072189 8.235399 18.708790
v -0.199486 15.923643 48.037292
v -0.199486 16.533447 48.037292
v -0.199485 15.923643 18.708790
v -0.199485 16.533447 18.708790
v 4.355979 15.923643 48.037292
v 4.355979 16.533447 48.037292
v 4.355979 15.923643 18.708790
v 4.355979 16.533447 18.708790
v -0.199485 16.533447 14.262024
v -0.199485 15.923643 14.262024
v 4.355979 15.923643 14.262024
v 4.355979 16.533447 14.262024
v 33.507244 16.533447 18.708790
v 33.507244 15.923643 18.708790
v 33.507244 16.533447 14.262024
v 33.507244 15.923643 14.262024
v 37.072189 15.923643 51.818878
v 33.507244 15.923643 51.818878
v 33.507244 16.533447 51.818878
v 37.072189 16.533447 51.818878
v 4.355979 15.923643 51.818878
v 4.355979 16.533447 51.818878
v -0.199486 16.533447 51.818878
v -0.199486 15.923643 51.818878
v 37.072189 15.923643 48.037292
v 37.072189 16.533447 48.037292
v 33.507244 15.923643 48.037292
v 33.507244 16.533447 48.037292
v 37.072189 15.923643 14.262024
v 37.072189 16.533447 14.262024
v 37.072189 15.923643 18.708790
v 37.072189 16.533447 18.708790
v -0.199486 24.278538 48.037292
v -0.199486 24.888340 48.037292
v -0.199485 24.278538 18.708790
v -0.199485 24.888340 18.708790
v 4.355979 24.278538 48.037292
v 4.355979 24.888340 48.037292
v 4.355979 24.278538 18.708790
v 4.355979 24.888340 18.708790
v -0.199485 24.888340 14.262024
v -0.199485 24.278538 14.262024
v 4.355979 24.278538 14.262024
v 4.355979 24.888340 14.262024
v 33.507244 24.888340 18.708790
v 33.507244 24.278538 18.708790
v 33.507244 24.888340 14.262024
v 33.507244 24.278538 14.262024
v 37.072189 24.278538 51.818878
v 33.507244 24.278538 51.818878
v 33.507244 24.888340 51.818878
v 37.072189 24.888340 51.818878
v 4.355979 24.278538 51.818878
v 4.355979 24.888340 51.818878
v -0.199486 24.888340 51.818878
v -0.199486 24.278538 51.818878
v 37.072189 24.278538 48.037292
v 37.072189 24.888340 48.037292
v 33.507244 24.278538 48.037292
v 33.507244 24.888340 48.037292
v 37.072189 24.278538 14.262024
v 37.072189 24.888340 14.262024
v 37.072189 24.278538 18.708790
v 37.072189 24.888340 18.708790
v -0.199486 33.407822 48.037292
v -0.199486 34.017624 48.037292
v -0.199485 33.407822 18.708790
v -0.199485 34.017624 18.708790
v 4.355979 33.407822 48.037292
v 4.355979 34.017624 48.037292
v 4.355979 33.407822 18.708790
v 4.355979 34.017624 18.708790
v -0.199485 34.017624 14.262024
v -0.199485 33.407822 14.262024
v 4.355979 33.407822 14.262024
v 4.355979 34.017624 14.262024
v 33.507244 34.017624 18.708790
v 33.507244 33.407822 18.708790
v 33.507244 34.017624 14.262024
v 33.507244 33.407822 14.262024
v 37.072189 33.407822 51.818878
v 33.507244 33.407822 51.818878
v 33.507244 34.017624 51.818878
v 37.072189 34.017624 51.818878
v 4.355979 33.407822 51.818878
v 4.355979 34.017624 51.818878
v -0.199486 34.017624 51.818878
v -0.199486 33.407822 51.818878
v 37.072189 33.407822 48.037292
v 37.072189 34.017624 48.037292
v 33.507244 33.407822 48.037292
v 33.507244 34.017624 48.037292
v 37.072189 33.407822 14.262024
v 37.072189 34.017624 14.262024
v 37.072189 33.407822 18.708790
v 37.072189 34.017624 18.708790
v -0.199486 41.782936 48.037292
v -0.199486 42.392735 48.037292
v -0.199485 41.782936 18.708790
v -0.199485 42.392735 18.708790
v 4.355979 41.782936 48.037292
v 4.355979 42.392735 48.037292
v 4.355979 41.782936 18.708790
v 4.355979 42.392735 18.708790
v -0.199485 42.392735 14.262024
v -0.199485 41.782936 14.262024
v 4.355979 41.782936 14.262024
v 4.355979 42.392735 14.262024
v 33.507244 42.392735 18.708790
v 33.507244 41.782936 18.708790
v 33.507244 42.392735 14.262024
v 33.507244 41.782936 14.262024
v 37.072189 41.782936 51.818878
v 33.507244 41.782936 51.818878
v 33.507244 42.392735 51.818878
v 37.072189 42.392735 51.818878
v 4.355979 41.782936 51.818878
v 4.355979 42.392735 51.818878
v -0.199486 42.392735 51.818878
v -0.199486 41.782936 51.818878
v 37.072189 41.782936 48.037292
v 37.072189 42.392735 48.037292
v 33.507244 41.782936 48.037292
v 33.507244 42.392735 48.037292
v 37.072189 41.782936 14.262024
v 37.072189 42.392735 14.262024
v 37.072189 41.782936 18.708790
v 37.072189 42.392735 18.708790
v -0.199486 50.417000 48.037292
v -0.199486 51.026798 48.037292
v -0.199485 50.417000 18.708790
v -0.199485 51.026798 18.708790
v 4.355979 50.417000 48.037292
v 4.355979 51.026798 48.037292
v 4.355979 50.417000 18.708790
v 4.355979 51.026798 18.708790
v -0.199485 51.026798 14.262024
v -0.199485 50.417000 14.262024
v 4.355979 50.417000 14.262024
v 4.355979 51.026798 14.262024
v 33.507244 51.026798 18.708790
v 33.507244 50.417000 18.708790
v 33.507244 51.026798 14.262024
v 33.507244 50.417000 14.262024
v 37.072189 50.417000 51.818878
v 33.507244 50.417000 51.818878
v 33.507244 51.026798 51.818878
v 37.072189 51.026798 51.818878
v 4.355979 50.417000 51.818878
v 4.355979 51.026798 51.818878
v -0.199486 51.026798 51.818878
v -0.199486 50.417000 51.818878
v 37.072189 50.417000 48.037292
v 37.072189 51.026798 48.037292
v 33.507244 50.417000 48.037292
v 33.507244 51.026798 48.037292
v 37.072189 50.417000 14.262024
v 37.072189 51.026798 14.262024
v 37.072189 50.417000 18.708790
v 37.072189 51.026798 18.708790
v -0.199486 58.981102 48.037292
v -0.199486 59.590897 48.037292
v -0.199485 58.981102 18.708790
v -0.199485 59.590897 18.708790
v 4.355979 58.981102 48.037292
v 4.355979 59.590897 48.037292
v 4.355979 58.981102 18.708790
v 4.355979 59.590897 18.708790
v -0.199485 59.590897 14.262024
v -0.199485 58.981102 14.262024
v 4.355979 58.981102 14.262024
v 4.355979 59.590897 14.262024
v 33.507244 59.590897 18.708790
v 33.507244 58.981102 18.708790
v 33.507244 59.590897 14.262024
v 33.507244 58.981102 14.262024
v 37.072189 58.981102 51.818878
v 33.507244 58.981102 51.818878
v 33.507244 59.590897 51.818878
v 37.072189 59.590897 51.818878
v 4.355979 58.981102 51.818878
v 4.355979 59.590897 51.818878
v -0.199486 59.590897 51.818878
v -0.199486 58.981102 51.818878
v 37.072189 58.981102 48.037292
v 37.072189 59.590897 48.037292
v 33.507244 58.981102 48.037292
v 33.507244 59.590897 48.037292
v 37.072189 58.981102 14.262024
v 37.072189 59.590897 14.262024
v 37.072189 58.981102 18.708790
v 37.072189 59.590897 18.708790
v -0.199486 67.732246 48.037292
v -0.199486 68.342049 48.037292
v -0.199485 67.732246 18.708790
v -0.199485 68.342049 18.708790
v 4.355979 67.732246 48.037292
v 4.355979 68.342049 48.037292
v 4.355979 67.732246 18.708790
v 4.355979 68.342049 18.708790
v -0.199485 68.342049 14.262024
v -0.199485 67.732246 14.262024
v 4.355979 67.732246 14.262024
v 4.355979 68.342049 14.262024
v 33.507244 68.342049 18.708790
v 33.507244 67.732246 18.708790
v 33.507244 68.342049 14.262024
v 33.507244 67.732246 14.262024
v 37.072189 67.732246 51.818878
v 33.507244 67.732246 51.818878
v 33.507244 68.342049 51.818878
v 37.072189 68.342049 51.818878
v 4.355979 67.732246 51.818878
v 4.355979 68.342049 51.818878
v -0.199486 68.342049 51.818878
v -0.199486 67.732246 51.818878
v 37.072189 67.732246 48.037292
v 37.072189 68.342049 48.037292
v 33.507244 67.732246 48.037292
v 33.507244 68.342049 48.037292
v 37.072189 67.732246 14.262024
v 37.072189 68.342049 14.262024
v 37.072189 67.732246 18.708790
v 37.072189 68.342049 18.708790
v 52.664654 -0.040688 -49.709488
v 52.664593 -0.040688 53.968307
v -51.013165 -0.040688 53.968250
v -51.013145 -0.040688 -49.709503
v 72.255234 -0.040688 2.129417
v -70.603775 -0.040688 2.129368
v 0.825759 -0.040688 -69.300110
v 0.825704 -0.040688 73.558884
v 52.664654 12.503980 -49.709488
v 52.664593 12.503980 53.968307
v -51.013165 12.503980 53.968250
v -51.013145 12.503980 -49.709503
v 72.255234 12.503980 2.129417
v -70.603775 12.503980 2.129368
v 0.825759 12.503980 -69.300110
v 0.825704 12.503980 73.558884
v 19.791111 113.961670 7.786644
v 19.791111 114.571465 7.786644
v 19.791111 113.961670 -21.541862
v 19.791111 114.571465 -21.541862
v 24.346577 113.961670 7.786644
v 24.346577 114.571465 7.786644
v 24.346577 113.961670 -21.541862
v 24.346577 114.571465 -21.541862
v 19.791111 114.571465 -25.988632
v 19.791111 113.961670 -25.988632
v 24.346577 113.961670 -25.988632
v 24.346577 114.571465 -25.988632
v 53.497845 114.571465 -21.541862
v 53.497845 113.961670 -21.541862
v 53.497845 114.571465 -25.988632
v 53.497845 113.961670 -25.988632
v 57.062786 113.961670 11.568230
v 53.497845 113.961670 11.568230
v 53.497845 114.571465 11.568230
v 57.062786 114.571465 11.568230
v 24.346577 113.961670 11.568230
v 24.346577 114.571465 11.568230
v 19.791111 114.571465 11.568230
v 19.791111 113.961670 11.568230
v 57.062786 113.961670 7.786644
v 57.062786 114.571465 7.786644
v 53.497845 113.961670 7.786644
v 53.497845 114.571465 7.786644
v 57.062786 113.961670 -25.988632
v 57.062786 114.571465 -25.988632
v 57.062786 113.961670 -21.541862
v 57.062786 114.571465 -21.541862
v 39.157715 131.745880 -48.010593
v 39.157722 131.745880 -61.617615
v 52.764740 131.745880 -61.617607
v 52.764725 131.745880 -48.010590
v 45.961220 131.745880 -46.929337
v 45.961227 131.745880 -62.698868
v 38.076462 131.745880 -54.814102
v 51.683472 131.745880 -41.207085
v 51.683487 131.745880 -68.421112
v 53.845993 131.745880 -54.814102
v 32.354202 131.745880 -49.091850
v 59.568253 131.745880 -60.536346
v 32.354210 131.745880 -60.536354
v 40.238968 131.745880 -41.207085
v 40.238983 131.745880 -68.421120
v 59.568237 131.745880 -49.091850
v 47.011345 128.554291 -54.269363
v 45.961227 131.745880 -54.814102
v 45.961220 131.745880 -39.044563
v 45.961235 131.745880 -70.583633
v 45.967880 128.321808 -50.120003
v 44.666344 128.046417 -60.670731
v 30.191696 131.745880 -54.814102
v 61.730759 131.745880 -54.814095
v 38.947342 128.560638 -53.866745
v 49.298431 128.157837 -56.751503
v 50.231781 66.756493 6.719120
v 50.231781 85.173248 6.719120
v 50.231781 66.756493 5.559376
v 50.231781 85.173248 5.559376
v 51.391525 66.756493 6.719120
v 51.391525 85.173248 6.719120
v 51.391525 66.756493 5.559376
v 51.391525 85.173248 5.559376
v 21.790562 55.185612 7.534729
v 21.790562 58.270065 7.534729
v 18.706108 55.185612 7.534729
v 18.706108 58.270065 7.534729
v 21.790562 55.185612 -2.465271
v 21.790562 58.270065 -2.465271
v 18.706104 55.185612 -2.465271
v 18.706104 58.270065 -2.465271
v 4.115948 74.378639 -17.336750
v 4.115948 77.463097 -17.336750
v 4.115948 74.378639 -14.252293
v 4.115948 77.463097 -14.252293
v -5.884053 74.378639 -17.336746
v -5.884053 77.463097 -17.336746
v -5.884053 74.378639 -14.252293
v -5.884053 77.463097 -14.252293
v -10.805981 87.185547 -17.336746
v -10.805981 90.270004 -17.336746
v -10.805981 87.185547 -14.252293
v -10.805981 90.270004 -14.252293
v -20.805981 87.185547 -17.336746
v -20.805981 90.270004 -17.336746
v -20.805981 87.185547 -14.252293
v -20.805981 90.270004 -14.252293
v 34.516724 131.745880 -66.258606
v 34.516724 131.745880 -43.369598
v 57.405716 131.745880 -43.369598
v 57.405731 131.745880 -66.258591
v 39.169388 128.280792 -62.791428
v 43.220589 128.234833 -47.715927
v 52.377457 128.378418 -46.115479
v 52.067947 128.356079 -60.565002
v 11.092616 104.131401 -18.597870
v 11.092616 107.215858 -18.597870
v 8.008162 104.131401 -18.597870
v 8.008162 107.215858 -18.597870
v 11.092616 104.131401 -28.597870
v 11.092616 107.215858 -28.597870
v 8.008161 104.131401 -28.597870
v 8.008161 107.215858 -28.597870
v -22.318882 0.221472 -18.395416
v -23.385414 116.119919 -17.328880
v -22.318882 0.221472 -47.628090
v -23.385414 116.119919 -48.694622
v 6.913787 0.221472 -18.395416
v 7.980321 116.119919 -17.328880
v 6.913787 0.221472 -47.628090
v 7.980321 116.119919 -48.694622
v 22.501621 0.221472 7.768837
v 22.501621 119.545982 7.768837
v 22.501621 0.221472 -21.463829
v 22.501621 119.545982 -21.463829
v 51.734295 0.221472 7.768837
v 51.734295 119.545982 7.768837
v 51.734295 0.221472 -21.463829
v 51.734295 119.545982 -21.463829
v 4.492542 0.221472 48.050781
v 4.492542 83.197083 48.050781
v 4.492542 0.221472 18.818115
v 4.492542 83.197083 18.818115
v 33.725216 0.221472 48.050781
v 33.725216 83.197083 48.050781
v 33.725216 0.221472 18.818115
v 33.725216 83.197083 18.818115
v -58.626503 0.221475 8.869446
v -58.626503 14.897795 8.869446
v -58.626503 0.221475 -20.363224
v -58.626503 14.897795 -20.363224
v -29.393829 0.221475 8.869446
v -29.393829 14.897795 8.869446
v -29.393829 0.221475 -20.363224
v -29.393829 14.897795 -20.363224
v -39.071117 0.221476 47.065620
v -39.071117 39.521912 47.065620
v -39.071117 0.221476 17.832945
v -39.071117 39.521912 17.832945
v -9.838447 0.221476 47.065620
v -9.838447 39.521912 47.065620
v -9.838447 0.221476 17.832945
v -9.838447 39.521912 17.832945
v -52.998299 0.221476 47.065620
v -52.998299 23.716324 47.065620
v -52.998299 0.221476 17.832945
v -52.998299 23.716324 17.832945
v -41.148632 0.221476 47.065620
v -41.148632 23.716324 47.065620
v -41.148632 0.221476 17.832945
v -41.148632 23.716324 17.832945
v -45.592484 23.716324 26.961872
v -45.592484 23.716324 20.120346
v -42.819229 23.716324 26.961872
v -42.819229 23.716324 20.120346
v -45.592484 27.260525 26.961872
v -45.592484 27.260525 20.120346
v -42.819229 27.260525 20.120346
v -42.819229 27.260525 26.961872
v 22.501621 66.836380 7.768837
v 22.501621 66.836380 -21.463829
v 51.734295 66.836380 -21.463829
v 51.734295 66.836380 7.768837
v 22.501621 84.909622 7.768837
v 22.501621 84.909622 -21.463829
v 51.734295 84.909622 -21.463829
v 51.734295 84.909622 7.768837
v 28.486660 -26.410543 -23.919853
v 29.888611 -26.236803 41.530582
v -11.588223 -27.353598 34.281197
v -29.938511 -26.995962 -34.004593
v 52.664654 -0.040688 -49.709488
v 52.664593 -0.040688 53.968307
v -51.013165 -0.040688 53.968250
v -51.013145 -0.040688 -49.709503
v 15.941884 -27.952524 -6.646225
v -30.944286 -24.819139 6.420540
v 72.255234 -0.040688 2.129417
v -70.603775 -0.040688 2.129368
v -5.039535 -28.819342 -24.398743
v 0.855880 -26.676924 23.391747
v 0.825759 -0.040688 -69.300110
v 0.825704 -0.040688 73.558884
v 0.825733 -0.040688 2.129391
v 5.582340 -24.868589 4.596836
v -20.015678 96.945374 33.341576
v -19.706165 96.967705 47.791103
v -28.863033 96.824142 46.190655
v -32.914234 96.870102 31.115158
v -14.677887 100.335167 27.647984
v -14.677903 100.335167 50.536983
v -37.566902 100.335167 50.536980
v -37.566895 100.335167 27.647978
v -22.785198 96.747139 37.155083
v -33.136280 97.149933 40.039841
v -10.352865 100.335167 39.092487
v -41.891933 100.335167 39.092476
v -27.417278 96.635712 33.235851
v -26.115742 96.911118 43.786583
v -26.122391 100.335167 23.322948
v -26.122402 100.335167 54.862015
v -26.122398 100.335167 39.092484
v -25.072281 97.143585 39.637222
v 8.390001 118.522751 -77.029205
v 8.699512 118.545082 -62.579681
v -0.457357 118.401520 -64.180115
v -4.508558 118.447502 -79.255623
v 13.727792 121.912544 -82.722794
v 13.727775 121.912544 -59.833794
v -9.161225 121.912544 -59.833801
v -9.161218 121.912544 -82.722801
v 5.620481 118.324539 -73.215698
v -4.730602 118.727325 -70.330933
v 18.052814 121.912544 -71.278290
v -13.486255 121.912544 -71.278297
v 0.988401 118.213104 -77.134926
v 2.289938 118.488510 -66.584198
v 2.283288 121.912544 -87.047821
v 2.283274 121.912544 -55.508759
v 2.283279 121.912544 -71.278297
v 3.333398 118.720963 -70.733559
v -13.460521 149.932861 -11.776299
v -13.151010 149.955200 2.673229
v -22.307877 149.811646 1.072781
v -26.359081 149.857620 -14.002716
v -8.122730 153.322662 -17.469891
v -8.122746 153.322662 5.419109
v -31.011745 153.322662 5.419106
v -31.011738 153.322662 -17.469894
v -16.230042 149.734650 -7.962791
v -26.581123 150.137451 -5.078033
v -3.797709 153.322662 -6.025387
v -35.336777 153.322662 -6.025398
v -20.862122 149.623230 -11.882019
v -19.560585 149.898636 -1.331291
v -19.567234 153.322662 -21.794930
v -19.567245 153.322662 9.744141
v -19.567242 153.322662 -6.025391
v -18.517124 150.131073 -5.480652
v 131.043945 115.799294 -17.826895
v 131.353455 115.821632 -3.377371
v 122.196587 115.678062 -4.977816
v 118.145386 115.724022 -20.053320
v 136.381729 119.189095 -23.520483
v 136.381714 119.189095 -0.631491
v 113.492722 119.189095 -0.631491
v 113.492722 119.189095 -23.520498
v 128.274429 115.601067 -14.013395
v 117.923340 116.003853 -11.128637
v 140.706757 119.189095 -12.075987
v 109.167694 119.189095 -12.075994
v 123.642342 115.489632 -17.932623
v 124.943878 115.765038 -7.381895
v 124.937233 119.189095 -27.845526
v 124.937218 119.189095 3.693544
v 124.937225 119.189095 -12.075994
v 125.987343 115.997505 -11.531256
v -47.875095 129.721130 -1.126492
v -47.565578 129.743469 13.323036
v -56.722450 129.599899 11.722589
v -60.773655 129.645889 -3.352913
v -42.537304 133.110931 -6.820080
v -42.537319 133.110931 16.068916
v -65.426323 133.110931 16.068913
v -65.426315 133.110931 -6.820091
v -50.644611 129.522919 2.687012
v -60.995697 129.925720 5.571777
v -38.212280 133.110931 4.624420
v -69.751350 133.110931 4.624409
v -55.276695 129.411499 -1.232216
v -53.975159 129.686905 9.318516
v -53.981804 133.110931 -11.145119
v -53.981819 133.110931 20.393950
v -53.981815 133.110931 4.624416
v -52.931694 129.919342 5.169155
v 2.527959 75.217819 -0.890862
v 2.652093 75.226784 4.904354
v -1.020417 75.169205 4.262466
v -2.645217 75.187637 -1.783802
v 4.668765 76.577362 -3.174370
v 4.668759 76.577362 6.005634
v -4.511244 76.577362 6.005630
v -4.511241 76.577362 -3.174374
v 1.417198 75.138321 0.638607
v -2.734271 75.299873 1.795586
v 6.403385 76.577362 1.415634
v -6.245867 76.577362 1.415627
v -0.440572 75.093636 -0.933266
v 0.081430 75.204086 3.298275
v 0.078763 76.577362 -4.908997
v 0.078757 76.577362 7.740257
v 0.078759 76.577362 1.415634
v 0.499927 75.297318 1.634106
v 7.063215 89.133041 -9.168026
v 7.187349 89.142006 -3.372810
v 3.514839 89.084427 -4.014694
v 1.890039 89.102867 -10.060966
v 9.204021 90.492584 -11.451530
v 9.204015 90.492584 -2.271530
v 0.024012 90.492584 -2.271530
v 0.024015 90.492584 -11.451538
v 5.952454 89.053543 -7.638557
v 1.800985 89.215096 -6.481579
v 10.938642 90.492584 -6.861530
v -1.710611 90.492584 -6.861534
v 4.094684 89.008850 -9.210426
v 4.616686 89.119308 -4.978889
v 4.614019 90.492584 -13.186161
v 4.614013 90.492584 -0.536907
v 4.614015 90.492584 -6.861530
v 5.035182 89.212540 -6.643055
v 17.748940 98.357361 -14.761936
v 17.873074 98.366325 -8.966713
v 14.200563 98.308746 -9.608604
v 12.575764 98.327164 -15.654869
v 19.889744 99.716904 -17.045441
v 19.889740 99.716904 -7.865437
v 10.709737 99.716904 -7.865440
v 10.709741 99.716904 -17.045441
v 16.638180 98.277863 -13.232460
v 12.486710 98.439415 -12.075485
v 21.624367 99.716904 -12.455437
v 8.975114 99.716904 -12.455441
v 14.780408 98.233170 -14.804337
v 15.302411 98.343628 -10.572800
v 15.299744 99.716904 -18.780067
v 15.299739 99.716904 -6.130814
v 15.299740 99.716904 -12.455437
v 15.720908 98.436859 -12.236965
v 2.527959 47.526623 -0.890862
v 2.652093 47.535587 4.904354
v -1.020417 47.478004 4.262466
v -2.645217 47.496437 -1.783802
v 4.668765 48.886162 -3.174370
v 4.668759 48.886162 6.005634
v -4.511244 48.886162 6.005630
v -4.511241 48.886162 -3.174374
v 1.417198 47.447124 0.638607
v -2.734271 47.608677 1.795586
v 6.403385 48.886162 1.415634
v -6.245867 48.886162 1.415627
v -0.440572 47.402435 -0.933266
v 0.081430 47.512890 3.298275
v 0.078763 48.886162 -4.908997
v 0.078757 48.886162 7.740257
v 0.078759 48.886162 1.415634
v 0.499927 47.606121 1.634106
v -22.318882 4.679105 -18.395416
v -22.318882 6.064545 -18.395416
v -22.318882 13.594371 -18.395416
v -22.318882 14.979811 -18.395416
v -22.318882 22.509636 -18.395416
v -22.318882 23.895075 -18.395416
v -22.318882 31.424900 -18.395416
v -22.318882 32.810341 -18.395416
v -22.318882 40.340168 -18.395416
v -22.318882 41.725609 -18.395416
v -22.318882 49.255432 -18.395416
v -22.318882 50.640873 -18.395416
v -22.318882 58.170700 -18.395416
v -22.318882 59.556141 -18.395416
v -22.318882 67.085968 -18.395416
v -22.318882 68.471405 -18.395416
v -22.318882 76.001236 -18.395416
v -22.318882 77.386673 -18.395416
v -22.318882 84.916504 -18.395416
v -22.318882 86.301941 -18.395416
v -22.318882 93.831772 -18.395416
v -22.318882 95.217209 -18.395416
v -22.318882 102.747025 -18.395416
v -22.318882 104.132462 -18.395416
v -22.318882 111.662292 -18.395416
v -22.318882 111.662285 -47.628090
v -22.318882 104.132462 -47.628090
v -22.318882 102.747017 -47.628090
v -22.318882 95.217194 -47.628090
v -22.318882 93.831749 -47.628090
v -22.318882 86.301926 -47.628090
v -22.318882 84.916481 -47.628090
v -22.318882 77.386658 -47.628090
v -22.318882 76.001213 -47.628090
v -22.318882 68.471390 -47.628090
v -22.318882 67.085945 -47.628090
v -22.318882 59.556122 -47.628090
v -22.318882 58.170685 -47.628090
v -22.318882 50.640862 -47.628090
v -22.318882 49.255424 -47.628090
v -22.318882 41.725597 -47.628090
v -22.318882 40.340160 -47.628090
v -22.318882 32.810337 -47.628090
v -22.318882 31.424898 -47.628090
v -22.318882 23.895073 -47.628090
v -22.318882 22.509634 -47.628090
v -22.318882 14.979809 -47.628090
v -22.318882 13.594370 -47.628090
v -22.318882 6.064544 -47.628090
v -22.318882 4.679105 -47.628090
v 6.913787 111.662285 -47.628090
v 6.913787 104.132462 -47.628090
v 6.913787 102.747017 -47.628090
v 6.913787 95.217194 -47.628090
v 6.913787 93.831749 -47.628090
v 6.913787 86.301926 -47.628090
v 6.913787 84.916481 -47.628090
v 6.913787 77.386658 -47.628090
v 6.913787 76.001213 -47.628090
v 6.913787 68.471390 -47.628090
v 6.913787 67.085945 -47.628090
v 6.913787 59.556122 -47.628090
v 6.913787 58.170685 -47.628090
v 6.913787 50.640862 -47.628090
v 6.913787 49.255424 -47.628090
v 6.913787 41.725597 -47.628090
v 6.913787 40.340160 -47.628090
v 6.913787 32.810337 -47.628090
v 6.913787 31.424898 -47.628090
v 6.913787 23.895073 -47.628090
v 6.913787 22.509634 -47.628090
v 6.913787 14.979809 -47.628090
v 6.913787 13.594370 -47.628090
v 6.913787 6.064544 -47.628090
v 6.913787 4.679105 -47.628090
v 6.913787 111.662285 -18.395416
v 6.913787 104.132462 -18.395416
v 6.913787 102.747017 -18.395416
v 6.913787 95.217194 -18.395416
v 6.913787 93.831749 -18.395416
v 6.913787 86.301926 -18.395416
v 6.913787 84.916481 -18.395416
v 6.913787 77.386658 -18.395416
v 6.913787 76.001213 -18.395416
v 6.913787 68.471390 -18.395416
v 6.913787 67.085945 -18.395416
v 6.913787 59.556122 -18.395416
v 6.913787 58.170685 -18.395416
v 6.913787 50.640862 -18.395416
v 6.913787 49.255424 -18.395416
v 6.913787 41.725597 -18.395416
v 6.913787 40.340160 -18.395416
v 6.913787 32.810337 -18.395416
v 6.913787 31.424898 -18.395416
v 6.913787 23.895073 -18.395416
v 6.913787 22.509634 -18.395416
v 6.913787 14.979809 -18.395416
v 6.913787 13.594370 -18.395416
v 6.913787 6.064544 -18.395416
v 6.913787 4.679105 -18.395416
v -23.385414 111.662292 -17.328880
v -23.385414 4.679104 -17.328880
v -23.385414 9.136738 -17.328880
v -23.385414 13.594372 -17.328880
v -23.385414 18.052006 -17.328880
v -23.385414 22.509636 -17.328880
v -23.385414 26.967266 -17.328880
v -23.385414 31.424900 -17.328880
v -23.385414 35.882534 -17.328880
v -23.385414 40.340168 -17.328880
v -23.385414 44.797802 -17.328880
v -23.385414 49.255432 -17.328880
v -23.385414 53.713066 -17.328880
v -23.385414 58.170700 -17.328880
v -23.385414 62.628334 -17.328880
v -23.385414 67.085968 -17.328880
v -23.385414 71.543602 -17.328880
v -23.385414 76.001236 -17.328880
v -23.385414 80.458870 -17.328880
v -23.385414 84.916504 -17.328880
v -23.385414 89.374138 -17.328880
v -23.385414 93.831772 -17.328880
v -23.385414 98.289398 -17.328880
v -23.385414 102.747025 -17.328880
v -23.385414 107.204659 -17.328880
v -23.385414 111.662285 -48.694622
v -23.385414 107.204651 -48.694622
v -23.385414 102.747017 -48.694622
v -23.385414 98.289383 -48.694622
v -23.385414 93.831749 -48.694622
v -23.385414 89.374115 -48.694622
v -23.385414 84.916481 -48.694622
v -23.385414 80.458847 -48.694622
v -23.385414 76.001213 -48.694622
v -23.385414 71.543579 -48.694622
v -23.385414 67.085945 -48.694622
v -23.385414 62.628315 -48.694622
v -23.385414 58.170685 -48.694622
v -23.385414 53.713055 -48.694622
v -23.385414 49.255424 -48.694622
v -23.385414 44.797791 -48.694622
v -23.385414 40.340160 -48.694622
v -23.385414 35.882530 -48.694622
v -23.385414 31.424898 -48.694622
v -23.385414 26.967266 -48.694622
v -23.385414 22.509632 -48.694622
v -23.385414 18.052002 -48.694622
v -23.385414 13.594372 -48.694622
v -23.385414 9.136738 -48.694622
v -23.385414 4.679104 -48.694622
v 7.980321 111.662285 -48.694622
v 7.980321 107.204651 -48.694622
v 7.980321 102.747017 -48.694622
v 7.980321 98.289383 -48.694622
v 7.980321 93.831749 -48.694622
v 7.980321 89.374115 -48.694622
v 7.980321 84.916481 -48.694622
v 7.980321 80.458847 -48.694622
v 7.980321 76.001213 -48.694622
v 7.980321 71.543579 -48.694622
v 7.980321 67.085945 -48.694622
v 7.980321 62.628315 -48.694622
v 7.980321 58.170685 -48.694622
v 7.980321 53.713055 -48.694622
v 7.980321 49.255424 -48.694622
v 7.980321 44.797791 -48.694622
v 7.980321 40.340160 -48.694622
v 7.980321 35.882530 -48.694622
v 7.980321 31.424898 -48.694622
v 7.980321 26.967266 -48.694622
v 7.980321 22.509632 -48.694622
v 7.980321 18.052002 -48.694622
v 7.980321 13.594372 -48.694622
v 7.980321 9.136738 -48.694622
v 7.980321 4.679104 -48.694622
v 7.980321 111.662285 -17.328880
v 7.980321 107.204651 -17.328880
v 7.980321 102.747017 -17.328880
v 7.980321 98.289383 -17.328880
v 7.980321 93.831749 -17.328880
v 7.980321 89.374115 -17.328880
v 7.980321 84.916481 -17.328880
v 7.980321 80.458847 -17.328880
v 7.980321 76.001213 -17.328880
v 7.980321 71.543579 -17.328880
v 7.980321 67.085945 -17.328880
v 7.980321 62.628315 -17.328880
v 7.980321 58.170685 -17.328880
v 7.980321 53.713055 -17.328880
v 7.980321 49.255424 -17.328880
v 7.980321 44.797791 -17.328880
v 7.980321 40.340160 -17.328880
v 7.980321 35.882530 -17.328880
v 7.980321 31.424898 -17.328880
v 7.980321 26.967266 -17.328880
v 7.980321 22.509632 -17.328880
v 7.980321 18.052002 -17.328880
v 7.980321 13.594372 -17.328880
v 7.980321 9.136738 -17.328880
v 7.980321 4.679104 -17.328880
v -0.199486 75.972588 48.037292
v -0.199486 76.582390 48.037292
v -0.199485 75.972588 18.708790
v -0.199485 76.582390 18.708790
v 4.355979 75.972588 48.037292
v 4.355979 76.582390 48.037292
v 4.355979 75.972588 18.708790
v 4.355979 76.582390 18.708790
v -0.199485 76.582390 14.262024
v -0.199485 75.972588 14.262024
v 4.355979 75.972588 14.262024
v 4.355979 76.582390 14.262024
v 33.507244 76.582390 18.708790
v 33.507244 75.972588 18.708790
v 33.507244 76.582390 14.262024
v 33.507244 75.972588 14.262024
v 37.072189 75.972588 51.818878
v 33.507244 75.972588 51.818878
v 33.507244 76.582390 51.818878
v 37.072189 76.582390 51.818878
v 4.355979 75.972588 51.818878
v 4.355979 76.582390 51.818878
v -0.199486 76.582390 51.818878
v -0.199486 75.972588 51.818878
v 37.072189 75.972588 48.037292
v 37.072189 76.582390 48.037292
v 33.507244 75.972588 48.037292
v 33.507244 76.582390 48.037292
v 37.072189 75.972588 14.262024
v 37.072189 76.582390 14.262024
v 37.072189 75.972588 18.708790
v 37.072189 76.582390 18.708790
v 50.231781 66.756493 -20.100653
v 50.231781 85.173248 -20.100653
v 50.231781 66.756493 -21.260397
v 50.231781 85.173248 -21.260397
v 51.391525 66.756493 -20.100653
v 51.391525 85.173248 -20.100653
v 51.391525 66.756493 -21.260397
v 51.391525 85.173248 -21.260397
v 22.773825 66.756493 6.719120
v 22.773825 85.173248 6.719120
v 22.773825 66.756493 5.559376
v 22.773825 85.173248 5.559376
v 23.933569 66.756493 6.719120
v 23.933569 85.173248 6.719120
v 23.933569 66.756493 5.559376
v 23.933569 85.173248 5.559376
v 22.773825 66.756493 -20.100653
v 22.773825 85.173248 -20.100653
v 22.773825 66.756493 -21.260397
v 22.773825 85.173248 -21.260397
v 23.933569 66.756493 -20.100653
v 23.933569 85.173248 -20.100653
v 23.933569 66.756493 -21.260397
v 23.933569 85.173248 -21.260397
v -0.199485 7.625597 28.484959
v -0.199486 7.625597 38.261124
v -0.199486 8.235399 38.261124
v -0.199485 8.235399 28.484957
v 2.837491 7.625597 18.708790
v 1.319003 7.625597 18.708790
v 1.319003 8.235399 18.708790
v 2.837491 8.235399 18.708790
v 4.355979 7.625597 38.261124
v 4.355979 7.625597 28.484957
v 4.355979 8.235399 28.484959
v 4.355979 8.235399 38.261124
v 1.319003 7.625597 48.037292
v 2.837491 7.625597 48.037292
v 2.837491 8.235399 48.037292
v 1.319002 8.235399 48.037292
v 2.837491 7.625597 14.262024
v 1.319003 7.625597 14.262024
v 1.319003 8.235399 14.262024
v 2.837491 8.235399 14.262024
v -0.199485 8.235399 17.226534
v -0.199485 8.235399 15.744279
v -0.199485 7.625597 15.744279
v -0.199485 7.625597 17.226534
v 4.355979 7.625597 17.226534
v 4.355979 7.625597 15.744279
v 4.355979 8.235399 15.744279
v 4.355979 8.235399 17.226534
v 33.507244 7.625597 17.226534
v 33.507244 7.625597 15.744279
v 33.507244 8.235399 15.744279
v 33.507244 8.235399 17.226534
v 14.073068 8.235399 18.708790
v 23.790157 8.235399 18.708790
v 23.790155 8.235399 14.262024
v 14.073067 8.235399 14.262024
v 14.073068 7.625597 18.708790
v 23.790157 7.625597 18.708790
v 23.790155 7.625597 14.262024
v 14.073067 7.625597 14.262024
v 23.790155 8.235399 51.818878
v 14.073067 8.235399 51.818878
v 23.790155 8.235399 48.037292
v 14.073067 8.235399 48.037292
v 23.790155 7.625597 51.818878
v 14.073067 7.625597 51.818878
v 4.355979 7.625597 50.558350
v 4.355979 7.625597 49.297821
v -0.199486 8.235399 50.558350
v -0.199486 8.235399 49.297821
v 37.072189 8.235399 50.558350
v 37.072189 8.235399 49.297821
v 4.355979 8.235399 50.558350
v 4.355979 8.235399 49.297821
v 37.072189 7.625597 49.297821
v 37.072189 7.625597 50.558350
v 14.073068 7.625597 48.037292
v 23.790157 7.625597 48.037292
v -0.199486 7.625597 49.297821
v -0.199486 7.625597 50.558350
v 33.507244 8.235399 50.558350
v 33.507244 8.235399 49.297821
v 35.883873 8.235399 51.818878
v 34.695557 8.235399 51.818878
v 1.319003 7.625597 51.818878
v 2.837491 7.625597 51.818878
v 33.507244 8.235399 38.261124
v 33.507244 8.235399 28.484957
v 37.072189 8.235399 28.484959
v 37.072189 8.235399 38.261124
v 33.507244 7.625597 49.297821
v 33.507244 7.625597 50.558350
v 35.883873 7.625597 51.818878
v 34.695557 7.625597 51.818878
v 35.883873 8.235399 48.037292
v 34.695557 8.235399 48.037292
v 35.883873 8.235399 14.262024
v 34.695557 8.235399 14.262024
v 35.883873 8.235399 18.708790
v 34.695557 8.235399 18.708790
v 2.837491 8.235399 51.818878
v 1.319002 8.235399 51.818878
v 33.507244 7.625597 38.261124
v 33.507244 7.625597 28.484957
v 35.883873 7.625597 48.037292
v 34.695557 7.625597 48.037292
v 37.072189 8.235399 15.744279
v 37.072189 8.235399 17.226534
v 37.072189 7.625597 17.226534
v 37.072189 7.625597 15.744279
v 34.695560 7.625597 14.262024
v 35.883873 7.625597 14.262024
v 37.072189 7.625597 28.484959
v 37.072189 7.625597 38.261124
v 35.883873 7.625597 18.708790
v 34.695557 7.625597 18.708790
v -0.199485 15.923643 28.484959
v -0.199486 15.923643 38.261124
v -0.199486 16.533447 38.261124
v -0.199485 16.533447 28.484957
v 2.837491 15.923643 18.708790
v 1.319003 15.923643 18.708790
v 1.319003 16.533447 18.708790
v 2.837491 16.533447 18.708790
v 4.355979 15.923643 38.261124
v 4.355979 15.923643 28.484957
v 4.355979 16.533447 28.484959
v 4.355979 16.533447 38.261124
v 1.319003 15.923643 48.037292
v 2.837491 15.923643 48.037292
v 2.837491 16.533447 48.037292
v 1.319002 16.533447 48.037292
v 2.837491 15.923643 14.262024
v 1.319003 15.923643 14.262024
v 1.319003 16.533447 14.262024
v 2.837491 16.533447 14.262024
v -0.199485 16.533447 17.226534
v -0.199485 16.533447 15.744279
v -0.199485 15.923643 15.744279
v -0.199485 15.923643 17.226534
v 4.355979 15.923643 17.226534
v 4.355979 15.923643 15.744279
v 4.355979 16.533447 15.744279
v 4.355979 16.533447 17.226534
v 33.507244 15.923643 17.226534
v 33.507244 15.923643 15.744279
v 33.507244 16.533447 15.744279
v 33.507244 16.533447 17.226534
v 14.073068 16.533447 18.708790
v 23.790157 16.533447 18.708790
v 23.790155 16.533447 14.262024
v 14.073067 16.533447 14.262024
v 14.073068 15.923643 18.708790
v 23.790157 15.923643 18.708790
v 23.790155 15.923643 14.262024
v 14.073067 15.923643 14.262024
v 23.790155 16.533447 51.818878
v 14.073067 16.533447 51.818878
v 23.790155 16.533447 48.037292
v 14.073067 16.533447 48.037292
v 23.790155 15.923643 51.818878
v 14.073067 15.923643 51.818878
v 4.355979 15.923643 50.558350
v 4.355979 15.923643 49.297821
v -0.199486 16.533447 50.558350
v -0.199486 16.533447 49.297821
v 37.072189 16.533447 50.558350
v 37.072189 16.533447 49.297821
v 4.355979 16.533447 50.558350
v 4.355979 16.533447 49.297821
v 37.072189 15.923643 49.297821
v 37.072189 15.923643 50.558350
v 14.073068 15.923643 48.037292
v 23.790157 15.923643 48.037292
v -0.199486 15.923643 49.297821
v -0.199486 15.923643 50.558350
v 33.507244 16.533447 50.558350
v 33.507244 16.533447 49.297821
v 35.883873 16.533447 51.818878
v 34.695557 16.533447 51.818878
v 1.319003 15.923643 51.818878
v 2.837491 15.923643 51.818878
v 33.507244 16.533447 38.261124
v 33.507244 16.533447 28.484957
v 37.072189 16.533447 28.484959
v 37.072189 16.533447 38.261124
v 33.507244 15.923643 49.297821
v 33.507244 15.923643 50.558350
v 35.883873 15.923643 51.818878
v 34.695557 15.923643 51.818878
v 35.883873 16.533447 48.037292
v 34.695557 16.533447 48.037292
v 35.883873 16.533447 14.262024
v 34.695557 16.533447 14.262024
v 35.883873 16.533447 18.708790
v 34.695557 16.533447 18.708790
v 2.837491 16.533447 51.818878
v 1.319002 16.533447 51.818878
v 33.507244 15.923643 38.261124
v 33.507244 15.923643 28.484957
v 35.883873 15.923643 48.037292
v 34.695557 15.923643 48.037292
v 37.072189 16.533447 15.744279
v 37.072189 16.533447 17.226534
v 37.072189 15.923643 17.226534
v 37.072189 15.923643 15.744279
v 34.695560 15.923643 14.262024
v 35.883873 15.923643 14.262024
v 37.072189 15.923643 28.484959
v 37.072189 15.923643 38.261124
v 35.883873 15.923643 18.708790
v 34.695557 15.923643 18.708790
v -0.199485 24.278538 28.484959
v -0.199486 24.278538 38.261124
v -0.199486 24.888340 38.261124
v -0.199485 24.888340 28.484957
v 2.837491 24.278538 18.708790
v 1.319003 24.278538 18.708790
v 1.319003 24.888340 18.708790
v 2.837491 24.888340 18.708790
v 4.355979 24.278538 38.261124
v 4.355979 24.278538 28.484957
v 4.355979 24.888340 28.484959
v 4.355979 24.888340 38.261124
v 1.319003 24.278538 48.037292
v 2.837491 24.278538 48.037292
v 2.837491 24.888340 48.037292
v 1.319002 24.888340 48.037292
v 2.837491 24.278538 14.262024
v 1.319003 24.278538 14.262024
v 1.319003 24.888340 14.262024
v 2.837491 24.888340 14.262024
v -0.199485 24.888340 17.226534
v -0.199485 24.888340 15.744279
v -0.199485 24.278538 15.744279
v -0.199485 24.278538 17.226534
v 4.355979 24.278538 17.226534
v 4.355979 24.278538 15.744279
v 4.355979 24.888340 15.744279
v 4.355979 24.888340 17.226534
v 33.507244 24.278538 17.226534
v 33.507244 24.278538 15.744279
v 33.507244 24.888340 15.744279
v 33.507244 24.888340 17.226534
v 14.073068 24.888340 18.708790
v 23.790157 24.888340 18.708790
v 23.790155 24.888340 14.262024
v 14.073067 24.888340 14.262024
v 14.073068 24.278538 18.708790
v 23.790157 24.278538 18.708790
v 23.790155 24.278538 14.262024
v 14.073067 24.278538 14.262024
v 23.790155 24.888340 51.818878
v 14.073067 24.888340 51.818878
v 23.790155 24.888340 48.037292
v 14.073067 24.888340 48.037292
v 23.790155 24.278538 51.818878
v 14.073067 24.278538 51.818878
v 4.355979 24.278538 50.558350
v 4.355979 24.278538 49.297821
v -0.199486 24.888340 50.558350
v -0.199486 24.888340 49.297821
v 37.072189 24.888340 50.558350
v 37.072189 24.888340 49.297821
v 4.355979 24.888340 50.558350
v 4.355979 24.888340 49.297821
v 37.072189 24.278538 49.297821
v 37.072189 24.278538 50.558350
v 14.073068 24.278538 48.037292
v 23.790157 24.278538 48.037292
v -0.199486 24.278538 49.297821
v -0.199486 24.278538 50.558350
v 33.507244 24.888340 50.558350
v 33.507244 24.888340 49.297821
v 35.883873 24.888340 51.818878
v 34.695557 24.888340 51.818878
v 1.319003 24.278538 51.818878
v 2.837491 24.278538 51.818878
v 33.507244 24.888340 38.261124
v 33.507244 24.888340 28.484957
v 37.072189 24.888340 28.484959
v 37.072189 24.888340 38.261124
v 33.507244 24.278538 49.297821
v 33.507244 24.278538 50.558350
v 35.883873 24.278538 51.818878
v 34.695557 24.278538 51.818878
v 35.883873 24.888340 48.037292
v 34.695557 24.888340 48.037292
v 35.883873 24.888340 14.262024
v 34.695557 24.888340 14.262024
v 35.883873 24.888340 18.708790
v 34.695557 24.888340 18.708790
v 2.837491 24.888340 51.818878
v 1.319002 24.888340 51.818878
v 33.507244 24.278538 38.261124
v 33.507244 24.278538 28.484957
v 35.883873 24.278538 48.037292
v 34.695557 24.278538 48.037292
v 37.072189 24.888340 15.744279
v 37.072189 24.888340 17.226534
v 37.072189 24.278538 17.226534
v 37.072189 24.278538 15.744279
v 34.695560 24.278538 14.262024
v 35.883873 24.278538 14.262024
v 37.072189 24.278538 28.484959
v 37.072189 24.278538 38.261124
v 35.883873 24.278538 18.708790
v 34.695557 24.278538 18.708790
v -0.199485 33.407822 28.484959
v -0.199486 33.407822 38.261124
v -0.199486 34.017624 38.261124
v -0.199485 34.017624 28.484957
v 2.837491 33.407822 18.708790
v 1.319003 33.407822 18.708790
v 1.319003 34.017624 18.708790
v 2.837491 34.017624 18.708790
v 4.355979 33.407822 38.261124
v 4.355979 33.407822 28.484957
v 4.355979 34.017624 28.484959
v 4.355979 34.017624 38.261124
v 1.319003 33.407822 48.037292
v 2.837491 33.407822 48.037292
v 2.837491 34.017624 48.037292
v 1.319002 34.017624 48.037292
v 2.837491 33.407822 14.262024
v 1.319003 33.407822 14.262024
v 1.319003 34.017624 14.262024
v 2.837491 34.017624 14.262024
v -0.199485 34.017624 17.226534
v -0.199485 34.017624 15.744279
v -0.199485 33.407822 15.744279
v -0.199485 33.407822 17.226534
v 4.355979 33.407822 17.226534
v 4.355979 33.407822 15.744279
v 4.355979 34.017624 15.744279
v 4.355979 34.017624 17.226534
v 33.507244 33.407822 17.226534
v 33.507244 33.407822 15.744279
v 33.507244 34.017624 15.744279
v 33.507244 34.017624 17.226534
v 14.073068 34.017624 18.708790
v 23.790157 34.017624 18.708790
v 23.790155 34.017624 14.262024
v 14.073067 34.017624 14.262024
v 14.073068 33.407822 18.708790
v 23.790157 33.407822 18.708790
v 23.790155 33.407822 14.262024
v 14.073067 33.407822 14.262024
v 23.790155 34.017624 51.818878
v 14.073067 34.017624 51.818878
v 23.790155 34.017624 48.037292
v 14.073067 34.017624 48.037292
v 23.790155 33.407822 51.818878
v 14.073067 33.407822 51.818878
v 4.355979 33.407822 50.558350
v 4.355979 33.407822 49.297821
v -0.199486 34.017624 50.558350
v -0.199486 34.017624 49.297821
v 37.072189 34.017624 50.558350
v 37.072189 34.017624 49.297821
v 4.355979 34.017624 50.558350
v 4.355979 34.017624 49.297821
v 37.072189 33.407822 49.297821
v 37.072189 33.407822 50.558350
v 14.073068 33.407822 48.037292
v 23.790157 33.407822 48.037292
v -0.199486 33.407822 49.297821
v -0.199486 33.407822 50.558350
v 33.507244 34.017624 50.558350
v 33.507244 34.017624 49.297821
v 35.883873 34.017624 51.818878
v 34.695557 34.017624 51.818878
v 1.319003 33.407822 51.818878
v 2.837491 33.407822 51.818878
v 33.507244 34.017624 38.261124
v 33.507244 34.017624 28.484957
v 37.072189 34.017624 28.484959
v 37.072189 34.017624 38.261124
v 33.507244 33.407822 49.297821
v 33.507244 33.407822 50.558350
v 35.883873 33.407822 51.818878
v 34.695557 33.407822 51.818878
v 35.883873 34.017624 48.037292
v 34.695557 34.017624 48.037292
v 35.883873 34.017624 14.262024
v 34.695557 34.017624 14.262024
v 35.883873 34.017624 18.708790
v 34.695557 34.017624 18.708790
v 2.837491 34.017624 51.818878
v 1.319002 34.017624 51.818878
v 33.507244 33.407822 38.261124
v 33.507244 33.407822 28.484957
v 35.883873 33.407822 48.037292
v 34.695557 33.407822 48.037292
v 37.072189 34.017624 15.744279
v 37.072189 34.017624 17.226534
v 37.072189 33.407822 17.226534
v 37.072189 33.407822 15.744279
v 34.695560 33.407822 14.262024
v 35.883873 33.407822 14.262024
v 37.072189 33.407822 28.484959
v 37.072189 33.407822 38.261124
v 35.883873 33.407822 18.708790
v 34.695557 33.407822 18.708790
v -0.199485 41.782936 28.484959
v -0.199486 41.782936 38.261124
v -0.199486 42.392735 38.261124
v -0.199485 42.392735 28.484957
v 2.837491 41.782936 18.708790
v 1.319003 41.782936 18.708790
v 1.319003 42.392735 18.708790
v 2.837491 42.392735 18.708790
v 4.355979 41.782936 38.261124
v 4.355979 41.782936 28.484957
v 4.355979 42.392735 28.484959
v 4.355979 42.392735 38.261124
v 1.319003 41.782936 48.037292
v 2.837491 41.782936 48.037292
v 2.837491 42.392735 48.037292
v 1.319002 42.392735 48.037292
v 2.837491 41.782936 14.262024
v 1.319003 41.782936 14.262024
v 1.319003 42.392735 14.262024
v 2.837491 42.392735 14.262024
v -0.199485 42.392735 17.226534
v -0.199485 42.392735 15.744279
v -0.199485 41.782936 15.744279
v -0.199485 41.782936 17.226534
v 4.355979 41.782936 17.226534
v 4.355979 41.782936 15.744279
v 4.355979 42.392735 15.744279
v 4.355979 42.392735 17.226534
v 33.507244 41.782936 17.226534
v 33.507244 41.782936 15.744279
v 33.507244 42.392735 15.744279
v 33.507244 42.392735 17.226534
v 14.073068 42.392735 18.708790
v 23.790157 42.392735 18.708790
v 23.790155 42.392735 14.262024
v 14.073067 42.392735 14.262024
v 14.073068 41.782936 18.708790
v 23.790157 41.782936 18.708790
v 23.790155 41.782936 14.262024
v 14.073067 41.782936 14.262024
v 23.790155 42.392735 51.818878
v 14.073067 42.392735 51.818878
v 23.790155 42.392735 48.037292
v 14.073067 42.392735 48.037292
v 23.790155 41.782936 51.818878
v 14.073067 41.782936 51.818878
v 4.355979 41.782936 50.558350
v 4.355979 41.782936 49.297821
v -0.199486 42.392735 50.558350
v -0.199486 42.392735 49.297821
v 37.072189 42.392735 50.558350
v 37.072189 42.392735 49.297821
v 4.355979 42.392735 50.558350
v 4.355979 42.392735 49.297821
v 37.072189 41.782936 49.297821
v 37.072189 41.782936 50.558350
v 14.073068 41.782936 48.037292
v 23.790157 41.782936 48.037292
v -0.199486 41.782936 49.297821
v -0.199486 41.782936 50.558350
v 33.507244 42.392735 50.558350
v 33.507244 42.392735 49.297821
v 35.883873 42.392735 51.818878
v 34.695557 42.392735 51.818878
v 1.319003 41.782936 51.818878
v 2.837491 41.782936 51.818878
v 33.507244 42.392735 38.261124
v 33.507244 42.392735 28.484957
v 37.072189 42.392735 28.484959
v 37.072189 42.392735 38.261124
v 33.507244 41.782936 49.297821
v 33.507244 41.782936 50.558350
v 35.883873 41.782936 51.818878
v 34.695557 41.782936 51.818878
v 35.883873 42.392735 48.037292
v 34.695557 42.392735 48.037292
v 35.883873 42.392735 14.262024
v 34.695557 42.392735 14.262024
v 35.883873 42.392735 18.708790
v 34.695557 42.392735 18.708790
v 2.837491 42.392735 51.818878
v 1.319002 42.392735 51.818878
v 33.507244 41.782936 38.261124
v 33.507244 41.782936 28.484957
v 35.883873 41.782936 48.037292
v 34.695557 41.782936 48.037292
v 37.072189 42.392735 15.744279
v 37.072189 42.392735 17.226534
v 37.072189 41.782936 17.226534
v 37.072189 41.782936 15.744279
v 34.695560 41.782936 14.262024
v 35.883873 41.782936 14.262024
v 37.072189 41.782936 28.484959
v 37.072189 41.782936 38.261124
v 35.883873 41.782936 18.708790
v 34.695557 41.782936 18.708790
v -0.199485 50.417000 28.484959
v -0.199486 50.417000 38.261124
v -0.199486 51.026798 38.261124
v -0.199485 51.026798 28.484957
v 2.837491 50.417000 18.708790
v 1.319003 50.417000 18.708790
v 1.319003 51.026798 18.708790
v 2.837491 51.026798 18.708790
v 4.355979 50.417000 38.261124
v 4.355979 50.417000 28.484957
v 4.355979 51.026798 28.484959
v 4.355979 51.026798 38.261124
v 1.319003 50.417000 48.037292
v 2.837491 50.417000 48.037292
v 2.837491 51.026798 48.037292
v 1.319002 51.026798 48.037292
v 2.837491 50.417000 14.262024
v 1.319003 50.417000 14.262024
v 1.319003 51.026798 14.262024
v 2.837491 51.026798 14.262024
v -0.199485 51.026798 17.226534
v -0.199485 51.026798 15.744279
v -0.199485 50.417000 15.744279
v -0.199485 50.417000 17.226534
v 4.355979 50.417000 17.226534
v 4.355979 50.417000 15.744279
v 4.355979 51.026798 15.744279
v 4.355979 51.026798 17.226534
v 33.507244 50.417000 17.226534
v 33.507244 50.417000 15.744279
v 33.507244 51.026798 15.744279
v 33.507244 51.026798 17.226534
v 14.073068 51.026798 18.708790
v 23.790157 51.026798 18.708790
v 23.790155 51.026798 14.262024
v 14.073067 51.026798 14.262024
v 14.073068 50.417000 18.708790
v 23.790157 50.417000 18.708790
v 23.790155 50.417000 14.262024
v 14.073067 50.417000 14.262024
v 23.790155 51.026798 51.818878
v 14.073067 51.026798 51.818878
v 23.790155 51.026798 48.037292
v 14.073067 51.026798 48.037292
v 23.790155 50.417000 51.818878
v 14.073067 50.417000 51.818878
v 4.355979 50.417000 50.558350
v 4.355979 50.417000 49.297821
v -0.199486 51.026798 50.558350
v -0.199486 51.026798 49.297821
v 37.072189 51.026798 50.558350
v 37.072189 51.026798 49.297821
v 4.355979 51.026798 50.558350
v 4.355979 51.026798 49.297821
v 37.072189 50.417000 49.297821
v 37.072189 50.417000 50.558350
v 14.073068 50.417000 48.037292
v 23.790157 50.417000 48.037292
v -0.199486 50.417000 49.297821
v -0.199486 50.417000 50.558350
v 33.507244 51.026798 50.558350
v 33.507244 51.026798 49.297821
v 35.883873 51.026798 51.818878
v 34.695557 51.026798 51.818878
v 1.319003 50.417000 51.818878
v 2.837491 50.417000 51.818878
v 33.507244 51.026798 38.261124
v 33.507244 51.026798 28.484957
v 37.072189 51.026798 28.484959
v 37.072189 51.026798 38.261124
v 33.507244 50.417000 49.297821
v 33.507244 50.417000 50.558350
v 35.883873 50.417000 51.818878
v 34.695557 50.417000 51.818878
v 35.883873 51.026798 48.037292
v 34.695557 51.026798 48.037292
v 35.883873 51.026798 14.262024
v 34.695557 51.026798 14.262024
v 35.883873 51.026798 18.708790
v 34.695557 51.026798 18.708790
v 2.837491 51.026798 51.818878
v 1.319002 51.026798 51.818878
v 33.507244 50.417000 38.261124
v 33.507244 50.417000 28.484957
v 35.883873 50.417000 48.037292
v 34.695557 50.417000 48.037292
v 37.072189 51.026798 15.744279
v 37.072189 51.026798 17.226534
v 37.072189 50.417000 17.226534
v 37.072189 50.417000 15.744279
v 34.695560 50.417000 14.262024
v 35.883873 50.417000 14.262024
v 37.072189 50.417000 28.484959
v 37.072189 50.417000 38.261124
v 35.883873 50.417000 18.708790
v 34.695557 50.417000 18.708790
v -0.199485 58.981102 28.484959
v -0.199486 58.981102 38.261124
v -0.199486 59.590897 38.261124
v -0.199485 59.590897 28.484957
v 2.837491 58.981102 18.708790
v 1.319003 58.981102 18.708790
v 1.319003 59.590897 18.708790
v 2.837491 59.590897 18.708790
v 4.355979 58.981102 38.261124
v 4.355979 58.981102 28.484957
v 4.355979 59.590897 28.484959
v 4.355979 59.590897 38.261124
v 1.319003 58.981102 48.037292
v 2.837491 58.981102 48.037292
v 2.837491 59.590897 48.037292
v 1.319002 59.590897 48.037292
v 2.837491 58.981102 14.262024
v 1.319003 58.981102 14.262024
v 1.319003 59.590897 14.262024
v 2.837491 59.590897 14.262024
v -0.199485 59.590897 17.226534
v -0.199485 59.590897 15.744279
v -0.199485 58.981102 15.744279
v -0.199485 58.981102 17.226534
v 4.355979 58.981102 17.226534
v 4.355979 58.981102 15.744279
v 4.355979 59.590897 15.744279
v 4.355979 59.590897 17.226534
v 33.507244 58.981102 17.226534
v 33.507244 58.981102 15.744279
v 33.507244 59.590897 15.744279
v 33.507244 59.590897 17.226534
v 14.073068 59.590897 18.708790
v 23.790157 59.590897 18.708790
v 23.790155 59.590897 14.262024
v 14.073067 59.590897 14.262024
v 14.073068 58.981102 18.708790
v 23.790157 58.981102 18.708790
v 23.790155 58.981102 14.262024
v 14.073067 58.981102 14.262024
v 23.790155 59.590897 51.818878
v 14.073067 59.590897 51.818878
v 23.790155 59.590897 48.037292
v 14.073067 59.590897 48.037292
v 23.790155 58.981102 51.818878
v 14.073067 58.981102 51.818878
v 4.355979 58.981102 50.558350
v 4.355979 58.981102 49.297821
v -0.199486 59.590897 50.558350
v -0.199486 59.590897 49.297821
v 37.072189 59.590897 50.558350
v 37.072189 59.590897 49.297821
v 4.355979 59.590897 50.558350
v 4.355979 59.590897 49.297821
v 37.072189 58.981102 49.297821
v 37.072189 58.981102 50.558350
v 14.073068 58.981102 48.037292
v 23.790157 58.981102 48.037292
v -0.199486 58.981102 49.297821
v -0.199486 58.981102 50.558350
v 33.507244 59.590897 50.558350
v 33.507244 59.590897 49.297821
v 35.883873 59.590897 51.818878
v 34.695557 59.590897 51.818878
v 1.319003 58.981102 51.818878
v 2.837491 58.981102 51.818878
v 33.507244 59.590897 38.261124
v 33.507244 59.590897 28.484957
v 37.072189 59.590897 28.484959
v 37.072189 59.590897 38.261124
v 33.507244 58.981102 49.297821
v 33.507244 58.981102 50.558350
v 35.883873 58.981102 51.818878
v 34.695557 58.981102 51.818878
v 35.883873 59.590897 48.037292
v 34.695557 59.590897 48.037292
v 35.883873 59.590897 14.262024
v 34.695557 59.590897 14.262024
v 35.883873 59.590897 18.708790
v 34.695557 59.590897 18.708790
v 2.837491 59.590897 51.818878
v 1.319002 59.590897 51.818878
v 33.507244 58.981102 38.261124
v 33.507244 58.981102 28.484957
v 35.883873 58.981102 48.037292
v 34.695557 58.981102 48.037292
v 37.072189 59.590897 15.744279
v 37.072189 59.590897 17.226534
v 37.072189 58.981102 17.226534
v 37.072189 58.981102 15.744279
v 34.695560 58.981102 14.262024
v 35.883873 58.981102 14.262024
v 37.072189 58.981102 28.484959
v 37.072189 58.981102 38.261124
v 35.883873 58.981102 18.708790
v 34.695557 58.981102 18.708790
v -0.199485 67.732246 28.484959
v -0.199486 67.732246 38.261124
v -0.199486 68.342049 38.261124
v -0.199485 68.342049 28.484957
v 2.837491 67.732246 18.708790
v 1.319003 67.732246 18.708790
v 1.319003 68.342049 18.708790
v 2.837491 68.342049 18.708790
v 4.355979 67.732246 38.261124
v 4.355979 67.732246 28.484957
v 4.355979 68.342049 28.484959
v 4.355979 68.342049 38.261124
v 1.319003 67.732246 48.037292
v 2.837491 67.732246 48.037292
v 2.837491 68.342049 48.037292
v 1.319002 68.342049 48.037292
v 2.837491 67.732246 14.262024
v 1.319003 67.732246 14.262024
v 1.319003 68.342049 14.262024
v 2.837491 68.342049 14.262024
v -0.199485 68.342049 17.226534
v -0.199485 68.342049 15.744279
v -0.199485 67.732246 15.744279
v -0.199485 67.732246 17.226534
v 4.355979 67.732246 17.226534
v 4.355979 67.732246 15.744279
v 4.355979 68.342049 15.744279
v 4.355979 68.342049 17.226534
v 33.507244 67.732246 17.226534
v 33.507244 67.732246 15.744279
v 33.507244 68.342049 15.744279
v 33.507244 68.342049 17.226534
v 14.073068 68.342049 18.708790
v 23.790157 68.342049 18.708790
v 23.790155 68.342049 14.262024
v 14.073067 68.342049 14.262024
v 14.073068 67.732246 18.708790
v 23.790157 67.732246 18.708790
v 23.790155 67.732246 14.262024
v 14.073067 67.732246 14.262024
v 23.790155 68.342049 51.818878
v 14.073067 68.342049 51.818878
v 23.790155 68.342049 48.037292
v 14.073067 68.342049 48.037292
v 23.790155 67.732246 51.818878
v 14.073067 67.732246 51.818878
v 4.355979 67.732246 50.558350
v 4.355979 67.732246 49.297821
v -0.199486 68.342049 50.558350
v -0.199486 68.342049 49.297821
v 37.072189 68.342049 50.558350
v 37.072189 68.342049 49.297821
v 4.355979 68.342049 50.558350
v 4.355979 68.342049 49.297821
v 37.072189 67.732246 49.297821
v 37.072189 67.732246 50.558350
v 14.073068 67.732246 48.037292
v 23.790157 67.732246 48.037292
v -0.199486 67.732246 49.297821
v -0.199486 67.732246 50.558350
v 33.507244 68.342049 50.558350
v 33.507244 68.342049 49.297821
v 37.072189 68.138779 51.818878
v 37.072189 67.935516 51.818878
v 35.883873 68.342049 51.818878
v 34.695557 68.342049 51.818878
v 1.319003 67.732246 51.818878
v 2.837491 67.732246 51.818878
v 33.507244 67.732246 49.297821
v 33.507244 67.732246 50.558350
v 35.883873 67.732246 51.818878
v 34.695557 67.732246 51.818878
v 35.883873 68.342049 48.037292
v 34.695557 68.342049 48.037292
v 35.883873 68.342049 14.262024
v 34.695557 68.342049 14.262024
v 35.883873 68.342049 18.708790
v 34.695557 68.342049 18.708790
v 2.837491 68.342049 51.818878
v 1.319002 68.342049 51.818878
v 35.883873 67.732246 48.037292
v 34.695557 67.732246 48.037292
v 37.072189 68.342049 15.744279
v 37.072189 68.342049 17.226534
v 37.072189 68.138779 18.708790
v 37.072189 67.935516 18.708790
v 37.072189 68.138779 14.262024
v 37.072189 67.935516 14.262024
v 37.072189 67.732246 17.226534
v 37.072189 67.732246 15.744279
v 37.072189 68.138779 48.037292
v 37.072189 67.935516 48.037292
v 34.695560 67.732246 14.262024
v 35.883873 67.732246 14.262024
v 35.883873 67.732246 18.708790
v 34.695557 67.732246 18.708790
v 65.725021 -0.040688 19.409048
v 59.194809 -0.040688 36.688675
v -16.453876 -0.040688 -62.769909
v -33.733513 -0.040688 -56.239708
v -16.453918 -0.040688 67.028671
v -33.733543 -0.040688 60.498459
v -64.073563 -0.040688 -15.150257
v -57.543354 -0.040688 -32.429878
v 59.194847 -0.040688 -32.429852
v 65.725037 -0.040688 -15.150217
v -57.543369 -0.040688 36.688622
v -64.073570 -0.040688 19.408995
v 35.385021 -0.040688 -56.239697
v 18.105391 -0.040688 -62.769905
v 35.384964 -0.040688 60.498501
v 18.105333 -0.040688 67.028694
v 65.725021 12.503980 19.409048
v 59.194809 12.503980 36.688675
v -16.453876 12.503980 -62.769909
v -33.733513 12.503980 -56.239708
v -16.453918 12.503980 67.028671
v -33.733543 12.503980 60.498459
v -64.073563 12.503980 -15.150257
v -57.543354 12.503980 -32.429878
v 59.194847 12.503980 -32.429852
v 65.725037 12.503980 -15.150217
v -57.543369 12.503980 36.688622
v -64.073570 12.503980 19.408995
v 35.385021 12.503980 -56.239697
v 18.105391 12.503980 -62.769905
v 35.384964 12.503980 60.498501
v 18.105333 12.503980 67.028694
v 52.664654 8.322424 -49.709488
v 52.664654 4.140868 -49.709488
v 0.825759 4.140868 -69.300110
v 0.825759 8.322424 -69.300110
v -70.603775 8.322424 2.129368
v -70.603775 4.140868 2.129368
v -51.013145 4.140868 -49.709503
v -51.013145 8.322424 -49.709503
v 72.255234 4.140868 2.129417
v 72.255234 8.322424 2.129417
v 52.664593 8.322424 53.968307
v 52.664593 4.140868 53.968307
v 0.825704 4.140868 73.558884
v 0.825704 8.322424 73.558884
v -51.013165 8.322424 53.968250
v -51.013165 4.140868 53.968250
v -22.318882 0.221472 -37.883865
v -22.318882 0.221472 -28.139641
v 7.624810 52.688992 -48.339111
v 7.269299 51.664925 -47.983601
v -23.385414 116.119919 -27.784128
v -23.385414 116.119919 -38.239376
v -22.318882 3.193227 -47.628090
v -22.318882 1.707350 -47.628090
v -2.830436 0.221472 -47.628090
v -12.574659 0.221472 -47.628090
v -12.930169 116.119919 -48.694622
v -2.474924 116.119919 -48.694622
v 6.913787 3.193227 -47.628090
v 6.913787 1.707350 -47.628090
v 6.913787 0.221472 -28.139641
v 6.913787 0.221472 -37.883865
v 7.980321 116.119919 -38.239372
v 7.980321 116.119919 -27.784126
v 6.913787 3.193227 -18.395416
v 6.913787 1.707350 -18.395416
v -12.574658 0.221472 -18.395416
v -2.830436 0.221472 -18.395416
v -2.474924 116.119919 -17.328880
v -12.930169 116.119919 -17.328880
v -58.626503 0.221475 -10.619000
v -58.626503 0.221475 -0.874778
v -58.626503 5.113582 8.869446
v -58.626503 10.005688 8.869446
v -58.626503 14.897795 -0.874778
v -58.626503 14.897795 -10.619000
v -58.626503 10.005688 -20.363224
v -58.626503 5.113581 -20.363224
v -39.138054 0.221475 -20.363224
v -48.882278 0.221475 -20.363224
v -48.882278 14.897795 -20.363224
v -39.138054 14.897795 -20.363224
v -29.393829 10.005688 -20.363224
v -29.393829 5.113581 -20.363224
v -29.393829 0.221475 -0.874778
v -29.393829 0.221475 -10.619000
v -29.393829 14.897795 -10.619000
v -29.393829 14.897795 -0.874778
v -29.393829 10.005688 8.869446
v -29.393829 5.113581 8.869446
v -48.882278 0.221475 8.869446
v -39.138054 0.221475 8.869446
v -39.138054 14.897795 8.869446
v -48.882278 14.897795 8.869446
v -39.071117 0.221476 27.577171
v -39.071117 0.221476 37.321396
v -39.071117 13.321621 47.065620
v -39.071117 26.421766 47.065620
v -39.071117 39.521912 37.321396
v -39.071117 39.521912 27.577171
v -39.071117 26.421766 17.832945
v -39.071117 13.321621 17.832945
v -19.582670 0.221476 17.832945
v -29.326893 0.221476 17.832945
v -29.326893 39.521912 17.832945
v -19.582670 39.521912 17.832945
v -9.838447 26.421766 17.832945
v -9.838447 13.321621 17.832945
v -9.838447 0.221476 37.321396
v -9.838447 0.221476 27.577171
v -9.838447 39.521912 27.577171
v -9.838447 39.521912 37.321396
v -9.838447 26.421766 47.065620
v -9.838447 13.321621 47.065620
v -29.326893 0.221476 47.065620
v -19.582670 0.221476 47.065620
v -19.582670 39.521912 47.065620
v -29.326893 39.521912 47.065620
v -52.998299 0.221476 27.577171
v -52.998299 0.221476 37.321396
v -52.998299 8.053093 47.065620
v -52.998299 15.884708 47.065620
v -52.998299 23.716324 37.321396
v -52.998299 23.716324 27.577171
v -52.998299 15.884707 17.832945
v -52.998299 8.053092 17.832945
v -45.098522 0.221476 17.832945
v -49.048409 0.221476 17.832945
v -49.048409 23.716324 17.832945
v -45.098518 23.716324 17.832945
v -41.148632 15.884707 17.832945
v -41.148632 8.053092 17.832945
v -41.148632 0.221476 37.321396
v -41.148632 0.221476 27.577171
v -41.148632 23.716324 27.577171
v -41.148632 23.716324 37.321396
v -41.148632 15.884707 47.065620
v -41.148632 8.053092 47.065620
v -49.048409 0.221476 47.065620
v -45.098518 0.221476 47.065620
v -45.098522 23.716324 47.065620
v -49.048409 23.716324 47.065620
v -22.318882 1.707350 -18.395416
v -22.318882 3.193227 -18.395416
v 7.269299 51.664925 -18.039904
v 7.624810 52.688988 -17.684391
v -22.318882 8.574487 -18.395416
v -22.318882 11.084429 -18.395416
v -23.029903 58.170685 -48.339111
v -22.674393 58.170685 -47.983601
v -22.318882 17.489752 -18.395416
v -22.318882 19.999695 -18.395416
v -22.674393 58.170700 -18.039904
v -23.029903 58.170700 -17.684391
v -22.318882 26.405016 -18.395416
v -22.318882 28.914959 -18.395416
v 7.624810 49.255424 -17.684393
v 7.269299 49.255424 -18.039906
v -22.318882 35.320282 -18.395416
v -22.318882 37.830223 -18.395416
v 7.269299 49.255424 -47.983601
v 7.624810 49.255424 -48.339111
v -22.318882 44.235550 -18.395416
v -22.318882 46.745491 -18.395416
v -23.029903 52.689003 -17.684393
v -22.674393 51.664940 -18.039906
v -22.318882 53.150814 -18.395416
v -22.318882 55.660759 -18.395416
v -22.674393 51.664925 -47.983601
v -23.029903 52.688988 -48.339111
v -22.318882 62.066082 -18.395416
v -22.318882 64.576027 -18.395416
v 7.624810 43.773727 -48.339111
v 7.269299 42.749664 -47.983601
v -22.318882 70.981346 -18.395416
v -22.318882 73.491287 -18.395416
v 7.269299 42.749660 -18.039904
v 7.624810 43.773727 -17.684391
v -22.318882 79.896614 -18.395416
v -22.318882 82.406555 -18.395416
v -23.029903 49.255424 -48.339111
v -22.674393 49.255424 -47.983601
v -22.318882 88.811882 -18.395416
v -22.318882 91.321823 -18.395416
v -22.674393 49.255432 -18.039904
v -23.029903 49.255432 -17.684391
v -22.318882 97.727150 -18.395416
v -22.318882 100.237091 -18.395416
v 7.624810 40.340160 -17.684393
v 7.269299 40.340160 -18.039906
v -22.318882 106.642403 -18.395416
v -22.318882 109.152344 -18.395416
v 7.269299 40.340160 -47.983601
v 7.624810 40.340160 -48.339111
v -22.318882 109.152344 -47.628090
v -22.318882 106.642403 -47.628090
v -23.029903 43.773739 -17.684393
v -22.674393 42.749672 -18.039906
v -22.318882 100.237076 -47.628090
v -22.318882 97.727135 -47.628090
v -22.674393 42.749660 -47.983601
v -23.029903 43.773727 -48.339111
v -22.318882 91.321808 -47.628090
v -22.318882 88.811867 -47.628090
v 7.624810 34.858467 -48.339111
v 7.269299 33.834404 -47.983601
v -22.318882 82.406540 -47.628090
v -22.318882 79.896599 -47.628090
v 7.269299 33.834400 -18.039904
v 7.624810 34.858467 -17.684391
v -22.318882 73.491272 -47.628090
v -22.318882 70.981331 -47.628090
v -23.029903 40.340160 -48.339111
v -22.674393 40.340160 -47.983601
v -22.318882 64.576004 -47.628090
v -22.318882 62.066063 -47.628090
v -22.674393 40.340168 -18.039904
v -23.029903 40.340168 -17.684391
v -22.318882 55.660744 -47.628090
v -22.318882 53.150803 -47.628090
v 7.624810 31.424898 -17.684393
v 7.269299 31.424898 -18.039906
v -22.318882 46.745483 -47.628090
v -22.318882 44.235542 -47.628090
v 7.269299 31.424898 -47.983601
v 7.624810 31.424898 -48.339111
v -22.318882 37.830219 -47.628090
v -22.318882 35.320278 -47.628090
v -23.029903 34.858471 -17.684393
v -22.674393 33.834404 -18.039906
v -22.318882 28.914957 -47.628090
v -22.318882 26.405014 -47.628090
v -22.674393 33.834400 -47.983601
v -23.029903 34.858467 -48.339111
v -22.318882 19.999693 -47.628090
v -22.318882 17.489750 -47.628090
v 7.624810 25.943201 -48.339111
v 7.269299 24.919136 -47.983601
v -22.318882 11.084428 -47.628090
v -22.318882 8.574486 -47.628090
v 7.269299 24.919138 -18.039904
v 7.624810 25.943203 -17.684391
v -23.029903 31.424898 -48.339111
v -22.674393 31.424898 -47.983601
v 6.913787 109.152344 -47.628090
v 6.913787 106.642403 -47.628090
v -22.674393 31.424900 -18.039904
v -23.029903 31.424900 -17.684391
v 6.913787 100.237076 -47.628090
v 6.913787 97.727135 -47.628090
v 7.624810 22.509632 -17.684393
v 7.269299 22.509632 -18.039906
v 6.913787 91.321808 -47.628090
v 6.913787 88.811867 -47.628090
v 7.269299 22.509634 -47.983601
v 7.624810 22.509632 -48.339111
v 6.913787 82.406540 -47.628090
v 6.913787 79.896599 -47.628090
v -23.029903 25.943203 -17.684393
v -22.674393 24.919140 -18.039906
v 6.913787 73.491272 -47.628090
v 6.913787 70.981331 -47.628090
v -22.674393 24.919138 -47.983601
v -23.029903 25.943203 -48.339111
v 6.913787 64.576004 -47.628090
v 6.913787 62.066063 -47.628090
v 7.624810 17.027937 -48.339111
v 7.269299 16.003872 -47.983601
v 6.913787 55.660744 -47.628090
v 6.913787 53.150803 -47.628090
v 7.269299 16.003874 -18.039904
v 7.624810 17.027939 -17.684391
v 6.913787 46.745483 -47.628090
v 6.913787 44.235542 -47.628090
v -23.029903 22.509632 -48.339111
v -22.674393 22.509632 -47.983601
v 6.913787 37.830219 -47.628090
v 6.913787 35.320278 -47.628090
v -22.674393 22.509636 -18.039904
v -23.029903 22.509636 -17.684391
v 6.913787 28.914957 -47.628090
v 6.913787 26.405014 -47.628090
v 7.624810 13.594371 -17.684393
v 7.269299 13.594370 -18.039906
v 6.913787 19.999693 -47.628090
v 6.913787 17.489750 -47.628090
v 7.269299 13.594371 -47.983601
v 7.624810 13.594372 -48.339111
v 6.913787 11.084428 -47.628090
v 6.913787 8.574486 -47.628090
v -23.029903 17.027941 -17.684393
v -22.674393 16.003876 -18.039906
v -22.674393 16.003874 -47.983601
v -23.029903 17.027939 -48.339111
v 6.913787 109.152344 -18.395416
v 6.913787 106.642403 -18.395416
v 7.624810 8.112673 -48.339111
v 7.269299 7.088608 -47.983601
v 6.913787 100.237076 -18.395416
v 6.913787 97.727135 -18.395416
v 7.269299 7.088609 -18.039904
v 7.624810 8.112673 -17.684391
v 6.913787 91.321808 -18.395416
v 6.913787 88.811867 -18.395416
v -23.029903 13.594371 -48.339111
v -22.674393 13.594370 -47.983601
v 6.913787 82.406540 -18.395416
v 6.913787 79.896599 -18.395416
v -22.674393 13.594371 -18.039904
v -23.029903 13.594372 -17.684391
v 6.913787 73.491272 -18.395416
v 6.913787 70.981331 -18.395416
v 7.624810 4.679104 -17.684393
v 7.269299 4.679105 -18.039906
v 6.913787 64.576004 -18.395416
v 6.913787 62.066063 -18.395416
v 7.269299 4.679104 -47.983601
v 7.624810 4.679104 -48.339111
v 6.913787 55.660744 -18.395416
v 6.913787 53.150803 -18.395416
v -23.029903 8.112674 -17.684393
v -22.674393 7.088609 -18.039906
v 6.913787 46.745483 -18.395416
v 6.913787 44.235542 -18.395416
v -22.674393 7.088609 -47.983601
v -23.029903 8.112673 -48.339111
v 6.913787 37.830219 -18.395416
v 6.913787 35.320278 -18.395416
v -23.029903 111.662292 -17.684393
v -22.674393 111.662292 -18.039906
v 6.913787 28.914957 -18.395416
v 6.913787 26.405014 -18.395416
v 7.269299 111.662285 -18.039904
v 7.624810 111.662285 -17.684391
v 6.913787 19.999693 -18.395416
v 6.913787 17.489750 -18.395416
v -23.029903 4.679104 -48.339111
v -22.674393 4.679105 -47.983601
v 6.913787 11.084428 -18.395416
v 6.913787 8.574486 -18.395416
v -22.674393 4.679104 -18.039904
v -23.029903 4.679104 -17.684391
v -2.830436 4.679105 -18.395416
v -12.574659 4.679105 -18.395416
v -2.830436 6.064544 -18.395416
v -12.574659 6.064545 -18.395416
v -2.830436 13.594370 -18.395416
v -12.574659 13.594370 -18.395416
v -2.830436 14.979810 -18.395416
v -12.574659 14.979811 -18.395416
v -2.830436 22.509634 -18.395416
v -12.574659 22.509636 -18.395416
v -2.830436 23.895073 -18.395416
v -12.574659 23.895073 -18.395416
v -2.830436 31.424898 -18.395416
v -12.574659 31.424900 -18.395416
v -2.830436 32.810337 -18.395416
v -12.574659 32.810341 -18.395416
v -2.830436 40.340164 -18.395416
v -12.574659 40.340164 -18.395416
v -2.830436 41.725601 -18.395416
v -12.574659 41.725605 -18.395416
v -2.830436 49.255428 -18.395416
v -12.574659 49.255432 -18.395416
v -2.830436 50.640865 -18.395416
v -12.574659 50.640869 -18.395416
v -2.830436 58.170689 -18.395416
v -12.574659 58.170692 -18.395416
v -2.830436 59.556129 -18.395416
v -12.574659 59.556137 -18.395416
v -2.830436 67.085953 -18.395416
v -12.574659 67.085960 -18.395416
v -2.830436 68.471397 -18.395416
v -12.574659 68.471405 -18.395416
v -2.830436 76.001221 -18.395416
v -12.574659 76.001228 -18.395416
v -2.830436 77.386665 -18.395416
v -12.574659 77.386673 -18.395416
v -2.830436 84.916489 -18.395416
v -12.574659 84.916496 -18.395416
v -2.830436 86.301933 -18.395416
v -12.574659 86.301941 -18.395416
v -2.830436 93.831757 -18.395416
v -12.574659 93.831764 -18.395416
v -2.830436 95.217201 -18.395416
v -12.574659 95.217209 -18.395416
v -2.830436 102.747017 -18.395416
v -12.574659 102.747025 -18.395416
v -2.830436 104.132462 -18.395416
v -12.574659 104.132462 -18.395416
v -2.830436 111.662285 -18.395416
v -12.574659 111.662292 -18.395416
v 6.913787 4.679105 -37.883865
v 6.913787 4.679105 -28.139641
v 6.913787 6.064544 -37.883865
v 6.913787 6.064544 -28.139641
v 6.913787 13.594370 -37.883865
v 6.913787 13.594370 -28.139641
v 6.913787 14.979809 -37.883865
v 6.913787 14.979809 -28.139641
v 6.913787 22.509634 -37.883865
v 6.913787 22.509634 -28.139641
v 6.913787 23.895073 -37.883865
v 6.913787 23.895073 -28.139641
v 6.913787 31.424898 -37.883865
v 6.913787 31.424898 -28.139641
v 6.913787 32.810337 -37.883865
v 6.913787 32.810337 -28.139641
v 6.913787 40.340160 -37.883865
v 6.913787 40.340160 -28.139641
v 6.913787 41.725597 -37.883865
v 6.913787 41.725597 -28.139641
v 6.913787 49.255424 -37.883865
v 6.913787 49.255424 -28.139641
v 6.913787 50.640862 -37.883865
v 6.913787 50.640862 -28.139641
v 6.913787 58.170685 -37.883865
v 6.913787 58.170685 -28.139641
v 6.913787 59.556122 -37.883865
v 6.913787 59.556122 -28.139641
v 6.913787 67.085945 -37.883865
v 6.913787 67.085945 -28.139641
v 6.913787 68.471390 -37.883865
v 6.913787 68.471390 -28.139641
v 6.913787 76.001213 -37.883865
v 6.913787 76.001213 -28.139641
v 6.913787 77.386658 -37.883865
v 6.913787 77.386658 -28.139641
v 6.913787 84.916481 -37.883865
v 6.913787 84.916481 -28.139641
v 6.913787 86.301926 -37.883865
v 6.913787 86.301926 -28.139641
v 6.913787 93.831749 -37.883865
v 6.913787 93.831749 -28.139641
v 6.913787 95.217194 -37.883865
v 6.913787 95.217194 -28.139641
v 6.913787 102.747017 -37.883865
v 6.913787 102.747017 -28.139641
v 6.913787 104.132462 -37.883865
v 6.913787 104.132462 -28.139641
v 6.913787 111.662285 -37.883865
v 6.913787 111.662285 -28.139641
v -12.574658 4.679105 -47.628090
v -2.830436 4.679105 -47.628090
v -12.574658 6.064544 -47.628090
v -2.830436 6.064544 -47.628090
v -12.574658 13.594370 -47.628090
v -2.830436 13.594370 -47.628090
v -12.574658 14.979809 -47.628090
v -2.830436 14.979809 -47.628090
v -12.574658 22.509634 -47.628090
v -2.830436 22.509634 -47.628090
v -12.574658 23.895073 -47.628090
v -2.830436 23.895073 -47.628090
v -12.574658 31.424898 -47.628090
v -2.830436 31.424898 -47.628090
v -12.574658 32.810337 -47.628090
v -2.830436 32.810337 -47.628090
v -12.574658 40.340160 -47.628090
v -2.830436 40.340160 -47.628090
v -12.574658 41.725597 -47.628090
v -2.830436 41.725597 -47.628090
v -12.574658 49.255424 -47.628090
v -2.830436 49.255424 -47.628090
v -12.574658 50.640862 -47.628090
v -2.830436 50.640862 -47.628090
v -12.574658 58.170685 -47.628090
v -2.830436 58.170685 -47.628090
v -12.574658 59.556122 -47.628090
v -2.830436 59.556122 -47.628090
v -12.574658 67.085945 -47.628090
v -2.830436 67.085945 -47.628090
v -12.574658 68.471390 -47.628090
v -2.830436 68.471390 -47.628090
v -12.574658 76.001213 -47.628090
v -2.830436 76.001213 -47.628090
v -12.574658 77.386658 -47.628090
v -2.830436 77.386658 -47.628090
v -12.574658 84.916481 -47.628090
v -2.830436 84.916481 -47.628090
v -12.574658 86.301926 -47.628090
v -2.830436 86.301926 -47.628090
v -12.574658 93.831749 -47.628090
v -2.830436 93.831749 -47.628090
v -12.574658 95.217194 -47.628090
v -2.830436 95.217194 -47.628090
v -12.574658 102.747017 -47.628090
v -2.830436 102.747017 -47.628090
v -12.574658 104.132462 -47.628090
v -2.830436 104.132462 -47.628090
v -12.574658 111.662285 -47.628090
v -2.830436 111.662285 -47.628090
v -22.318882 4.679105 -28.139641
v -22.318882 4.679105 -37.883865
v -22.318882 6.064544 -28.139641
v -22.318882 6.064544 -37.883865
v -22.318882 13.594371 -28.139641
v -22.318882 13.594370 -37.883865
v -22.318882 14.979810 -28.139641
v -22.318882 14.979809 -37.883865
v -22.318882 22.509636 -28.139641
v -22.318882 22.509636 -37.883865
v -22.318882 23.895075 -28.139641
v -22.318882 23.895073 -37.883865
v -22.318882 31.424900 -28.139641
v -22.318882 31.424900 -37.883865
v -22.318882 32.810341 -28.139641
v -22.318882 32.810341 -37.883865
v -22.318882 40.340164 -28.139641
v -22.318882 40.340164 -37.883865
v -22.318882 41.725605 -28.139641
v -22.318882 41.725601 -37.883865
v -22.318882 49.255428 -28.139641
v -22.318882 49.255424 -37.883865
v -22.318882 50.640869 -28.139641
v -22.318882 50.640865 -37.883865
v -22.318882 58.170696 -28.139641
v -22.318882 58.170692 -37.883865
v -22.318882 59.556133 -28.139641
v -22.318882 59.556129 -37.883865
v -22.318882 67.085960 -28.139641
v -22.318882 67.085953 -37.883865
v -22.318882 68.471397 -28.139641
v -22.318882 68.471390 -37.883865
v -22.318882 76.001228 -28.139641
v -22.318882 76.001221 -37.883865
v -22.318882 77.386665 -28.139641
v -22.318882 77.386658 -37.883865
v -22.318882 84.916496 -28.139641
v -22.318882 84.916489 -37.883865
v -22.318882 86.301933 -28.139641
v -22.318882 86.301926 -37.883865
v -22.318882 93.831764 -28.139641
v -22.318882 93.831757 -37.883865
v -22.318882 95.217201 -28.139641
v -22.318882 95.217194 -37.883865
v -22.318882 102.747025 -28.139641
v -22.318882 102.747025 -37.883865
v -22.318882 104.132462 -28.139641
v -22.318882 104.132462 -37.883865
v -22.318882 111.662292 -28.139641
v -22.318882 111.662292 -37.883865
v -23.385414 6.164982 -17.328880
v -23.385414 7.650860 -17.328880
v -23.385414 15.080250 -17.328880
v -23.385414 16.566128 -17.328880
v -23.385414 23.995512 -17.328880
v -23.385414 25.481388 -17.328880
v -23.385414 32.910778 -17.328880
v -23.385414 34.396656 -17.328880
v -23.385414 41.826046 -17.328880
v -23.385414 43.311924 -17.328880
v -23.385414 50.741310 -17.328880
v -23.385414 52.227188 -17.328880
v -23.385414 59.656578 -17.328880
v -23.385414 61.142456 -17.328880
v -23.385414 68.571846 -17.328880
v -23.385414 70.057724 -17.328880
v -23.385414 77.487114 -17.328880
v -23.385414 78.972992 -17.328880
v -23.385414 86.402382 -17.328880
v -23.385414 87.888260 -17.328880
v -23.385414 95.317650 -17.328880
v -23.385414 96.803528 -17.328880
v -23.385414 104.232903 -17.328880
v -23.385414 105.718781 -17.328880
v -23.385414 105.718773 -48.694622
v -23.385414 104.232895 -48.694622
v -23.385414 96.803505 -48.694622
v -23.385414 95.317627 -48.694622
v -23.385414 87.888237 -48.694622
v -23.385414 86.402359 -48.694622
v -23.385414 78.972969 -48.694622
v -23.385414 77.487091 -48.694622
v -23.385414 70.057701 -48.694622
v -23.385414 68.571823 -48.694622
v -23.385414 61.142437 -48.694622
v -23.385414 59.656563 -48.694622
v -23.385414 52.227177 -48.694622
v -23.385414 50.741302 -48.694622
v -23.385414 43.311913 -48.694622
v -23.385414 41.826035 -48.694622
v -23.385414 34.396652 -48.694622
v -23.385414 32.910774 -48.694622
v -23.385414 25.481388 -48.694622
v -23.385414 23.995510 -48.694622
v -23.385414 16.566126 -48.694622
v -23.385414 15.080249 -48.694622
v -23.385414 7.650860 -48.694622
v -23.385414 6.164982 -48.694622
v -23.385414 114.634041 -48.694622
v -23.385414 113.148163 -48.694622
v 7.980321 105.718773 -48.694622
v 7.980321 104.232895 -48.694622
v 7.980321 96.803505 -48.694622
v 7.980321 95.317627 -48.694622
v 7.980321 87.888237 -48.694622
v 7.980321 86.402359 -48.694622
v 7.980321 78.972969 -48.694622
v 7.980321 77.487091 -48.694622
v 7.980321 70.057701 -48.694622
v 7.980321 68.571823 -48.694622
v 7.980321 61.142437 -48.694622
v 7.980321 59.656563 -48.694622
v 7.980321 52.227177 -48.694622
v 7.980321 50.741302 -48.694622
v 7.980321 43.311913 -48.694622
v 7.980321 41.826035 -48.694622
v 7.980321 34.396652 -48.694622
v 7.980321 32.910774 -48.694622
v 7.980321 25.481388 -48.694622
v 7.980321 23.995510 -48.694622
v 7.980321 16.566126 -48.694622
v 7.980321 15.080249 -48.694622
v 7.980321 7.650860 -48.694622
v 7.980321 6.164982 -48.694622
v 7.980321 105.718773 -17.328880
v 7.980321 104.232895 -17.328880
v 7.980321 96.803505 -17.328880
v 7.980321 95.317627 -17.328880
v 7.980321 87.888237 -17.328880
v 7.980321 86.402359 -17.328880
v 7.980321 78.972969 -17.328880
v 7.980321 77.487091 -17.328880
v 7.980321 70.057701 -17.328880
v 7.980321 68.571823 -17.328880
v 7.980321 61.142437 -17.328880
v 7.980321 59.656563 -17.328880
v 7.980321 52.227177 -17.328880
v 7.980321 50.741302 -17.328880
v 7.980321 43.311913 -17.328880
v 7.980321 41.826035 -17.328880
v 7.980321 34.396652 -17.328880
v 7.980321 32.910774 -17.328880
v 7.980321 25.481388 -17.328880
v 7.980321 23.995510 -17.328880
v 7.980321 16.566126 -17.328880
v 7.980321 15.080249 -17.328880
v 7.980321 7.650860 -17.328880
v 7.980321 6.164982 -17.328880
v -2.474924 4.679104 -17.328880
v -12.930169 4.679104 -17.328880
v -2.474924 9.136738 -17.328880
v -12.930169 9.136738 -17.328880
v -2.474924 13.594372 -17.328880
v -12.930169 13.594372 -17.328880
v -2.474924 18.052004 -17.328880
v -12.930169 18.052006 -17.328880
v -2.474924 22.509634 -17.328880
v -12.930169 22.509636 -17.328880
v -2.474924 26.967266 -17.328880
v -12.930169 26.967266 -17.328880
v -2.474924 31.424898 -17.328880
v -12.930169 31.424900 -17.328880
v -2.474924 35.882530 -17.328880
v -12.930169 35.882530 -17.328880
v -2.474924 40.340164 -17.328880
v -12.930169 40.340164 -17.328880
v -2.474924 44.797794 -17.328880
v -12.930169 44.797798 -17.328880
v -2.474924 49.255428 -17.328880
v -12.930169 49.255432 -17.328880
v -2.474924 53.713058 -17.328880
v -12.930169 53.713062 -17.328880
v -2.474924 58.170689 -17.328880
v -12.930169 58.170692 -17.328880
v -2.474924 62.628323 -17.328880
v -12.930169 62.628326 -17.328880
v -2.474924 67.085953 -17.328880
v -12.930169 67.085960 -17.328880
v -2.474924 71.543587 -17.328880
v -12.930169 71.543594 -17.328880
v -2.474924 76.001221 -17.328880
v -12.930169 76.001228 -17.328880
v -2.474924 80.458855 -17.328880
v -12.930169 80.458862 -17.328880
v -2.474924 84.916489 -17.328880
v -12.930169 84.916496 -17.328880
v -2.474924 89.374123 -17.328880
v -12.930169 89.374130 -17.328880
v -2.474924 93.831757 -17.328880
v -12.930169 93.831764 -17.328880
v -2.474924 98.289391 -17.328880
v -12.930169 98.289398 -17.328880
v -2.474924 102.747017 -17.328880
v -12.930169 102.747025 -17.328880
v -2.474924 107.204651 -17.328880
v -12.930169 107.204651 -17.328880
v -2.474924 111.662285 -17.328880
v -12.930169 111.662292 -17.328880
v 7.980321 4.679104 -38.239372
v 7.980321 4.679104 -27.784126
v 7.980321 9.136738 -38.239372
v 7.980321 9.136738 -27.784126
v 7.980321 13.594372 -38.239372
v 7.980321 13.594372 -27.784126
v 7.980321 18.052002 -38.239372
v 7.980321 18.052002 -27.784126
v 7.980321 22.509632 -38.239372
v 7.980321 22.509632 -27.784126
v 7.980321 26.967266 -38.239372
v 7.980321 26.967266 -27.784126
v 7.980321 31.424898 -38.239372
v 7.980321 31.424898 -27.784126
v 7.980321 35.882530 -38.239372
v 7.980321 35.882530 -27.784126
v 7.980321 40.340160 -38.239372
v 7.980321 40.340160 -27.784126
v 7.980321 44.797791 -38.239372
v 7.980321 44.797791 -27.784126
v 7.980321 49.255424 -38.239372
v 7.980321 49.255424 -27.784126
v 7.980321 53.713055 -38.239372
v 7.980321 53.713055 -27.784126
v 7.980321 58.170685 -38.239372
v 7.980321 58.170685 -27.784126
v 7.980321 62.628315 -38.239372
v 7.980321 62.628315 -27.784126
v 7.980321 67.085945 -38.239372
v 7.980321 67.085945 -27.784126
v 7.980321 71.543579 -38.239372
v 7.980321 71.543579 -27.784126
v 7.980321 76.001213 -38.239372
v 7.980321 76.001213 -27.784126
v 7.980321 80.458847 -38.239372
v 7.980321 80.458847 -27.784126
v 7.980321 84.916481 -38.239372
v 7.980321 84.916481 -27.784126
v 7.980321 89.374115 -38.239372
v 7.980321 89.374115 -27.784126
v 7.980321 93.831749 -38.239372
v 7.980321 93.831749 -27.784126
v 7.980321 98.289383 -38.239372
v 7.980321 98.289383 -27.784126
v 7.980321 102.747017 -38.239372
v 7.980321 102.747017 -27.784126
v 7.980321 107.204651 -38.239372
v 7.980321 107.204651 -27.784126
v 7.980321 111.662285 -38.239372
v 7.980321 111.662285 -27.784126
v -12.930169 4.679104 -48.694622
v -2.474924 4.679104 -48.694622
v -12.930169 9.136738 -48.694622
v -2.474924 9.136738 -48.694622
v -12.930169 13.594372 -48.694622
v -2.474924 13.594372 -48.694622
v -12.930169 18.052002 -48.694622
v -2.474924 18.052002 -48.694622
v -12.930169 22.509632 -48.694622
v -2.474924 22.509632 -48.694622
v -12.930169 26.967266 -48.694622
v -2.474924 26.967266 -48.694622
v -12.930169 31.424898 -48.694622
v -2.474924 31.424898 -48.694622
v -12.930169 35.882530 -48.694622
v -2.474924 35.882530 -48.694622
v -12.930169 40.340160 -48.694622
v -2.474924 40.340160 -48.694622
v -12.930169 44.797791 -48.694622
v -2.474924 44.797791 -48.694622
v -12.930169 49.255424 -48.694622
v -2.474924 49.255424 -48.694622
v -12.930169 53.713055 -48.694622
v -2.474924 53.713055 -48.694622
v -12.930169 58.170685 -48.694622
v -2.474924 58.170685 -48.694622
v -12.930169 62.628315 -48.694622
v -2.474924 62.628315 -48.694622
v -12.930169 67.085945 -48.694622
v -2.474924 67.085945 -48.694622
v -12.930169 71.543579 -48.694622
v -2.474924 71.543579 -48.694622
v -12.930169 76.001213 -48.694622
v -2.474924 76.001213 -48.694622
v -12.930169 80.458847 -48.694622
v -2.474924 80.458847 -48.694622
v -12.930169 84.916481 -48.694622
v -2.474924 84.916481 -48.694622
v -12.930169 89.374115 -48.694622
v -2.474924 89.374115 -48.694622
v -12.930169 93.831749 -48.694622
v -2.474924 93.831749 -48.694622
v -12.930169 98.289383 -48.694622
v -2.474924 98.289383 -48.694622
v -12.930169 102.747017 -48.694622
v -2.474924 102.747017 -48.694622
v -12.930169 107.204651 -48.694622
v -2.474924 107.204651 -48.694622
v -12.930169 111.662285 -48.694622
v -2.474924 111.662285 -48.694622
v -23.385414 4.679104 -27.784128
v -23.385414 4.679104 -38.239376
v -23.385414 9.136738 -27.784128
v -23.385414 9.136738 -38.239376
v -23.385414 13.594372 -27.784128
v -23.385414 13.594372 -38.239376
v -23.385414 18.052004 -27.784128
v -23.385414 18.052002 -38.239376
v -23.385414 22.509634 -27.784128
v -23.385414 22.509632 -38.239376
v -23.385414 26.967266 -27.784128
v -23.385414 26.967266 -38.239376
v -23.385414 31.424900 -27.784128
v -23.385414 31.424900 -38.239376
v -23.385414 35.882534 -27.784128
v -23.385414 35.882530 -38.239376
v -23.385414 40.340164 -27.784128
v -23.385414 40.340164 -38.239376
v -23.385414 44.797798 -27.784128
v -23.385414 44.797794 -38.239376
v -23.385414 49.255428 -27.784128
v -23.385414 49.255424 -38.239376
v -23.385414 53.713062 -27.784128
v -23.385414 53.713058 -38.239376
v -23.385414 58.170696 -27.784128
v -23.385414 58.170692 -38.239376
v -23.385414 62.628326 -27.784128
v -23.385414 62.628319 -38.239376
v -23.385414 67.085960 -27.784128
v -23.385414 67.085953 -38.239376
v -23.385414 71.543594 -27.784128
v -23.385414 71.543587 -38.239376
v -23.385414 76.001228 -27.784128
v -23.385414 76.001221 -38.239376
v -23.385414 80.458862 -27.784128
v -23.385414 80.458855 -38.239376
v -23.385414 84.916496 -27.784128
v -23.385414 84.916489 -38.239376
v -23.385414 89.374130 -27.784128
v -23.385414 89.374123 -38.239376
v -23.385414 93.831764 -27.784128
v -23.385414 93.831757 -38.239376
v -23.385414 98.289391 -27.784128
v -23.385414 98.289383 -38.239376
v -23.385414 102.747025 -27.784128
v -23.385414 102.747025 -38.239376
v -23.385414 107.204659 -27.784128
v -23.385414 107.204651 -38.239376
v -23.385414 111.662292 -27.784128
v -23.385414 111.662292 -38.239376
v -22.674393 60.580185 -47.983601
v -23.029903 61.604248 -48.339111
v -23.029903 61.604271 -17.684393
v -22.674393 60.580208 -18.039906
v 7.269299 58.170685 -47.983601
v 7.624810 58.170685 -48.339111
v 7.624810 58.170685 -17.684393
v 7.269299 58.170685 -18.039906
v -22.674393 67.085968 -18.039904
v -23.029903 67.085968 -17.684391
v -23.029903 67.085945 -48.339111
v -22.674393 67.085945 -47.983601
v 7.269299 60.580185 -18.039904
v 7.624810 61.604248 -17.684391
v 7.624810 61.604252 -48.339111
v 7.269299 60.580185 -47.983601
v -22.674393 69.495453 -47.983601
v -23.029903 70.519516 -48.339111
v -23.029903 70.519539 -17.684393
v -22.674393 69.495468 -18.039906
v 7.269299 67.085945 -47.983601
v 7.624810 67.085945 -48.339111
v 7.624810 67.085945 -17.684393
v 7.269299 67.085945 -18.039906
v -22.674393 76.001236 -18.039904
v -23.029903 76.001236 -17.684391
v -23.029903 76.001213 -48.339111
v -22.674393 76.001213 -47.983601
v 7.269299 69.495453 -18.039904
v 7.624810 70.519516 -17.684391
v 7.624810 70.519516 -48.339111
v 7.269299 69.495453 -47.983601
v -22.674393 78.410721 -47.983601
v -23.029903 79.434784 -48.339111
v -23.029903 79.434807 -17.684393
v -22.674393 78.410736 -18.039906
v 7.269299 76.001213 -47.983601
v 7.624810 76.001213 -48.339111
v 7.624810 76.001213 -17.684393
v 7.269299 76.001213 -18.039906
v -22.674393 84.916504 -18.039904
v -23.029903 84.916504 -17.684391
v -23.029903 84.916481 -48.339111
v -22.674393 84.916481 -47.983601
v 7.269299 78.410721 -18.039904
v 7.624810 79.434784 -17.684391
v 7.624810 79.434784 -48.339111
v 7.269299 78.410721 -47.983601
v -22.674393 87.325989 -47.983601
v -23.029903 88.350052 -48.339111
v -23.029903 88.350075 -17.684393
v -22.674393 87.326004 -18.039906
v 7.269299 84.916481 -47.983601
v 7.624810 84.916481 -48.339111
v 7.624810 84.916481 -17.684393
v 7.269299 84.916481 -18.039906
v -22.674393 93.831772 -18.039904
v -23.029903 93.831772 -17.684391
v -23.029903 93.831749 -48.339111
v -22.674393 93.831749 -47.983601
v 7.269299 87.325989 -18.039904
v 7.624810 88.350052 -17.684391
v 7.624810 88.350052 -48.339111
v 7.269299 87.325989 -47.983601
v -22.674393 96.241257 -47.983601
v -23.029903 97.265320 -48.339111
v -23.029903 97.265335 -17.684393
v -22.674393 96.241272 -18.039906
v 7.269299 93.831749 -47.983601
v 7.624810 93.831749 -48.339111
v 7.624810 93.831749 -17.684393
v 7.269299 93.831749 -18.039906
v -22.674393 102.747025 -18.039904
v -23.029903 102.747025 -17.684391
v -23.029903 102.747017 -48.339111
v -22.674393 102.747017 -47.983601
v 7.269299 96.241257 -18.039904
v 7.624810 97.265320 -17.684391
v 7.624810 97.265320 -48.339111
v 7.269299 96.241257 -47.983601
v -22.674393 105.156525 -47.983601
v -23.029903 106.180588 -48.339111
v -23.029903 106.180595 -17.684393
v -22.674393 105.156525 -18.039906
v 7.269299 102.747017 -47.983601
v 7.624810 102.747017 -48.339111
v 7.624810 102.747017 -17.684393
v 7.269299 102.747017 -18.039906
v -23.029903 111.662285 -48.339111
v -22.674393 111.662285 -47.983601
v 7.269299 105.156525 -18.039904
v 7.624810 106.180588 -17.684391
v 7.624810 106.180588 -48.339111
v 7.269299 105.156525 -47.983601
v 7.269299 111.662285 -47.983601
v 7.624810 111.662285 -48.339111
v 7.980321 114.634041 -17.328880
v 7.980321 113.148163 -17.328880
v -23.385414 113.148170 -17.328880
v -23.385414 114.634048 -17.328880
v 7.980321 114.634041 -48.694622
v 7.980321 113.148163 -48.694622
v -0.199485 75.972588 28.484959
v -0.199486 75.972588 38.261124
v -0.199486 76.582390 38.261124
v -0.199485 76.582390 28.484957
v 2.837491 75.972588 18.708790
v 1.319003 75.972588 18.708790
v 1.319003 76.582390 18.708790
v 2.837491 76.582390 18.708790
v 4.355979 75.972588 38.261124
v 4.355979 75.972588 28.484957
v 4.355979 76.582390 28.484959
v 4.355979 76.582390 38.261124
v 1.319003 75.972588 48.037292
v 2.837491 75.972588 48.037292
v 2.837491 76.582390 48.037292
v 1.319002 76.582390 48.037292
v 2.837491 75.972588 14.262024
v 1.319003 75.972588 14.262024
v 1.319003 76.582390 14.262024
v 2.837491 76.582390 14.262024
v -0.199485 76.582390 17.226534
v -0.199485 76.582390 15.744279
v -0.199485 75.972588 15.744279
v -0.199485 75.972588 17.226534
v 4.355979 75.972588 17.226534
v 4.355979 75.972588 15.744279
v 4.355979 76.582390 15.744279
v 4.355979 76.582390 17.226534
v 33.507244 75.972588 17.226534
v 33.507244 75.972588 15.744279
v 33.507244 76.582390 15.744279
v 33.507244 76.582390 17.226534
v 14.073068 76.582390 18.708790
v 23.790157 76.582390 18.708790
v 23.790155 76.582390 14.262024
v 14.073067 76.582390 14.262024
v 14.073068 75.972588 18.708790
v 23.790157 75.972588 18.708790
v 23.790155 75.972588 14.262024
v 14.073067 75.972588 14.262024
v 23.790155 76.582390 51.818878
v 14.073067 76.582390 51.818878
v 23.790155 76.582390 48.037292
v 14.073067 76.582390 48.037292
v 23.790155 75.972588 51.818878
v 14.073067 75.972588 51.818878
v 4.355979 75.972588 50.558350
v 4.355979 75.972588 49.297821
v -0.199486 76.582390 50.558350
v -0.199486 76.582390 49.297821
v 37.072189 76.582390 50.558350
v 37.072189 76.582390 49.297821
v 4.355979 76.582390 50.558350
v 4.355979 76.582390 49.297821
v 37.072189 75.972588 49.297821
v 37.072189 75.972588 50.558350
v 14.073068 75.972588 48.037292
v 23.790157 75.972588 48.037292
v -0.199486 75.972588 49.297821
v -0.199486 75.972588 50.558350
v 33.507244 76.582390 50.558350
v 33.507244 76.582390 49.297821
v 37.072189 76.379120 51.818878
v 37.072189 76.175858 51.818878
v 35.883873 76.582390 51.818878
v 34.695557 76.582390 51.818878
v 1.319003 75.972588 51.818878
v 2.837491 75.972588 51.818878
v 33.507244 75.972588 49.297821
v 33.507244 75.972588 50.558350
v 35.883873 75.972588 51.818878
v 34.695557 75.972588 51.818878
v 35.883873 76.582390 48.037292
v 34.695557 76.582390 48.037292
v 35.883873 76.582390 14.262024
v 34.695557 76.582390 14.262024
v 35.883873 76.582390 18.708790
v 34.695557 76.582390 18.708790
v 2.837491 76.582390 51.818878
v 1.319002 76.582390 51.818878
v 35.883873 75.972588 48.037292
v 34.695557 75.972588 48.037292
v 37.072189 76.582390 15.744279
v 37.072189 76.582390 17.226534
v 37.072189 76.379120 18.708790
v 37.072189 76.175858 18.708790
v 37.072189 76.379120 14.262024
v 37.072189 76.175858 14.262024
v 37.072189 75.972588 17.226534
v 37.072189 75.972588 15.744279
v 37.072189 76.379120 48.037292
v 37.072189 76.175858 48.037292
v 34.695560 75.972588 14.262024
v 35.883873 75.972588 14.262024
v 35.883873 75.972588 18.708790
v 34.695557 75.972588 18.708790
v 14.073068 75.972588 49.297821
v 14.073067 75.972588 50.558350
v 23.790157 75.972588 49.297821
v 23.790157 75.972588 50.558350
v 37.072189 76.379120 17.226534
v 37.072189 76.379120 15.744279
v 37.072189 76.175858 17.226534
v 37.072189 76.175858 15.744279
v 34.695560 76.582390 15.744279
v 35.883873 76.582390 15.744279
v 34.695560 76.582390 17.226534
v 35.883873 76.582390 17.226534
v 2.837491 76.582390 49.297821
v 2.837491 76.582390 50.558350
v 1.319002 76.582390 49.297821
v 1.319002 76.582390 50.558350
v 35.883873 76.582390 49.297821
v 35.883873 76.582390 50.558350
v 34.695557 76.582390 49.297821
v 34.695557 76.582390 50.558350
v 14.073067 76.582390 50.558350
v 14.073067 76.582390 49.297821
v 23.790155 76.582390 50.558350
v 23.790155 76.582390 49.297821
v 34.695557 75.972588 49.297821
v 34.695557 75.972588 50.558350
v 35.883873 75.972588 49.297821
v 35.883873 75.972588 50.558350
v 1.319003 75.972588 49.297821
v 1.319003 75.972588 50.558350
v 2.837491 75.972588 49.297821
v 2.837491 75.972588 50.558350
v 37.072189 76.175858 49.297821
v 37.072189 76.175858 50.558350
v 37.072189 76.379120 49.297821
v 37.072189 76.379120 50.558350
v 14.073068 75.972588 17.226534
v 23.790157 75.972588 17.226534
v 14.073068 75.972588 15.744279
v 23.790157 75.972588 15.744279
v 34.695560 75.972588 17.226534
v 35.883873 75.972588 17.226534
v 34.695560 75.972588 15.744279
v 35.883873 75.972588 15.744279
v 1.319003 76.582390 17.226534
v 1.319003 76.582390 15.744279
v 2.837491 76.582390 17.226534
v 2.837491 76.582390 15.744279
v 2.837491 75.972588 17.226534
v 2.837491 75.972588 15.744279
v 1.319003 75.972588 17.226534
v 1.319003 75.972588 15.744279
v 14.073068 76.582390 15.744279
v 23.790157 76.582390 15.744279
v 14.073068 76.582390 17.226534
v 23.790157 76.582390 17.226534
v 2.837491 76.582390 28.484959
v 2.837491 76.582390 38.261124
v 1.319003 76.582390 28.484959
v 1.319003 76.582390 38.261124
v 1.319003 75.972588 28.484959
v 1.319003 75.972588 38.261124
v 2.837491 75.972588 28.484959
v 2.837491 75.972588 38.261124
v -2.711932 105.156525 -18.039904
v -2.593428 106.180588 -17.684391
v -12.693163 105.156525 -18.039904
v -12.811666 106.180588 -17.684391
v -2.711932 111.662285 -47.983601
v -2.593428 111.662285 -48.339111
v -12.693162 111.662285 -47.983601
v -12.811666 111.662285 -48.339111
v -12.693163 102.747025 -18.039904
v -12.811666 102.747025 -17.684391
v -2.711932 102.747017 -18.039904
v -2.593428 102.747017 -17.684391
v -12.693162 105.156525 -47.983601
v -12.811666 106.180588 -48.339111
v -2.711932 105.156525 -47.983601
v -2.593428 106.180588 -48.339111
v -2.711932 96.241264 -18.039904
v -2.593428 97.265327 -17.684391
v -12.693163 96.241272 -18.039904
v -12.811666 97.265335 -17.684391
v -2.711932 102.747017 -47.983601
v -2.593428 102.747017 -48.339111
v -12.693162 102.747017 -47.983601
v -12.811666 102.747017 -48.339111
v -12.693163 93.831764 -18.039904
v -12.811666 93.831764 -17.684391
v -2.711932 93.831757 -18.039904
v -2.593428 93.831757 -17.684391
v -12.693162 96.241257 -47.983601
v -12.811666 97.265320 -48.339111
v -2.711932 96.241257 -47.983601
v -2.593428 97.265320 -48.339111
v -2.711932 87.325996 -18.039904
v -2.593428 88.350060 -17.684391
v -12.693163 87.326004 -18.039904
v -12.811666 88.350067 -17.684391
v -2.711932 93.831749 -47.983601
v -2.593428 93.831749 -48.339111
v -12.693162 93.831749 -47.983601
v -12.811666 93.831749 -48.339111
v -12.693163 84.916496 -18.039904
v -12.811666 84.916496 -17.684391
v -2.711932 84.916489 -18.039904
v -2.593428 84.916489 -17.684391
v -12.693162 87.325989 -47.983601
v -12.811666 88.350052 -48.339111
v -2.711932 87.325989 -47.983601
v -2.593428 88.350052 -48.339111
v -2.711932 78.410728 -18.039904
v -2.593428 79.434792 -17.684391
v -12.693163 78.410736 -18.039904
v -12.811666 79.434799 -17.684391
v -2.711932 84.916481 -47.983601
v -2.593428 84.916481 -48.339111
v -12.693162 84.916481 -47.983601
v -12.811666 84.916481 -48.339111
v -12.693163 76.001228 -18.039904
v -12.811666 76.001228 -17.684391
v -2.711932 76.001221 -18.039904
v -2.593428 76.001221 -17.684391
v -12.693162 78.410721 -47.983601
v -12.811666 79.434784 -48.339111
v -2.711932 78.410721 -47.983601
v -2.593428 79.434784 -48.339111
v -2.711932 69.495461 -18.039904
v -2.593428 70.519524 -17.684391
v -12.693163 69.495468 -18.039904
v -12.811666 70.519531 -17.684391
v -2.711932 76.001213 -47.983601
v -2.593428 76.001213 -48.339111
v -12.693162 76.001213 -47.983601
v -12.811666 76.001213 -48.339111
v -12.693163 67.085960 -18.039904
v -12.811666 67.085960 -17.684391
v -2.711932 67.085953 -18.039904
v -2.593428 67.085953 -17.684391
v -12.693162 69.495453 -47.983601
v -12.811666 70.519516 -48.339111
v -2.711932 69.495453 -47.983601
v -2.593428 70.519516 -48.339111
v -2.711932 60.580193 -18.039904
v -2.593428 61.604256 -17.684391
v -12.693163 60.580200 -18.039904
v -12.811666 61.604263 -17.684391
v -2.711932 67.085945 -47.983601
v -2.593428 67.085945 -48.339111
v -12.693162 67.085945 -47.983601
v -12.811666 67.085945 -48.339111
v -12.693163 58.170692 -18.039904
v -12.811666 58.170692 -17.684391
v -2.711932 58.170689 -18.039904
v -2.593428 58.170689 -17.684391
v -12.693162 60.580185 -47.983601
v -12.811666 61.604248 -48.339111
v -2.711932 60.580185 -47.983601
v -2.593428 61.604248 -48.339111
v -2.711932 51.664928 -18.039904
v -2.593428 52.688995 -17.684391
v -12.693163 51.664932 -18.039904
v -12.811666 52.688995 -17.684391
v -2.711932 58.170685 -47.983601
v -2.593428 58.170685 -48.339111
v -12.693162 58.170685 -47.983601
v -12.811666 58.170685 -48.339111
v -12.693163 49.255432 -18.039904
v -12.811666 49.255432 -17.684391
v -2.711932 49.255428 -18.039904
v -2.593428 49.255428 -17.684391
v -12.693162 51.664925 -47.983601
v -12.811666 52.688988 -48.339111
v -2.711932 51.664925 -47.983601
v -2.593428 52.688988 -48.339111
v -2.711932 42.749664 -18.039904
v -2.593428 43.773727 -17.684391
v -12.693163 42.749668 -18.039904
v -12.811666 43.773735 -17.684391
v -2.711932 49.255424 -47.983601
v -2.593428 49.255424 -48.339111
v -12.693162 49.255424 -47.983601
v -12.811666 49.255424 -48.339111
v -12.693163 40.340164 -18.039904
v -12.811666 40.340164 -17.684391
v -2.711932 40.340164 -18.039904
v -2.593428 40.340164 -17.684391
v -12.693162 42.749660 -47.983601
v -12.811666 43.773727 -48.339111
v -2.711932 42.749660 -47.983601
v -2.593428 43.773727 -48.339111
v -2.711932 33.834400 -18.039904
v -2.593428 34.858467 -17.684391
v -12.693163 33.834404 -18.039904
v -12.811666 34.858467 -17.684391
v -2.711932 40.340160 -47.983601
v -2.593428 40.340160 -48.339111
v -12.693162 40.340160 -47.983601
v -12.811666 40.340160 -48.339111
v -12.693163 31.424900 -18.039904
v -12.811666 31.424900 -17.684391
v -2.711932 31.424898 -18.039904
v -2.593428 31.424898 -17.684391
v -12.693162 33.834400 -47.983601
v -12.811666 34.858467 -48.339111
v -2.711932 33.834400 -47.983601
v -2.593428 34.858467 -48.339111
v -2.711932 24.919138 -18.039904
v -2.593428 25.943203 -17.684391
v -12.693163 24.919138 -18.039904
v -12.811666 25.943203 -17.684391
v -2.711932 31.424898 -47.983601
v -2.593428 31.424898 -48.339111
v -12.693162 31.424898 -47.983601
v -12.811666 31.424898 -48.339111
v -12.693163 22.509636 -18.039904
v -12.811666 22.509636 -17.684391
v -2.711932 22.509634 -18.039904
v -2.593428 22.509634 -17.684391
v -12.693162 24.919138 -47.983601
v -12.811666 25.943203 -48.339111
v -2.711932 24.919138 -47.983601
v -2.593428 25.943203 -48.339111
v -2.711932 16.003874 -18.039904
v -2.593428 17.027939 -17.684391
v -12.693163 16.003876 -18.039904
v -12.811666 17.027941 -17.684391
v -2.711932 22.509634 -47.983601
v -2.593428 22.509632 -48.339111
v -12.693162 22.509634 -47.983601
v -12.811666 22.509632 -48.339111
v -12.693163 13.594371 -18.039904
v -12.811666 13.594372 -17.684391
v -2.711932 13.594371 -18.039904
v -2.593428 13.594372 -17.684391
v -12.693162 16.003874 -47.983601
v -12.811666 17.027939 -48.339111
v -2.711932 16.003874 -47.983601
v -2.593428 17.027939 -48.339111
v -2.711932 7.088609 -18.039904
v -2.593428 8.112673 -17.684391
v -12.693163 7.088609 -18.039904
v -12.811666 8.112674 -17.684391
v -2.711932 13.594371 -47.983601
v -2.593428 13.594372 -48.339111
v -12.693162 13.594371 -47.983601
v -12.811666 13.594372 -48.339111
v -12.693163 4.679104 -18.039904
v -12.811666 4.679104 -17.684391
v -2.711932 4.679104 -18.039904
v -2.593428 4.679104 -17.684391
v -12.693162 7.088609 -47.983601
v -12.811666 8.112673 -48.339111
v -2.711932 7.088609 -47.983601
v -2.593428 8.112673 -48.339111
v -23.385414 104.232903 -27.784128
v -23.385414 104.232895 -38.239376
v -23.385414 105.718781 -27.784128
v -23.385414 105.718781 -38.239376
v -23.385414 95.317642 -27.784128
v -23.385414 95.317635 -38.239376
v -23.385414 96.803520 -27.784128
v -23.385414 96.803513 -38.239376
v -23.385414 86.402374 -27.784128
v -23.385414 86.402367 -38.239376
v -23.385414 87.888252 -27.784128
v -23.385414 87.888245 -38.239376
v -23.385414 77.487106 -27.784128
v -23.385414 77.487099 -38.239376
v -23.385414 78.972984 -27.784128
v -23.385414 78.972977 -38.239376
v -23.385414 68.571838 -27.784128
v -23.385414 68.571831 -38.239376
v -23.385414 70.057716 -27.784128
v -23.385414 70.057709 -38.239376
v -23.385414 59.656574 -27.784128
v -23.385414 59.656570 -38.239376
v -23.385414 61.142448 -27.784128
v -23.385414 61.142441 -38.239376
v -23.385414 50.741306 -27.784128
v -23.385414 50.741302 -38.239376
v -23.385414 52.227184 -27.784128
v -23.385414 52.227180 -38.239376
v -23.385414 41.826042 -27.784128
v -23.385414 41.826038 -38.239376
v -23.385414 43.311920 -27.784128
v -23.385414 43.311916 -38.239376
v -23.385414 32.910778 -27.784128
v -23.385414 32.910774 -38.239376
v -23.385414 34.396656 -27.784128
v -23.385414 34.396652 -38.239376
v -23.385414 23.995512 -27.784128
v -23.385414 23.995510 -38.239376
v -23.385414 25.481388 -27.784128
v -23.385414 25.481388 -38.239376
v -23.385414 15.080250 -27.784128
v -23.385414 15.080250 -38.239376
v -23.385414 16.566128 -27.784128
v -23.385414 16.566128 -38.239376
v -23.385414 6.164982 -27.784128
v -23.385414 6.164982 -38.239376
v -23.385414 7.650860 -27.784128
v -23.385414 7.650860 -38.239376
v -12.930169 104.232895 -48.694622
v -2.474924 104.232895 -48.694622
v -12.930169 105.718773 -48.694622
v -2.474924 105.718773 -48.694622
v -12.930169 95.317627 -48.694622
v -2.474924 95.317627 -48.694622
v -12.930169 96.803505 -48.694622
v -2.474924 96.803505 -48.694622
v -12.930169 86.402359 -48.694622
v -2.474924 86.402359 -48.694622
v -12.930169 87.888237 -48.694622
v -2.474924 87.888237 -48.694622
v -12.930169 77.487091 -48.694622
v -2.474924 77.487091 -48.694622
v -12.930169 78.972969 -48.694622
v -2.474924 78.972969 -48.694622
v -12.930169 68.571823 -48.694622
v -2.474924 68.571823 -48.694622
v -12.930169 70.057701 -48.694622
v -2.474924 70.057701 -48.694622
v -12.930169 59.656563 -48.694622
v -2.474924 59.656563 -48.694622
v -12.930169 61.142437 -48.694622
v -2.474924 61.142437 -48.694622
v -12.930169 50.741302 -48.694622
v -2.474924 50.741302 -48.694622
v -12.930169 52.227177 -48.694622
v -2.474924 52.227177 -48.694622
v -12.930169 41.826035 -48.694622
v -2.474924 41.826035 -48.694622
v -12.930169 43.311913 -48.694622
v -2.474924 43.311913 -48.694622
v -12.930169 32.910774 -48.694622
v -2.474924 32.910774 -48.694622
v -12.930169 34.396652 -48.694622
v -2.474924 34.396652 -48.694622
v -12.930169 23.995510 -48.694622
v -2.474924 23.995510 -48.694622
v -12.930169 25.481388 -48.694622
v -2.474924 25.481388 -48.694622
v -12.930169 15.080249 -48.694622
v -2.474924 15.080249 -48.694622
v -12.930169 16.566126 -48.694622
v -2.474924 16.566126 -48.694622
v -12.930169 6.164982 -48.694622
v -2.474924 6.164982 -48.694622
v -12.930169 7.650860 -48.694622
v -2.474924 7.650860 -48.694622
v 7.980321 104.232895 -38.239372
v 7.980321 104.232895 -27.784126
v 7.980321 105.718773 -38.239372
v 7.980321 105.718773 -27.784126
v 7.980321 95.317627 -38.239372
v 7.980321 95.317627 -27.784126
v 7.980321 96.803505 -38.239372
v 7.980321 96.803505 -27.784126
v 7.980321 86.402359 -38.239372
v 7.980321 86.402359 -27.784126
v 7.980321 87.888237 -38.239372
v 7.980321 87.888237 -27.784126
v 7.980321 77.487091 -38.239372
v 7.980321 77.487091 -27.784126
v 7.980321 78.972969 -38.239372
v 7.980321 78.972969 -27.784126
v 7.980321 68.571823 -38.239372
v 7.980321 68.571823 -27.784126
v 7.980321 70.057701 -38.239372
v 7.980321 70.057701 -27.784126
v 7.980321 59.656563 -38.239372
v 7.980321 59.656563 -27.784126
v 7.980321 61.142437 -38.239372
v 7.980321 61.142437 -27.784126
v 7.980321 50.741302 -38.239372
v 7.980321 50.741302 -27.784126
v 7.980321 52.227177 -38.239372
v 7.980321 52.227177 -27.784126
v 7.980321 41.826035 -38.239372
v 7.980321 41.826035 -27.784126
v 7.980321 43.311913 -38.239372
v 7.980321 43.311913 -27.784126
v 7.980321 32.910774 -38.239372
v 7.980321 32.910774 -27.784126
v 7.980321 34.396652 -38.239372
v 7.980321 34.396652 -27.784126
v 7.980321 23.995510 -38.239372
v 7.980321 23.995510 -27.784126
v 7.980321 25.481388 -38.239372
v 7.980321 25.481388 -27.784126
v 7.980321 15.080249 -38.239372
v 7.980321 15.080249 -27.784126
v 7.980321 16.566126 -38.239372
v 7.980321 16.566126 -27.784126
v 7.980321 6.164982 -38.239372
v 7.980321 6.164982 -27.784126
v 7.980321 7.650860 -38.239372
v 7.980321 7.650860 -27.784126
v -2.474924 104.232895 -17.328880
v -12.930169 104.232895 -17.328880
v -2.474924 105.718773 -17.328880
v -12.930169 105.718781 -17.328880
v -2.474924 95.317635 -17.328880
v -12.930169 95.317642 -17.328880
v -2.474924 96.803513 -17.328880
v -12.930169 96.803520 -17.328880
v -2.474924 86.402367 -17.328880
v -12.930169 86.402374 -17.328880
v -2.474924 87.888245 -17.328880
v -12.930169 87.888252 -17.328880
v -2.474924 77.487099 -17.328880
v -12.930169 77.487106 -17.328880
v -2.474924 78.972977 -17.328880
v -12.930169 78.972984 -17.328880
v -2.474924 68.571831 -17.328880
v -12.930169 68.571838 -17.328880
v -2.474924 70.057709 -17.328880
v -12.930169 70.057716 -17.328880
v -2.474924 59.656567 -17.328880
v -12.930169 59.656570 -17.328880
v -2.474924 61.142445 -17.328880
v -12.930169 61.142448 -17.328880
v -2.474924 50.741306 -17.328880
v -12.930169 50.741310 -17.328880
v -2.474924 52.227180 -17.328880
v -12.930169 52.227184 -17.328880
v -2.474924 41.826038 -17.328880
v -12.930169 41.826042 -17.328880
v -2.474924 43.311916 -17.328880
v -12.930169 43.311920 -17.328880
v -2.474924 32.910774 -17.328880
v -12.930169 32.910774 -17.328880
v -2.474924 34.396652 -17.328880
v -12.930169 34.396652 -17.328880
v -2.474924 23.995510 -17.328880
v -12.930169 23.995510 -17.328880
v -2.474924 25.481388 -17.328880
v -12.930169 25.481388 -17.328880
v -2.474924 15.080249 -17.328880
v -12.930169 15.080250 -17.328880
v -2.474924 16.566126 -17.328880
v -12.930169 16.566128 -17.328880
v -2.474924 6.164982 -17.328880
v -12.930169 6.164982 -17.328880
v -2.474924 7.650860 -17.328880
v -12.930169 7.650860 -17.328880
v -2.474924 113.148163 -17.328880
v -12.930169 113.148163 -17.328880
v -2.474924 114.634041 -17.328880
v -12.930169 114.634048 -17.328880
v 7.980321 113.148163 -38.239372
v 7.980321 113.148163 -27.784126
v 7.980321 114.634041 -38.239372
v 7.980321 114.634041 -27.784126
v -12.930169 113.148163 -48.694622
v -2.474924 113.148163 -48.694622
v -12.930169 114.634041 -48.694622
v -2.474924 114.634041 -48.694622
v -23.385414 113.148170 -27.784128
v -23.385414 113.148163 -38.239376
v -23.385414 114.634048 -27.784128
v -23.385414 114.634048 -38.239376
v -22.318882 106.642403 -28.139641
v -22.318882 106.642403 -37.883865
v -22.318882 109.152344 -28.139641
v -22.318882 109.152344 -37.883865
v -22.674393 4.679104 -38.002369
v -23.029903 4.679104 -38.120872
v -22.674393 4.679104 -28.021137
v -23.029903 4.679104 -27.902634
v -22.318882 97.727142 -28.139641
v -22.318882 97.727142 -37.883865
v -22.318882 100.237083 -28.139641
v -22.318882 100.237076 -37.883865
v -12.693163 111.662292 -18.039904
v -12.811666 111.662292 -17.684391
v -2.711932 111.662285 -18.039904
v -2.593428 111.662285 -17.684391
v -22.318882 88.811874 -28.139641
v -22.318882 88.811874 -37.883865
v -22.318882 91.321815 -28.139641
v -22.318882 91.321808 -37.883865
v -22.674393 7.088609 -28.021137
v -23.029903 8.112673 -27.902634
v -22.674393 7.088609 -38.002369
v -23.029903 8.112673 -38.120872
v -22.318882 79.896606 -28.139641
v -22.318882 79.896606 -37.883865
v -22.318882 82.406548 -28.139641
v -22.318882 82.406540 -37.883865
v 7.269299 4.679104 -28.021135
v 7.624810 4.679104 -27.902630
v 7.269299 4.679104 -38.002369
v 7.624810 4.679104 -38.120872
v -22.318882 70.981339 -28.139641
v -22.318882 70.981339 -37.883865
v -22.318882 73.491280 -28.139641
v -22.318882 73.491272 -37.883865
v -22.674393 13.594371 -38.002369
v -23.029903 13.594372 -38.120872
v -22.674393 13.594371 -28.021137
v -23.029903 13.594372 -27.902634
v -22.318882 62.066074 -28.139641
v -22.318882 62.066071 -37.883865
v -22.318882 64.576019 -28.139641
v -22.318882 64.576012 -37.883865
v 7.269299 7.088609 -38.002369
v 7.624810 8.112673 -38.120872
v 7.269299 7.088609 -28.021135
v 7.624810 8.112673 -27.902630
v -22.318882 53.150810 -28.139641
v -22.318882 53.150806 -37.883865
v -22.318882 55.660755 -28.139641
v -22.318882 55.660751 -37.883865
v -22.674393 16.003874 -28.021137
v -23.029903 17.027939 -27.902634
v -22.674393 16.003874 -38.002369
v -23.029903 17.027939 -38.120872
v -22.318882 44.235546 -28.139641
v -22.318882 44.235542 -37.883865
v -22.318882 46.745487 -28.139641
v -22.318882 46.745483 -37.883865
v 7.269299 13.594371 -28.021135
v 7.624810 13.594372 -27.902630
v 7.269299 13.594371 -38.002369
v 7.624810 13.594372 -38.120872
v -22.318882 35.320282 -28.139641
v -22.318882 35.320282 -37.883865
v -22.318882 37.830223 -28.139641
v -22.318882 37.830223 -37.883865
v -22.674393 22.509634 -38.002369
v -23.029903 22.509632 -38.120872
v -22.674393 22.509636 -28.021137
v -23.029903 22.509636 -27.902634
v -22.318882 26.405016 -28.139641
v -22.318882 26.405014 -37.883865
v -22.318882 28.914959 -28.139641
v -22.318882 28.914959 -37.883865
v 7.269299 16.003874 -38.002369
v 7.624810 17.027939 -38.120872
v 7.269299 16.003874 -28.021135
v 7.624810 17.027939 -27.902630
v -22.318882 17.489752 -28.139641
v -22.318882 17.489750 -37.883865
v -22.318882 19.999695 -28.139641
v -22.318882 19.999695 -37.883865
v -22.674393 24.919138 -28.021137
v -23.029903 25.943203 -27.902634
v -22.674393 24.919138 -38.002369
v -23.029903 25.943203 -38.120872
v -22.318882 8.574487 -28.139641
v -22.318882 8.574486 -37.883865
v -22.318882 11.084429 -28.139641
v -22.318882 11.084429 -37.883865
v 7.269299 22.509634 -28.021135
v 7.624810 22.509632 -27.902630
v 7.269299 22.509634 -38.002369
v 7.624810 22.509632 -38.120872
v -22.318882 1.707350 -28.139641
v -22.318882 1.707350 -37.883865
v -22.318882 3.193227 -28.139641
v -22.318882 3.193227 -37.883865
v -12.574658 106.642403 -47.628090
v -2.830436 106.642403 -47.628090
v -12.574658 109.152344 -47.628090
v -2.830436 109.152344 -47.628090
v -22.674393 31.424900 -38.002369
v -23.029903 31.424900 -38.120872
v -22.674393 31.424900 -28.021137
v -23.029903 31.424900 -27.902634
v -12.574658 97.727135 -47.628090
v -2.830436 97.727135 -47.628090
v -12.574658 100.237076 -47.628090
v -2.830436 100.237076 -47.628090
v 7.269299 24.919138 -38.002369
v 7.624810 25.943203 -38.120872
v 7.269299 24.919138 -28.021135
v 7.624810 25.943203 -27.902630
v -12.574658 88.811867 -47.628090
v -2.830436 88.811867 -47.628090
v -12.574658 91.321808 -47.628090
v -2.830436 91.321808 -47.628090
v -22.674393 33.834404 -28.021137
v -23.029903 34.858467 -27.902634
v -22.674393 33.834404 -38.002369
v -23.029903 34.858467 -38.120872
v -12.574658 79.896599 -47.628090
v -2.830436 79.896599 -47.628090
v -12.574658 82.406540 -47.628090
v -2.830436 82.406540 -47.628090
v 7.269299 31.424898 -28.021135
v 7.624810 31.424898 -27.902630
v 7.269299 31.424898 -38.002369
v 7.624810 31.424898 -38.120872
v -12.574658 70.981331 -47.628090
v -2.830436 70.981331 -47.628090
v -12.574658 73.491272 -47.628090
v -2.830436 73.491272 -47.628090
v -22.674393 40.340164 -38.002369
v -23.029903 40.340164 -38.120872
v -22.674393 40.340164 -28.021137
v -23.029903 40.340164 -27.902634
v -12.574658 62.066063 -47.628090
v -2.830436 62.066063 -47.628090
v -12.574658 64.576004 -47.628090
v -2.830436 64.576004 -47.628090
v 7.269299 33.834400 -38.002369
v 7.624810 34.858467 -38.120872
v 7.269299 33.834400 -28.021135
v 7.624810 34.858467 -27.902630
v -12.574658 53.150803 -47.628090
v -2.830436 53.150803 -47.628090
v -12.574658 55.660744 -47.628090
v -2.830436 55.660744 -47.628090
v -22.674393 42.749668 -28.021137
v -23.029903 43.773735 -27.902634
v -22.674393 42.749664 -38.002369
v -23.029903 43.773727 -38.120872
v -12.574658 44.235542 -47.628090
v -2.830436 44.235542 -47.628090
v -12.574658 46.745483 -47.628090
v -2.830436 46.745483 -47.628090
v 7.269299 40.340160 -28.021135
v 7.624810 40.340160 -27.902630
v 7.269299 40.340160 -38.002369
v 7.624810 40.340160 -38.120872
v -12.574658 35.320278 -47.628090
v -2.830436 35.320278 -47.628090
v -12.574658 37.830219 -47.628090
v -2.830436 37.830219 -47.628090
v -22.674393 49.255424 -38.002369
v -23.029903 49.255424 -38.120872
v -22.674393 49.255428 -28.021137
v -23.029903 49.255428 -27.902634
v -12.574658 26.405014 -47.628090
v -2.830436 26.405014 -47.628090
v -12.574658 28.914957 -47.628090
v -2.830436 28.914957 -47.628090
v 7.269299 42.749660 -38.002369
v 7.624810 43.773727 -38.120872
v 7.269299 42.749660 -28.021135
v 7.624810 43.773727 -27.902630
v -12.574658 17.489750 -47.628090
v -2.830436 17.489750 -47.628090
v -12.574658 19.999693 -47.628090
v -2.830436 19.999693 -47.628090
v -22.674393 51.664932 -28.021137
v -23.029903 52.688995 -27.902634
v -22.674393 51.664928 -38.002369
v -23.029903 52.688995 -38.120872
v -12.574658 8.574486 -47.628090
v -2.830436 8.574486 -47.628090
v -12.574658 11.084428 -47.628090
v -2.830436 11.084428 -47.628090
v 7.269299 49.255424 -28.021135
v 7.624810 49.255424 -27.902630
v 7.269299 49.255424 -38.002369
v 7.624810 49.255424 -38.120872
v -12.574658 1.707350 -47.628090
v -2.830436 1.707350 -47.628090
v -12.574658 3.193227 -47.628090
v -2.830436 3.193227 -47.628090
v 6.913787 106.642403 -37.883865
v 6.913787 106.642403 -28.139641
v 6.913787 109.152344 -37.883865
v 6.913787 109.152344 -28.139641
v -22.674393 58.170692 -38.002369
v -23.029903 58.170692 -38.120872
v -22.674393 58.170696 -28.021137
v -23.029903 58.170696 -27.902634
v 6.913787 97.727135 -37.883865
v 6.913787 97.727135 -28.139641
v 6.913787 100.237076 -37.883865
v 6.913787 100.237076 -28.139641
v 7.269299 51.664925 -38.002369
v 7.624810 52.688988 -38.120872
v 7.269299 51.664925 -28.021135
v 7.624810 52.688988 -27.902630
v 6.913787 88.811867 -37.883865
v 6.913787 88.811867 -28.139641
v 6.913787 91.321808 -37.883865
v 6.913787 91.321808 -28.139641
v -22.674393 60.580196 -28.021137
v -23.029903 61.604263 -27.902634
v -22.674393 60.580193 -38.002369
v -23.029903 61.604256 -38.120872
v 6.913787 79.896599 -37.883865
v 6.913787 79.896599 -28.139641
v 6.913787 82.406540 -37.883865
v 6.913787 82.406540 -28.139641
v 7.269299 58.170685 -28.021135
v 7.624810 58.170685 -27.902630
v 7.269299 58.170685 -38.002369
v 7.624810 58.170685 -38.120872
v 6.913787 70.981331 -37.883865
v 6.913787 70.981331 -28.139641
v 6.913787 73.491272 -37.883865
v 6.913787 73.491272 -28.139641
v -22.674393 67.085953 -38.002369
v -23.029903 67.085953 -38.120872
v -22.674393 67.085960 -28.021137
v -23.029903 67.085960 -27.902634
v 6.913787 62.066063 -37.883865
v 6.913787 62.066063 -28.139641
v 6.913787 64.576004 -37.883865
v 6.913787 64.576004 -28.139641
v 7.269299 60.580185 -38.002369
v 7.624810 61.604248 -38.120872
v 7.269299 60.580185 -28.021135
v 7.624810 61.604248 -27.902630
v 6.913787 53.150803 -37.883865
v 6.913787 53.150803 -28.139641
v 6.913787 55.660744 -37.883865
v 6.913787 55.660744 -28.139641
v -22.674393 69.495461 -28.021137
v -23.029903 70.519531 -27.902634
v -22.674393 69.495453 -38.002369
v -23.029903 70.519516 -38.120872
v 6.913787 44.235542 -37.883865
v 6.913787 44.235542 -28.139641
v 6.913787 46.745483 -37.883865
v 6.913787 46.745483 -28.139641
v 7.269299 67.085945 -28.021135
v 7.624810 67.085945 -27.902630
v 7.269299 67.085945 -38.002369
v 7.624810 67.085945 -38.120872
v 6.913787 35.320278 -37.883865
v 6.913787 35.320278 -28.139641
v 6.913787 37.830219 -37.883865
v 6.913787 37.830219 -28.139641
v -22.674393 76.001221 -38.002369
v -23.029903 76.001221 -38.120872
v -22.674393 76.001228 -28.021137
v -23.029903 76.001228 -27.902634
v 6.913787 26.405014 -37.883865
v 6.913787 26.405014 -28.139641
v 6.913787 28.914957 -37.883865
v 6.913787 28.914957 -28.139641
v 7.269299 69.495453 -38.002369
v 7.624810 70.519516 -38.120872
v 7.269299 69.495453 -28.021135
v 7.624810 70.519516 -27.902630
v 6.913787 17.489750 -37.883865
v 6.913787 17.489750 -28.139641
v 6.913787 19.999693 -37.883865
v 6.913787 19.999693 -28.139641
v -22.674393 78.410728 -28.021137
v -23.029903 79.434799 -27.902634
v -22.674393 78.410721 -38.002369
v -23.029903 79.434784 -38.120872
v 6.913787 8.574486 -37.883865
v 6.913787 8.574486 -28.139641
v 6.913787 11.084428 -37.883865
v 6.913787 11.084428 -28.139641
v 7.269299 76.001213 -28.021135
v 7.624810 76.001213 -27.902630
v 7.269299 76.001213 -38.002369
v 7.624810 76.001213 -38.120872
v 6.913787 1.707350 -37.883865
v 6.913787 1.707350 -28.139641
v 6.913787 3.193227 -37.883865
v 6.913787 3.193227 -28.139641
v -2.830436 106.642403 -18.395416
v -12.574659 106.642403 -18.395416
v -2.830436 109.152344 -18.395416
v -12.574659 109.152344 -18.395416
v -22.674393 84.916489 -38.002369
v -23.029903 84.916489 -38.120872
v -22.674393 84.916496 -28.021137
v -23.029903 84.916496 -27.902634
v -2.830436 97.727142 -18.395416
v -12.574659 97.727142 -18.395416
v -2.830436 100.237083 -18.395416
v -12.574659 100.237091 -18.395416
v 7.269299 78.410721 -38.002369
v 7.624810 79.434784 -38.120872
v 7.269299 78.410721 -28.021135
v 7.624810 79.434784 -27.902630
v -2.830436 88.811874 -18.395416
v -12.574659 88.811874 -18.395416
v -2.830436 91.321815 -18.395416
v -12.574659 91.321823 -18.395416
v -22.674393 87.325996 -28.021137
v -23.029903 88.350067 -27.902634
v -22.674393 87.325989 -38.002369
v -23.029903 88.350052 -38.120872
v -2.830436 79.896606 -18.395416
v -12.574659 79.896606 -18.395416
v -2.830436 82.406548 -18.395416
v -12.574659 82.406555 -18.395416
v 7.269299 84.916481 -28.021135
v 7.624810 84.916481 -27.902630
v 7.269299 84.916481 -38.002369
v 7.624810 84.916481 -38.120872
v -2.830436 70.981339 -18.395416
v -12.574659 70.981339 -18.395416
v -2.830436 73.491280 -18.395416
v -12.574659 73.491287 -18.395416
v -22.674393 93.831757 -38.002369
v -23.029903 93.831757 -38.120872
v -22.674393 93.831764 -28.021137
v -23.029903 93.831764 -27.902634
v -2.830436 62.066071 -18.395416
v -12.574659 62.066078 -18.395416
v -2.830436 64.576012 -18.395416
v -12.574659 64.576019 -18.395416
v 7.269299 87.325989 -38.002369
v 7.624810 88.350052 -38.120872
v 7.269299 87.325989 -28.021135
v 7.624810 88.350052 -27.902630
v -2.830436 53.150806 -18.395416
v -12.574659 53.150810 -18.395416
v -2.830436 55.660748 -18.395416
v -12.574659 55.660751 -18.395416
v -22.674393 96.241264 -28.021137
v -23.029903 97.265327 -27.902634
v -22.674393 96.241257 -38.002369
v -23.029903 97.265320 -38.120872
v -2.830436 44.235546 -18.395416
v -12.574659 44.235550 -18.395416
v -2.830436 46.745487 -18.395416
v -12.574659 46.745491 -18.395416
v 7.269299 93.831749 -28.021135
v 7.624810 93.831749 -27.902630
v 7.269299 93.831749 -38.002369
v 7.624810 93.831749 -38.120872
v -2.830436 35.320278 -18.395416
v -12.574659 35.320282 -18.395416
v -2.830436 37.830219 -18.395416
v -12.574659 37.830223 -18.395416
v -22.674393 102.747025 -38.002369
v -23.029903 102.747025 -38.120872
v -22.674393 102.747025 -28.021137
v -23.029903 102.747025 -27.902634
v -2.830436 26.405014 -18.395416
v -12.574659 26.405014 -18.395416
v -2.830436 28.914957 -18.395416
v -12.574659 28.914959 -18.395416
v 7.269299 96.241257 -38.002369
v 7.624810 97.265320 -38.120872
v 7.269299 96.241257 -28.021135
v 7.624810 97.265320 -27.902630
v -2.830436 17.489750 -18.395416
v -12.574659 17.489750 -18.395416
v -2.830436 19.999693 -18.395416
v -12.574659 19.999695 -18.395416
v -22.674393 105.156525 -28.021137
v -23.029903 106.180588 -27.902634
v -22.674393 105.156525 -38.002369
v -23.029903 106.180588 -38.120872
v -2.830436 8.574486 -18.395416
v -12.574659 8.574486 -18.395416
v -2.830436 11.084428 -18.395416
v -12.574659 11.084429 -18.395416
v 7.269299 102.747017 -28.021135
v 7.624810 102.747017 -27.902630
v 7.269299 102.747017 -38.002369
v 7.624810 102.747017 -38.120872
v -2.830436 1.707350 -18.395416
v -12.574659 1.707350 -18.395416
v -2.830436 3.193227 -18.395416
v -12.574659 3.193227 -18.395416
v -45.098518 23.716324 27.577171
v -45.098518 23.716324 37.321396
v -49.048409 23.716324 27.577171
v -49.048409 23.716324 37.321396
v -45.098522 8.053092 47.065620
v -49.048409 8.053093 47.065620
v -45.098522 15.884707 47.065620
v -49.048409 15.884708 47.065620
v -41.148632 8.053092 27.577171
v -41.148632 8.053092 37.321396
v -41.148632 15.884707 27.577171
v -41.148632 15.884707 37.321396
v -49.048409 8.053092 17.832945
v -45.098518 8.053092 17.832945
v -49.048409 15.884707 17.832945
v -45.098518 15.884707 17.832945
v -52.998299 8.053093 37.321396
v -52.998299 8.053093 27.577171
v -52.998299 15.884708 37.321396
v -52.998299 15.884708 27.577171
v -19.582670 39.521912 27.577171
v -19.582670 39.521912 37.321396
v -29.326893 39.521912 27.577171
v -29.326893 39.521912 37.321396
v -19.582670 13.321621 47.065620
v -29.326893 13.321621 47.065620
v -19.582670 26.421766 47.065620
v -29.326893 26.421766 47.065620
v -9.838447 13.321621 27.577171
v -9.838447 13.321621 37.321396
v -9.838447 26.421766 27.577171
v -9.838447 26.421766 37.321396
v -29.326893 13.321621 17.832945
v -19.582670 13.321621 17.832945
v -29.326893 26.421766 17.832945
v -19.582670 26.421766 17.832945
v -39.071117 13.321621 37.321396
v -39.071117 13.321621 27.577171
v -39.071117 26.421766 37.321396
v -39.071117 26.421766 27.577171
v -39.138054 14.897795 -10.619000
v -39.138054 14.897795 -0.874778
v -48.882278 14.897795 -10.619000
v -48.882278 14.897795 -0.874778
v -39.138054 5.113581 8.869446
v -48.882278 5.113582 8.869446
v -39.138054 10.005688 8.869446
v -48.882278 10.005688 8.869446
v -29.393829 5.113581 -10.619000
v -29.393829 5.113581 -0.874778
v -29.393829 10.005688 -10.619000
v -29.393829 10.005688 -0.874778
v -48.882278 5.113581 -20.363224
v -39.138054 5.113581 -20.363224
v -48.882278 10.005688 -20.363224
v -39.138054 10.005688 -20.363224
v -58.626503 5.113582 -0.874778
v -58.626503 5.113582 -10.619000
v -58.626503 10.005688 -0.874778
v -58.626503 10.005688 -10.619000
v -2.474924 116.119919 -38.239372
v -2.474924 116.119919 -27.784126
v -12.930169 116.119919 -38.239372
v -12.930169 116.119919 -27.784126
v -22.674393 111.662292 -38.002369
v -23.029903 111.662292 -38.120872
v -22.674393 111.662292 -28.021137
v -23.029903 111.662292 -27.902634
v 7.269299 105.156525 -38.002369
v 7.624810 106.180588 -38.120872
v 7.269299 105.156525 -28.021135
v 7.624810 106.180588 -27.902630
v 7.269299 111.662285 -28.021135
v 7.624810 111.662285 -27.902630
v 7.269299 111.662285 -38.002369
v 7.624810 111.662285 -38.120872
v -2.711932 4.679104 -47.983601
v -2.593428 4.679104 -48.339111
v -12.693162 4.679104 -47.983601
v -12.811666 4.679104 -48.339111
v -64.073570 4.140868 19.408997
v -57.543365 4.140868 36.688622
v -64.073570 8.322424 19.408997
v -57.543365 8.322424 36.688622
v 65.725021 4.140868 19.409048
v 65.725021 8.322424 19.409048
v 59.194809 4.140868 36.688675
v 59.194809 8.322424 36.688675
v -33.733543 4.140868 60.498463
v -16.453920 4.140868 67.028671
v -33.733543 8.322424 60.498463
v -16.453920 8.322424 67.028671
v 35.384964 4.140868 60.498501
v 35.384964 8.322424 60.498501
v 18.105333 4.140868 67.028694
v 18.105333 8.322424 67.028694
v 59.194847 4.140868 -32.429852
v 59.194847 8.322424 -32.429852
v 65.725037 4.140868 -15.150217
v 65.725037 8.322424 -15.150217
v -33.733513 4.140868 -56.239708
v -33.733513 8.322424 -56.239708
v -16.453876 4.140868 -62.769909
v -16.453876 8.322424 -62.769909
v -64.073563 4.140868 -15.150257
v -64.073563 8.322424 -15.150257
v -57.543354 4.140868 -32.429878
v -57.543354 8.322424 -32.429878
v 35.385021 4.140868 -56.239697
v 18.105391 4.140868 -62.769905
v 35.385021 8.322424 -56.239697
v 18.105391 8.322424 -62.769905
v 14.073068 67.732246 49.297821
v 14.073067 67.732246 50.558350
v 23.790157 67.732246 49.297821
v 23.790157 67.732246 50.558350
v 37.072189 68.138779 17.226534
v 37.072189 68.138779 15.744279
v 37.072189 67.935516 17.226534
v 37.072189 67.935516 15.744279
v 34.695560 68.342049 15.744279
v 35.883873 68.342049 15.744279
v 34.695560 68.342049 17.226534
v 35.883873 68.342049 17.226534
v 2.837491 68.342049 49.297821
v 2.837491 68.342049 50.558350
v 1.319002 68.342049 49.297821
v 1.319002 68.342049 50.558350
v 35.883873 68.342049 49.297821
v 35.883873 68.342049 50.558350
v 34.695557 68.342049 49.297821
v 34.695557 68.342049 50.558350
v 14.073067 68.342049 50.558350
v 14.073067 68.342049 49.297821
v 23.790155 68.342049 50.558350
v 23.790155 68.342049 49.297821
v 34.695557 67.732246 49.297821
v 34.695557 67.732246 50.558350
v 35.883873 67.732246 49.297821
v 35.883873 67.732246 50.558350
v 1.319003 67.732246 49.297821
v 1.319003 67.732246 50.558350
v 2.837491 67.732246 49.297821
v 2.837491 67.732246 50.558350
v 37.072189 67.935516 49.297821
v 37.072189 67.935516 50.558350
v 37.072189 68.138779 49.297821
v 37.072189 68.138779 50.558350
v 14.073068 67.732246 17.226534
v 23.790157 67.732246 17.226534
v 14.073068 67.732246 15.744279
v 23.790157 67.732246 15.744279
v 34.695560 67.732246 17.226534
v 35.883873 67.732246 17.226534
v 34.695560 67.732246 15.744279
v 35.883873 67.732246 15.744279
v 1.319003 68.342049 17.226534
v 1.319003 68.342049 15.744279
v 2.837491 68.342049 17.226534
v 2.837491 68.342049 15.744279
v 2.837491 67.732246 17.226534
v 2.837491 67.732246 15.744279
v 1.319003 67.732246 17.226534
v 1.319003 67.732246 15.744279
v 14.073068 68.342049 15.744279
v 23.790157 68.342049 15.744279
v 14.073068 68.342049 17.226534
v 23.790157 68.342049 17.226534
v 2.837491 68.342049 28.484959
v 2.837491 68.342049 38.261124
v 1.319003 68.342049 28.484959
v 1.319003 68.342049 38.261124
v 1.319003 67.732246 28.484959
v 1.319003 67.732246 38.261124
v 2.837491 67.732246 28.484959
v 2.837491 67.732246 38.261124
v 14.073068 58.981102 49.297821
v 14.073067 58.981102 50.558350
v 23.790157 58.981102 49.297821
v 23.790157 58.981102 50.558350
v 34.695557 58.981102 28.484959
v 34.695557 58.981102 38.261124
v 35.883873 58.981102 28.484959
v 35.883873 58.981102 38.261124
v 34.695560 59.590897 15.744279
v 35.883873 59.590897 15.744279
v 34.695560 59.590897 17.226534
v 35.883873 59.590897 17.226534
v 2.837491 59.590897 49.297821
v 2.837491 59.590897 50.558350
v 1.319002 59.590897 49.297821
v 1.319002 59.590897 50.558350
v 35.883873 59.590897 28.484959
v 35.883873 59.590897 38.261124
v 34.695557 59.590897 28.484959
v 34.695557 59.590897 38.261124
v 35.883873 59.590897 49.297821
v 35.883873 59.590897 50.558350
v 34.695557 59.590897 49.297821
v 34.695557 59.590897 50.558350
v 14.073067 59.590897 50.558350
v 14.073067 59.590897 49.297821
v 23.790155 59.590897 50.558350
v 23.790155 59.590897 49.297821
v 34.695557 58.981102 49.297821
v 34.695557 58.981102 50.558350
v 35.883873 58.981102 49.297821
v 35.883873 58.981102 50.558350
v 1.319003 58.981102 49.297821
v 1.319003 58.981102 50.558350
v 2.837491 58.981102 49.297821
v 2.837491 58.981102 50.558350
v 14.073068 58.981102 17.226534
v 23.790157 58.981102 17.226534
v 14.073068 58.981102 15.744279
v 23.790157 58.981102 15.744279
v 34.695560 58.981102 17.226534
v 35.883873 58.981102 17.226534
v 34.695560 58.981102 15.744279
v 35.883873 58.981102 15.744279
v 1.319003 59.590897 17.226534
v 1.319003 59.590897 15.744279
v 2.837491 59.590897 17.226534
v 2.837491 59.590897 15.744279
v 2.837491 58.981102 17.226534
v 2.837491 58.981102 15.744279
v 1.319003 58.981102 17.226534
v 1.319003 58.981102 15.744279
v 14.073068 59.590897 15.744279
v 23.790157 59.590897 15.744279
v 14.073068 59.590897 17.226534
v 23.790157 59.590897 17.226534
v 2.837491 59.590897 28.484959
v 2.837491 59.590897 38.261124
v 1.319003 59.590897 28.484959
v 1.319003 59.590897 38.261124
v 1.319003 58.981102 28.484959
v 1.319003 58.981102 38.261124
v 2.837491 58.981102 28.484959
v 2.837491 58.981102 38.261124
v 14.073068 50.417000 49.297821
v 14.073067 50.417000 50.558350
v 23.790157 50.417000 49.297821
v 23.790157 50.417000 50.558350
v 34.695557 50.417000 28.484959
v 34.695557 50.417000 38.261124
v 35.883873 50.417000 28.484959
v 35.883873 50.417000 38.261124
v 34.695560 51.026798 15.744279
v 35.883873 51.026798 15.744279
v 34.695560 51.026798 17.226534
v 35.883873 51.026798 17.226534
v 2.837491 51.026798 49.297821
v 2.837491 51.026798 50.558350
v 1.319002 51.026798 49.297821
v 1.319002 51.026798 50.558350
v 35.883873 51.026798 28.484959
v 35.883873 51.026798 38.261124
v 34.695557 51.026798 28.484959
v 34.695557 51.026798 38.261124
v 35.883873 51.026798 49.297821
v 35.883873 51.026798 50.558350
v 34.695557 51.026798 49.297821
v 34.695557 51.026798 50.558350
v 14.073067 51.026798 50.558350
v 14.073067 51.026798 49.297821
v 23.790155 51.026798 50.558350
v 23.790155 51.026798 49.297821
v 34.695557 50.417000 49.297821
v 34.695557 50.417000 50.558350
v 35.883873 50.417000 49.297821
v 35.883873 50.417000 50.558350
v 1.319003 50.417000 49.297821
v 1.319003 50.417000 50.558350
v 2.837491 50.417000 49.297821
v 2.837491 50.417000 50.558350
v 14.073068 50.417000 17.226534
v 23.790157 50.417000 17.226534
v 14.073068 50.417000 15.744279
v 23.790157 50.417000 15.744279
v 34.695560 50.417000 17.226534
v 35.883873 50.417000 17.226534
v 34.695560 50.417000 15.744279
v 35.883873 50.417000 15.744279
v 1.319003 51.026798 17.226534
v 1.319003 51.026798 15.744279
v 2.837491 51.026798 17.226534
v 2.837491 51.026798 15.744279
v 2.837491 50.417000 17.226534
v 2.837491 50.417000 15.744279
v 1.319003 50.417000 17.226534
v 1.319003 50.417000 15.744279
v 14.073068 51.026798 15.744279
v 23.790157 51.026798 15.744279
v 14.073068 51.026798 17.226534
v 23.790157 51.026798 17.226534
v 2.837491 51.026798 28.484959
v 2.837491 51.026798 38.261124
v 1.319003 51.026798 28.484959
v 1.319003 51.026798 38.261124
v 1.319003 50.417000 28.484959
v 1.319003 50.417000 38.261124
v 2.837491 50.417000 28.484959
v 2.837491 50.417000 38.261124
v 14.073068 41.782936 49.297821
v 14.073067 41.782936 50.558350
v 23.790157 41.782936 49.297821
v 23.790157 41.782936 50.558350
v 34.695557 41.782936 28.484959
v 34.695557 41.782936 38.261124
v 35.883873 41.782936 28.484959
v 35.883873 41.782936 38.261124
v 34.695560 42.392735 15.744279
v 35.883873 42.392735 15.744279
v 34.695560 42.392735 17.226534
v 35.883873 42.392735 17.226534
v 2.837491 42.392735 49.297821
v 2.837491 42.392735 50.558350
v 1.319002 42.392735 49.297821
v 1.319002 42.392735 50.558350
v 35.883873 42.392735 28.484959
v 35.883873 42.392735 38.261124
v 34.695557 42.392735 28.484959
v 34.695557 42.392735 38.261124
v 35.883873 42.392735 49.297821
v 35.883873 42.392735 50.558350
v 34.695557 42.392735 49.297821
v 34.695557 42.392735 50.558350
v 14.073067 42.392735 50.558350
v 14.073067 42.392735 49.297821
v 23.790155 42.392735 50.558350
v 23.790155 42.392735 49.297821
v 34.695557 41.782936 49.297821
v 34.695557 41.782936 50.558350
v 35.883873 41.782936 49.297821
v 35.883873 41.782936 50.558350
v 1.319003 41.782936 49.297821
v 1.319003 41.782936 50.558350
v 2.837491 41.782936 49.297821
v 2.837491 41.782936 50.558350
v 14.073068 41.782936 17.226534
v 23.790157 41.782936 17.226534
v 14.073068 41.782936 15.744279
v 23.790157 41.782936 15.744279
v 34.695560 41.782936 17.226534
v 35.883873 41.782936 17.226534
v 34.695560 41.782936 15.744279
v 35.883873 41.782936 15.744279
v 1.319003 42.392735 17.226534
v 1.319003 42.392735 15.744279
v 2.837491 42.392735 17.226534
v 2.837491 42.392735 15.744279
v 2.837491 41.782936 17.226534
v 2.837491 41.782936 15.744279
v 1.319003 41.782936 17.226534
v 1.319003 41.782936 15.744279
v 14.073068 42.392735 15.744279
v 23.790157 42.392735 15.744279
v 14.073068 42.392735 17.226534
v 23.790157 42.392735 17.226534
v 2.837491 42.392735 28.484959
v 2.837491 42.392735 38.261124
v 1.319003 42.392735 28.484959
v 1.319003 42.392735 38.261124
v 1.319003 41.782936 28.484959
v 1.319003 41.782936 38.261124
v 2.837491 41.782936 28.484959
v 2.837491 41.782936 38.261124
v 14.073068 33.407822 49.297821
v 14.073067 33.407822 50.558350
v 23.790157 33.407822 49.297821
v 23.790157 33.407822 50.558350
v 34.695557 33.407822 28.484959
v 34.695557 33.407822 38.261124
v 35.883873 33.407822 28.484959
v 35.883873 33.407822 38.261124
v 34.695560 34.017624 15.744279
v 35.883873 34.017624 15.744279
v 34.695560 34.017624 17.226534
v 35.883873 34.017624 17.226534
v 2.837491 34.017624 49.297821
v 2.837491 34.017624 50.558350
v 1.319002 34.017624 49.297821
v 1.319002 34.017624 50.558350
v 35.883873 34.017624 28.484959
v 35.883873 34.017624 38.261124
v 34.695557 34.017624 28.484959
v 34.695557 34.017624 38.261124
v 35.883873 34.017624 49.297821
v 35.883873 34.017624 50.558350
v 34.695557 34.017624 49.297821
v 34.695557 34.017624 50.558350
v 14.073067 34.017624 50.558350
v 14.073067 34.017624 49.297821
v 23.790155 34.017624 50.558350
v 23.790155 34.017624 49.297821
v 34.695557 33.407822 49.297821
v 34.695557 33.407822 50.558350
v 35.883873 33.407822 49.297821
v 35.883873 33.407822 50.558350
v 1.319003 33.407822 49.297821
v 1.319003 33.407822 50.558350
v 2.837491 33.407822 49.297821
v 2.837491 33.407822 50.558350
v 14.073068 33.407822 17.226534
v 23.790157 33.407822 17.226534
v 14.073068 33.407822 15.744279
v 23.790157 33.407822 15.744279
v 34.695560 33.407822 17.226534
v 35.883873 33.407822 17.226534
v 34.695560 33.407822 15.744279
v 35.883873 33.407822 15.744279
v 1.319003 34.017624 17.226534
v 1.319003 34.017624 15.744279
v 2.837491 34.017624 17.226534
v 2.837491 34.017624 15.744279
v 2.837491 33.407822 17.226534
v 2.837491 33.407822 15.744279
v 1.319003 33.407822 17.226534
v 1.319003 33.407822 15.744279
v 14.073068 34.017624 15.744279
v 23.790157 34.017624 15.744279
v 14.073068 34.017624 17.226534
v 23.790157 34.017624 17.226534
v 2.837491 34.017624 28.484959
v 2.837491 34.017624 38.261124
v 1.319003 34.017624 28.484959
v 1.319003 34.017624 38.261124
v 1.319003 33.407822 28.484959
v 1.319003 33.407822 38.261124
v 2.837491 33.407822 28.484959
v 2.837491 33.407822 38.261124
v 14.073068 24.278538 49.297821
v 14.073067 24.278538 50.558350
v 23.790157 24.278538 49.297821
v 23.790157 24.278538 50.558350
v 34.695557 24.278538 28.484959
v 34.695557 24.278538 38.261124
v 35.883873 24.278538 28.484959
v 35.883873 24.278538 38.261124
v 34.695560 24.888340 15.744279
v 35.883873 24.888340 15.744279
v 34.695560 24.888340 17.226534
v 35.883873 24.888340 17.226534
v 2.837491 24.888340 49.297821
v 2.837491 24.888340 50.558350
v 1.319002 24.888340 49.297821
v 1.319002 24.888340 50.558350
v 35.883873 24.888340 28.484959
v 35.883873 24.888340 38.261124
v 34.695557 24.888340 28.484959
v 34.695557 24.888340 38.261124
v 35.883873 24.888340 49.297821
v 35.883873 24.888340 50.558350
v 34.695557 24.888340 49.297821
v 34.695557 24.888340 50.558350
v 14.073067 24.888340 50.558350
v 14.073067 24.888340 49.297821
v 23.790155 24.888340 50.558350
v 23.790155 24.888340 49.297821
v 34.695557 24.278538 49.297821
v 34.695557 24.278538 50.558350
v 35.883873 24.278538 49.297821
v 35.883873 24.278538 50.558350
v 1.319003 24.278538 49.297821
v 1.319003 24.278538 50.558350
v 2.837491 24.278538 49.297821
v 2.837491 24.278538 50.558350
v 14.073068 24.278538 17.226534
v 23.790157 24.278538 17.226534
v 14.073068 24.278538 15.744279
v 23.790157 24.278538 15.744279
v 34.695560 24.278538 17.226534
v 35.883873 24.278538 17.226534
v 34.695560 24.278538 15.744279
v 35.883873 24.278538 15.744279
v 1.319003 24.888340 17.226534
v 1.319003 24.888340 15.744279
v 2.837491 24.888340 17.226534
v 2.837491 24.888340 15.744279
v 2.837491 24.278538 17.226534
v 2.837491 24.278538 15.744279
v 1.319003 24.278538 17.226534
v 1.319003 24.278538 15.744279
v 14.073068 24.888340 15.744279
v 23.790157 24.888340 15.744279
v 14.073068 24.888340 17.226534
v 23.790157 24.888340 17.226534
v 2.837491 24.888340 28.484959
v 2.837491 24.888340 38.261124
v 1.319003 24.888340 28.484959
v 1.319003 24.888340 38.261124
v 1.319003 24.278538 28.484959
v 1.319003 24.278538 38.261124
v 2.837491 24.278538 28.484959
v 2.837491 24.278538 38.261124
v 14.073068 15.923643 49.297821
v 14.073067 15.923643 50.558350
v 23.790157 15.923643 49.297821
v 23.790157 15.923643 50.558350
v 34.695557 15.923643 28.484959
v 34.695557 15.923643 38.261124
v 35.883873 15.923643 28.484959
v 35.883873 15.923643 38.261124
v 34.695560 16.533447 15.744279
v 35.883873 16.533447 15.744279
v 34.695560 16.533447 17.226534
v 35.883873 16.533447 17.226534
v 2.837491 16.533447 49.297821
v 2.837491 16.533447 50.558350
v 1.319002 16.533447 49.297821
v 1.319002 16.533447 50.558350
v 35.883873 16.533447 28.484959
v 35.883873 16.533447 38.261124
v 34.695557 16.533447 28.484959
v 34.695557 16.533447 38.261124
v 35.883873 16.533447 49.297821
v 35.883873 16.533447 50.558350
v 34.695557 16.533447 49.297821
v 34.695557 16.533447 50.558350
v 14.073067 16.533447 50.558350
v 14.073067 16.533447 49.297821
v 23.790155 16.533447 50.558350
v 23.790155 16.533447 49.297821
v 34.695557 15.923643 49.297821
v 34.695557 15.923643 50.558350
v 35.883873 15.923643 49.297821
v 35.883873 15.923643 50.558350
v 1.319003 15.923643 49.297821
v 1.319003 15.923643 50.558350
v 2.837491 15.923643 49.297821
v 2.837491 15.923643 50.558350
v 14.073068 15.923643 17.226534
v 23.790157 15.923643 17.226534
v 14.073068 15.923643 15.744279
v 23.790157 15.923643 15.744279
v 34.695560 15.923643 17.226534
v 35.883873 15.923643 17.226534
v 34.695560 15.923643 15.744279
v 35.883873 15.923643 15.744279
v 1.319003 16.533447 17.226534
v 1.319003 16.533447 15.744279
v 2.837491 16.533447 17.226534
v 2.837491 16.533447 15.744279
v 2.837491 15.923643 17.226534
v 2.837491 15.923643 15.744279
v 1.319003 15.923643 17.226534
v 1.319003 15.923643 15.744279
v 14.073068 16.533447 15.744279
v 23.790157 16.533447 15.744279
v 14.073068 16.533447 17.226534
v 23.790157 16.533447 17.226534
v 2.837491 16.533447 28.484959
v 2.837491 16.533447 38.261124
v 1.319003 16.533447 28.484959
v 1.319003 16.533447 38.261124
v 1.319003 15.923643 28.484959
v 1.319003 15.923643 38.261124
v 2.837491 15.923643 28.484959
v 2.837491 15.923643 38.261124
v 14.073068 7.625597 49.297821
v 14.073067 7.625597 50.558350
v 23.790157 7.625597 49.297821
v 23.790157 7.625597 50.558350
v 34.695557 7.625597 28.484959
v 34.695557 7.625597 38.261124
v 35.883873 7.625597 28.484959
v 35.883873 7.625597 38.261124
v 34.695560 8.235399 15.744279
v 35.883873 8.235399 15.744279
v 34.695560 8.235399 17.226534
v 35.883873 8.235399 17.226534
v 2.837491 8.235399 49.297821
v 2.837491 8.235399 50.558350
v 1.319002 8.235399 49.297821
v 1.319002 8.235399 50.558350
v 35.883873 8.235399 28.484959
v 35.883873 8.235399 38.261124
v 34.695557 8.235399 28.484959
v 34.695557 8.235399 38.261124
v 35.883873 8.235399 49.297821
v 35.883873 8.235399 50.558350
v 34.695557 8.235399 49.297821
v 34.695557 8.235399 50.558350
v 14.073067 8.235399 50.558350
v 14.073067 8.235399 49.297821
v 23.790155 8.235399 50.558350
v 23.790155 8.235399 49.297821
v 34.695557 7.625597 49.297821
v 34.695557 7.625597 50.558350
v 35.883873 7.625597 49.297821
v 35.883873 7.625597 50.558350
v 1.319003 7.625597 49.297821
v 1.319003 7.625597 50.558350
v 2.837491 7.625597 49.297821
v 2.837491 7.625597 50.558350
v 14.073068 7.625597 17.226534
v 23.790157 7.625597 17.226534
v 14.073068 7.625597 15.744279
v 23.790157 7.625597 15.744279
v 34.695560 7.625597 17.226534
v 35.883873 7.625597 17.226534
v 34.695560 7.625597 15.744279
v 35.883873 7.625597 15.744279
v 1.319003 8.235399 17.226534
v 1.319003 8.235399 15.744279
v 2.837491 8.235399 17.226534
v 2.837491 8.235399 15.744279
v 2.837491 7.625597 17.226534
v 2.837491 7.625597 15.744279
v 1.319003 7.625597 17.226534
v 1.319003 7.625597 15.744279
v 14.073068 8.235399 15.744279
v 23.790157 8.235399 15.744279
v 14.073068 8.235399 17.226534
v 23.790157 8.235399 17.226534
v 2.837491 8.235399 28.484959
v 2.837491 8.235399 38.261124
v 1.319003 8.235399 28.484959
v 1.319003 8.235399 38.261124
v 1.319003 7.625597 28.484959
v 1.319003 7.625597 38.261124
v 2.837491 7.625597 28.484959
v 2.837491 7.625597 38.261124
v 4.492542 12.075130 48.050781
v 4.492542 23.928789 48.050781
v 4.492542 35.782448 48.050781
v 4.492542 47.636108 48.050781
v 4.492542 59.489769 48.050781
v 4.492542 71.343430 48.050781
v 4.492542 71.343422 18.818115
v 4.492542 59.489761 18.818115
v 4.492542 47.636105 18.818115
v 4.492542 35.782448 18.818115
v 4.492542 23.928789 18.818115
v 4.492542 12.075130 18.818115
v 33.725216 71.343422 18.818115
v 33.725216 59.489761 18.818115
v 33.725216 47.636105 18.818115
v 33.725216 35.782448 18.818115
v 33.725216 23.928789 18.818115
v 33.725216 12.075130 18.818115
v 33.725216 71.343422 48.050781
v 33.725216 59.489761 48.050781
v 33.725216 47.636105 48.050781
v 33.725216 35.782448 48.050781
v 33.725216 23.928789 48.050781
v 33.725216 12.075130 48.050781
v 4.492542 0.221472 28.562338
v 4.492542 0.221472 38.306561
v 4.492542 75.294647 48.050781
v 4.492542 79.245865 48.050781
v 4.492542 83.197083 38.306557
v 4.492542 83.197083 28.562336
v 4.492542 8.123911 18.818115
v 4.492542 4.172691 18.818115
v 23.980991 0.221472 18.818115
v 14.236767 0.221472 18.818115
v 14.236767 83.197083 18.818115
v 23.980991 83.197083 18.818115
v 33.725216 8.123911 18.818115
v 33.725216 4.172691 18.818115
v 33.725216 0.221472 38.306557
v 33.725216 0.221472 28.562336
v 33.725216 83.197083 28.562338
v 33.725216 83.197083 38.306561
v 33.725216 8.123911 48.050781
v 33.725216 4.172691 48.050781
v 14.236767 0.221472 48.050781
v 23.980991 0.221472 48.050781
v 23.980991 83.197083 48.050781
v 14.236767 83.197083 48.050781
v 4.492542 4.172692 48.050781
v 4.492542 8.123911 48.050781
v 4.492542 16.026350 48.050781
v 4.492542 19.977570 48.050781
v 4.492542 27.880009 48.050781
v 4.492542 31.831228 48.050781
v 4.492542 39.733669 48.050781
v 4.492542 43.684891 48.050781
v 4.492542 51.587330 48.050781
v 4.492542 55.538551 48.050781
v 4.492542 63.440990 48.050781
v 4.492542 67.392212 48.050781
v 4.492542 79.245865 18.818115
v 4.492542 75.294647 18.818115
v 4.492542 67.392204 18.818115
v 4.492542 63.440983 18.818115
v 4.492542 55.538544 18.818115
v 4.492542 51.587326 18.818115
v 4.492542 43.684887 18.818115
v 4.492542 39.733665 18.818115
v 4.492542 31.831228 18.818115
v 4.492542 27.880009 18.818115
v 4.492542 19.977570 18.818115
v 4.492542 16.026350 18.818115
v 33.725216 79.245865 18.818115
v 33.725216 75.294647 18.818115
v 33.725216 67.392204 18.818115
v 33.725216 63.440983 18.818115
v 33.725216 55.538544 18.818115
v 33.725216 51.587326 18.818115
v 33.725216 43.684887 18.818115
v 33.725216 39.733665 18.818115
v 33.725216 31.831228 18.818115
v 33.725216 27.880009 18.818115
v 33.725216 19.977570 18.818115
v 33.725216 16.026350 18.818115
v 33.725216 79.245865 48.050781
v 33.725216 75.294647 48.050781
v 33.725216 67.392204 48.050781
v 33.725216 63.440983 48.050781
v 33.725216 55.538544 48.050781
v 33.725216 51.587326 48.050781
v 33.725216 43.684887 48.050781
v 33.725216 39.733665 48.050781
v 33.725216 31.831228 48.050781
v 33.725216 27.880009 48.050781
v 33.725216 19.977570 48.050781
v 33.725216 16.026350 48.050781
v 23.980991 12.075130 48.050781
v 14.236767 12.075130 48.050781
v 23.980991 23.928789 48.050781
v 14.236767 23.928789 48.050781
v 23.980991 35.782448 48.050781
v 14.236767 35.782448 48.050781
v 23.980991 47.636105 48.050781
v 14.236767 47.636108 48.050781
v 23.980991 59.489765 48.050781
v 14.236767 59.489769 48.050781
v 23.980991 71.343422 48.050781
v 14.236767 71.343430 48.050781
v 33.725216 12.075130 28.562338
v 33.725216 12.075130 38.306561
v 33.725216 23.928789 28.562338
v 33.725216 23.928789 38.306561
v 33.725216 35.782448 28.562338
v 33.725216 35.782448 38.306561
v 33.725216 47.636105 28.562338
v 33.725216 47.636105 38.306561
v 33.725216 59.489761 28.562338
v 33.725216 59.489761 38.306561
v 33.725216 71.343422 28.562338
v 33.725216 71.343422 38.306561
v 14.236767 12.075130 18.818115
v 23.980991 12.075130 18.818115
v 14.236767 23.928789 18.818115
v 23.980991 23.928789 18.818115
v 14.236767 35.782448 18.818115
v 23.980991 35.782448 18.818115
v 14.236767 47.636105 18.818115
v 23.980991 47.636105 18.818115
v 14.236767 59.489761 18.818115
v 23.980991 59.489761 18.818115
v 14.236767 71.343422 18.818115
v 23.980991 71.343422 18.818115
v 4.492542 12.075130 38.306557
v 4.492542 12.075130 28.562336
v 4.492542 23.928789 38.306557
v 4.492542 23.928789 28.562336
v 4.492542 35.782448 38.306557
v 4.492542 35.782448 28.562336
v 4.492542 47.636108 38.306557
v 4.492542 47.636108 28.562336
v 4.492542 59.489765 38.306557
v 4.492542 59.489761 28.562336
v 4.492542 71.343430 38.306557
v 4.492542 71.343430 28.562336
v 4.492542 63.440987 38.306557
v 4.492542 63.440987 28.562336
v 4.492542 67.392212 38.306557
v 4.492542 67.392212 28.562336
v 4.492542 51.587330 38.306557
v 4.492542 51.587326 28.562336
v 4.492542 55.538548 38.306557
v 4.492542 55.538544 28.562336
v 4.492542 39.733669 38.306557
v 4.492542 39.733665 28.562336
v 4.492542 43.684891 38.306557
v 4.492542 43.684891 28.562336
v 4.492542 27.880009 38.306557
v 4.492542 27.880009 28.562336
v 4.492542 31.831228 38.306557
v 4.492542 31.831228 28.562336
v 4.492542 16.026350 38.306557
v 4.492542 16.026350 28.562336
v 4.492542 19.977570 38.306557
v 4.492542 19.977570 28.562336
v 4.492542 4.172692 38.306557
v 4.492542 4.172691 28.562336
v 4.492542 8.123911 38.306557
v 4.492542 8.123911 28.562336
v 14.236767 63.440983 18.818115
v 23.980991 63.440983 18.818115
v 14.236767 67.392204 18.818115
v 23.980991 67.392204 18.818115
v 14.236767 51.587326 18.818115
v 23.980991 51.587326 18.818115
v 14.236767 55.538544 18.818115
v 23.980991 55.538544 18.818115
v 14.236767 39.733665 18.818115
v 23.980991 39.733665 18.818115
v 14.236767 43.684887 18.818115
v 23.980991 43.684887 18.818115
v 14.236767 27.880009 18.818115
v 23.980991 27.880009 18.818115
v 14.236767 31.831228 18.818115
v 23.980991 31.831228 18.818115
v 14.236767 16.026350 18.818115
v 23.980991 16.026350 18.818115
v 14.236767 19.977570 18.818115
v 23.980991 19.977570 18.818115
v 14.236767 4.172691 18.818115
v 23.980991 4.172691 18.818115
v 14.236767 8.123911 18.818115
v 23.980991 8.123911 18.818115
v 33.725216 63.440983 28.562338
v 33.725216 63.440983 38.306561
v 33.725216 67.392204 28.562338
v 33.725216 67.392204 38.306561
v 33.725216 51.587326 28.562338
v 33.725216 51.587326 38.306561
v 33.725216 55.538544 28.562338
v 33.725216 55.538544 38.306561
v 33.725216 39.733665 28.562338
v 33.725216 39.733665 38.306561
v 33.725216 43.684887 28.562338
v 33.725216 43.684887 38.306561
v 33.725216 27.880009 28.562338
v 33.725216 27.880009 38.306561
v 33.725216 31.831228 28.562338
v 33.725216 31.831228 38.306561
v 33.725216 16.026350 28.562338
v 33.725216 16.026350 38.306561
v 33.725216 19.977570 28.562338
v 33.725216 19.977570 38.306561
v 33.725216 4.172691 28.562338
v 33.725216 4.172691 38.306561
v 33.725216 8.123911 28.562338
v 33.725216 8.123911 38.306561
v 23.980991 63.440987 48.050781
v 14.236767 63.440987 48.050781
v 23.980991 67.392204 48.050781
v 14.236767 67.392212 48.050781
v 23.980991 51.587326 48.050781
v 14.236767 51.587326 48.050781
v 23.980991 55.538548 48.050781
v 14.236767 55.538551 48.050781
v 23.980991 39.733665 48.050781
v 14.236767 39.733665 48.050781
v 23.980991 43.684887 48.050781
v 14.236767 43.684891 48.050781
v 23.980991 27.880009 48.050781
v 14.236767 27.880009 48.050781
v 23.980991 31.831228 48.050781
v 14.236767 31.831228 48.050781
v 23.980991 16.026350 48.050781
v 14.236767 16.026350 48.050781
v 23.980991 19.977570 48.050781
v 14.236767 19.977570 48.050781
v 23.980991 4.172691 48.050781
v 14.236767 4.172691 48.050781
v 23.980991 8.123911 48.050781
v 14.236767 8.123911 48.050781
v 23.980991 83.197083 28.562338
v 23.980991 83.197083 38.306561
v 14.236767 83.197083 28.562338
v 14.236767 83.197083 38.306561
v 23.980991 75.294647 48.050781
v 14.236767 75.294647 48.050781
v 23.980991 79.245865 48.050781
v 14.236767 79.245865 48.050781
v 33.725216 75.294647 28.562338
v 33.725216 75.294647 38.306561
v 33.725216 79.245865 28.562338
v 33.725216 79.245865 38.306561
v 14.236767 75.294647 18.818115
v 23.980991 75.294647 18.818115
v 14.236767 79.245865 18.818115
v 23.980991 79.245865 18.818115
v 4.492542 75.294647 38.306557
v 4.492542 75.294647 28.562336
v 4.492542 79.245865 38.306557
v 4.492542 79.245865 28.562336
v 22.501621 50.182655 -21.463829
v 22.501621 33.528927 -21.463829
v 22.501621 16.875200 -21.463829
v 51.734295 50.182655 -21.463829
v 51.734295 33.528927 -21.463829
v 51.734295 16.875200 -21.463829
v 51.734295 50.182655 7.768837
v 51.734295 33.528927 7.768837
v 51.734295 16.875200 7.768837
v 22.501621 16.875198 7.768837
v 22.501621 33.528927 7.768837
v 22.501621 50.182655 7.768837
v 22.501621 102.227798 7.768837
v 22.501621 102.227798 -21.463829
v 51.734295 102.227798 -21.463829
v 51.734295 102.227798 7.768837
v 22.501621 0.221472 -11.719606
v 22.501621 0.221472 -1.975385
v 22.501621 108.000526 7.768837
v 22.501621 113.773254 7.768837
v 22.501621 119.545982 -1.975386
v 22.501621 119.545982 -11.719607
v 22.501621 11.323957 -21.463829
v 22.501621 5.772715 -21.463829
v 41.990070 0.221472 -21.463829
v 32.245846 0.221472 -21.463829
v 32.245846 119.545982 -21.463829
v 41.990070 119.545982 -21.463829
v 51.734295 11.323957 -21.463829
v 51.734295 5.772715 -21.463829
v 51.734295 0.221472 -1.975386
v 51.734295 0.221472 -11.719607
v 51.734295 119.545982 -11.719606
v 51.734295 119.545982 -1.975385
v 51.734295 11.323957 7.768837
v 51.734295 5.772715 7.768837
v 32.245846 0.221472 7.768837
v 41.990070 0.221472 7.768837
v 41.990070 119.545982 7.768837
v 32.245846 119.545982 7.768837
v 22.501621 55.733898 7.768837
v 22.501621 61.285141 7.768837
v 41.990070 66.836380 7.768837
v 32.245846 66.836380 7.768837
v 51.734295 66.836380 -11.719606
v 51.734295 66.836380 -1.975385
v 32.245846 66.836380 -21.463829
v 41.990070 66.836380 -21.463829
v 22.501621 66.836380 -1.975386
v 22.501621 66.836380 -11.719607
v 22.501621 96.455070 -21.463829
v 22.501621 90.682343 -21.463829
v 51.734295 96.455070 -21.463829
v 51.734295 90.682343 -21.463829
v 51.734295 96.455070 7.768837
v 51.734295 90.682343 7.768837
v 41.990070 84.909622 7.768837
v 32.245846 84.909622 7.768837
v 51.734295 84.909622 -11.719606
v 51.734295 84.909622 -1.975385
v 32.245846 84.909622 -21.463829
v 41.990070 84.909622 -21.463829
v 22.501621 84.909622 -1.975386
v 22.501621 84.909622 -11.719607
v 22.501621 61.285137 -21.463829
v 22.501621 55.733894 -21.463829
v 22.501621 44.631413 -21.463829
v 22.501621 39.080170 -21.463829
v 22.501621 27.977684 -21.463829
v 22.501621 22.426441 -21.463829
v 51.734295 61.285137 -21.463829
v 51.734295 55.733894 -21.463829
v 51.734295 44.631413 -21.463829
v 51.734295 39.080170 -21.463829
v 51.734295 27.977684 -21.463829
v 51.734295 22.426441 -21.463829
v 51.734295 61.285137 7.768837
v 51.734295 55.733894 7.768837
v 51.734295 44.631413 7.768837
v 51.734295 39.080170 7.768837
v 51.734295 27.977684 7.768837
v 51.734295 22.426441 7.768837
v 22.501621 5.772715 7.768837
v 22.501621 11.323956 7.768837
v 22.501621 22.426441 7.768837
v 22.501621 27.977684 7.768837
v 22.501621 39.080170 7.768837
v 22.501621 44.631413 7.768837
v 22.501621 16.875198 -1.975386
v 22.501621 16.875198 -11.719607
v 22.501621 33.528927 -1.975386
v 22.501621 33.528927 -11.719607
v 22.501621 50.182655 -1.975386
v 22.501621 50.182655 -11.719607
v 32.245846 16.875200 -21.463829
v 41.990070 16.875200 -21.463829
v 32.245846 33.528927 -21.463829
v 41.990070 33.528927 -21.463829
v 32.245846 50.182655 -21.463829
v 41.990070 50.182655 -21.463829
v 51.734295 16.875200 -11.719606
v 51.734295 16.875200 -1.975385
v 51.734295 33.528927 -11.719606
v 51.734295 33.528927 -1.975385
v 51.734295 50.182655 -11.719606
v 51.734295 50.182655 -1.975385
v 41.990070 16.875200 7.768837
v 32.245846 16.875198 7.768837
v 41.990070 33.528927 7.768837
v 32.245846 33.528927 7.768837
v 41.990070 50.182655 7.768837
v 32.245846 50.182655 7.768837
v 22.501621 90.682350 7.768837
v 22.501621 96.455078 7.768837
v 22.501621 113.773254 -21.463829
v 22.501621 108.000526 -21.463829
v 51.734295 113.773254 -21.463829
v 51.734295 108.000526 -21.463829
v 51.734295 113.773254 7.768837
v 51.734295 108.000526 7.768837
v 41.990070 102.227798 7.768837
v 32.245846 102.227798 7.768837
v 51.734295 102.227798 -11.719606
v 51.734295 102.227798 -1.975385
v 32.245846 102.227798 -21.463829
v 41.990070 102.227798 -21.463829
v 22.501621 102.227798 -1.975386
v 22.501621 102.227798 -11.719607
v 22.501621 90.682350 -1.975386
v 22.501621 90.682343 -11.719607
v 22.501621 96.455078 -1.975386
v 22.501621 96.455078 -11.719607
v 32.245846 90.682343 -21.463829
v 41.990070 90.682343 -21.463829
v 32.245846 96.455070 -21.463829
v 41.990070 96.455070 -21.463829
v 51.734295 90.682343 -11.719606
v 51.734295 90.682343 -1.975385
v 51.734295 96.455070 -11.719606
v 51.734295 96.455070 -1.975385
v 41.990070 90.682343 7.768837
v 32.245846 90.682343 7.768837
v 41.990070 96.455070 7.768837
v 32.245846 96.455078 7.768837
v 41.990070 39.080170 7.768837
v 32.245846 39.080170 7.768837
v 41.990070 44.631413 7.768837
v 32.245846 44.631413 7.768837
v 41.990070 22.426441 7.768837
v 32.245846 22.426441 7.768837
v 41.990070 27.977684 7.768837
v 32.245846 27.977684 7.768837
v 41.990070 5.772715 7.768837
v 32.245846 5.772715 7.768837
v 41.990070 11.323957 7.768837
v 32.245846 11.323957 7.768837
v 51.734295 39.080170 -11.719606
v 51.734295 39.080170 -1.975385
v 51.734295 44.631413 -11.719606
v 51.734295 44.631413 -1.975385
v 51.734295 22.426441 -11.719606
v 51.734295 22.426441 -1.975385
v 51.734295 27.977684 -11.719606
v 51.734295 27.977684 -1.975385
v 51.734295 5.772715 -11.719606
v 51.734295 5.772715 -1.975385
v 51.734295 11.323957 -11.719606
v 51.734295 11.323957 -1.975385
v 32.245846 39.080170 -21.463829
v 41.990070 39.080170 -21.463829
v 32.245846 44.631413 -21.463829
v 41.990070 44.631413 -21.463829
v 32.245846 22.426441 -21.463829
v 41.990070 22.426441 -21.463829
v 32.245846 27.977684 -21.463829
v 41.990070 27.977684 -21.463829
v 32.245846 5.772715 -21.463829
v 41.990070 5.772715 -21.463829
v 32.245846 11.323957 -21.463829
v 41.990070 11.323957 -21.463829
v 22.501621 39.080170 -1.975386
v 22.501621 39.080170 -11.719607
v 22.501621 44.631413 -1.975386
v 22.501621 44.631413 -11.719607
v 22.501621 22.426441 -1.975386
v 22.501621 22.426441 -11.719607
v 22.501621 27.977684 -1.975386
v 22.501621 27.977684 -11.719607
v 22.501621 5.772715 -1.975386
v 22.501621 5.772715 -11.719607
v 22.501621 11.323956 -1.975386
v 22.501621 11.323957 -11.719607
v 41.990070 66.836380 -1.975385
v 32.245846 66.836380 -1.975385
v 41.990070 66.836380 -11.719606
v 32.245846 66.836380 -11.719606
v 41.990070 84.909622 -1.975386
v 41.990070 84.909622 -11.719607
v 32.245846 84.909622 -1.975386
v 32.245846 84.909622 -11.719607
v 22.501621 55.733898 -1.975386
v 22.501621 55.733894 -11.719607
v 22.501621 61.285141 -1.975386
v 22.501621 61.285141 -11.719607
v 32.245846 55.733894 -21.463829
v 41.990070 55.733894 -21.463829
v 32.245846 61.285137 -21.463829
v 41.990070 61.285137 -21.463829
v 51.734295 55.733894 -11.719606
v 51.734295 55.733894 -1.975385
v 51.734295 61.285137 -11.719606
v 51.734295 61.285137 -1.975385
v 41.990070 55.733894 7.768837
v 32.245846 55.733894 7.768837
v 41.990070 61.285137 7.768837
v 32.245846 61.285141 7.768837
v 41.990070 119.545982 -11.719606
v 41.990070 119.545982 -1.975385
v 32.245846 119.545982 -11.719606
v 32.245846 119.545982 -1.975385
v 41.990070 108.000526 7.768837
v 32.245846 108.000526 7.768837
v 41.990070 113.773254 7.768837
v 32.245846 113.773254 7.768837
v 51.734295 108.000526 -11.719606
v 51.734295 108.000526 -1.975385
v 51.734295 113.773254 -11.719606
v 51.734295 113.773254 -1.975385
v 32.245846 108.000526 -21.463829
v 41.990070 108.000526 -21.463829
v 32.245846 113.773254 -21.463829
v 41.990070 113.773254 -21.463829
v 22.501621 108.000526 -1.975386
v 22.501621 108.000526 -11.719607
v 22.501621 113.773254 -1.975386
v 22.501621 113.773254 -11.719607
v 67.357574 -0.040688 15.089140
v 62.459915 -0.040688 28.048862
v 57.562256 -0.040688 41.008583
v -12.133967 -0.040688 -64.402458
v -25.093693 -0.040688 -59.504807
v -38.053421 -0.040688 -54.607155
v -12.134013 -0.040688 68.661224
v -25.093731 -0.040688 63.763565
v -38.053448 -0.040688 58.865906
v -65.706116 -0.040688 -10.830350
v -60.808460 -0.040688 -23.790070
v -55.910805 -0.040688 -36.749786
v 57.562298 -0.040688 -36.749763
v 62.459942 -0.040688 -23.790035
v 67.357590 -0.040688 -10.830309
v -55.910816 -0.040688 41.008530
v -60.808468 -0.040688 28.048809
v -65.706123 -0.040688 15.089088
v 18.683109 -0.040688 2.129397
v 36.540485 -0.040688 2.129404
v 54.397858 -0.040688 2.129411
v 39.704929 -0.040688 -54.607143
v 26.745205 -0.040688 -59.504799
v 13.785482 -0.040688 -64.402451
v 39.704872 -0.040688 58.865952
v 26.745148 -0.040688 63.763596
v 13.785425 -0.040688 68.661240
v -52.746399 -0.040688 2.129374
v -34.889023 -0.040688 2.129379
v -17.031645 -0.040688 2.129385
v 0.825753 -0.040688 -51.442734
v 0.825746 -0.040688 -33.585358
v 0.825740 -0.040688 -15.727983
v 0.825726 -0.040688 19.986763
v 0.825718 -0.040688 37.844139
v 0.825711 -0.040688 55.701511
v 50.724609 -0.040688 16.313545
v 47.051365 -0.040688 30.497681
v 43.378120 -0.040688 44.681816
v 34.091652 -0.040688 17.537952
v 31.642817 -0.040688 32.946503
v 29.193981 -0.040688 48.355049
v 17.458689 -0.040688 18.762360
v 16.234268 -0.040688 35.395321
v 15.009847 -0.040688 52.028282
v 43.378162 -0.040688 -40.423004
v 47.051395 -0.040688 -26.238865
v 50.724625 -0.040688 -12.054728
v 29.194025 -0.040688 -44.096249
v 31.642845 -0.040688 -28.687696
v 34.091667 -0.040688 -13.279146
v 15.009890 -0.040688 -47.769489
v 16.234297 -0.040688 -31.136526
v 17.458702 -0.040688 -14.503565
v -13.358387 -0.040688 -47.769497
v -14.582807 -0.040688 -31.136536
v -15.807226 -0.040688 -14.503574
v -27.542526 -0.040688 -44.096260
v -29.991358 -0.040688 -28.687714
v -32.440189 -0.040688 -13.279167
v -41.726665 -0.040688 -40.423023
v -45.399910 -0.040688 -26.238890
v -49.073154 -0.040688 -12.054758
v -15.807237 -0.040688 18.762344
v -14.582829 -0.040688 35.395306
v -13.358421 -0.040688 52.028267
v -32.440201 -0.040688 17.537926
v -29.991377 -0.040688 32.946472
v -27.542553 -0.040688 48.355019
v -49.073162 -0.040688 16.313507
v -45.399925 -0.040688 30.497641
v -41.726685 -0.040688 44.681774
v 55.113426 -0.040688 47.488445
v -44.533283 -0.040688 -52.158329
v -44.533306 -0.040688 56.417076
v -53.461975 -0.040688 -43.229645
v 69.806412 -0.040688 -4.350446
v -68.154953 -0.040688 8.609228
v 63.326546 -0.040688 2.129414
v 7.305621 -0.040688 -66.851280
v 7.305564 -0.040688 71.110062
v -8.102956 -0.040688 2.129388
v 0.825736 -0.040688 -6.799296
v 0.825707 -0.040688 64.630196
v 69.806404 -0.040688 8.609279
v 64.908745 -0.040688 21.569000
v 60.011086 -0.040688 34.528725
v -5.654104 -0.040688 -66.851288
v -18.613831 -0.040688 -61.953632
v -31.573557 -0.040688 -57.055981
v -5.654155 -0.040688 71.110054
v -18.613873 -0.040688 66.212395
v -31.573589 -0.040688 61.314735
v -68.154945 -0.040688 -4.350491
v -63.257286 -0.040688 -17.310209
v -58.359634 -0.040688 -30.269928
v 55.113476 -0.040688 -43.229626
v 60.011120 -0.040688 -30.269899
v 64.908768 -0.040688 -17.310173
v -53.461990 -0.040688 47.488388
v -58.359642 -0.040688 34.528671
v -63.257294 -0.040688 21.568949
v 9.754421 -0.040688 2.129394
v 27.611797 -0.040688 2.129401
v 45.469170 -0.040688 2.129407
v 46.184792 -0.040688 -52.158318
v 33.225067 -0.040688 -57.055969
v 20.265343 -0.040688 -61.953625
v 46.184731 -0.040688 56.417130
v 33.225010 -0.040688 61.314774
v 20.265285 -0.040688 66.212418
v -61.675087 -0.040688 2.129371
v -43.817711 -0.040688 2.129376
v -25.960335 -0.040688 2.129382
v 0.825756 -0.040688 -60.371422
v 0.825749 -0.040688 -42.514046
v 0.825743 -0.040688 -24.656670
v 0.825729 -0.040688 11.058077
v 0.825722 -0.040688 28.915451
v 0.825715 -0.040688 46.772827
v 41.541496 -0.040688 51.773884
v 52.561234 -0.040688 9.221478
v 48.887985 -0.040688 23.405613
v 45.214745 -0.040688 37.589748
v 27.969564 -0.040688 56.059322
v 35.316071 -0.040688 9.833678
v 32.867233 -0.040688 25.242228
v 30.418400 -0.040688 40.650776
v 14.397636 -0.040688 60.344761
v 18.070900 -0.040688 10.445878
v 16.846478 -0.040688 27.078840
v 15.622057 -0.040688 43.711800
v 59.041092 -0.040688 15.701343
v 54.755638 -0.040688 29.273272
v 50.470188 -0.040688 42.845200
v 42.408131 -0.040688 16.925749
v 39.347092 -0.040688 31.722092
v 36.286049 -0.040688 46.518433
v 25.775169 -0.040688 18.150156
v 23.938541 -0.040688 34.170914
v 22.101913 -0.040688 50.191666
v 9.142207 -0.040688 19.374561
v 8.529993 -0.040688 36.619728
v 7.917779 -0.040688 53.864899
v 52.561241 -0.040688 -4.962658
v 41.541546 -0.040688 -47.515076
v 45.214779 -0.040688 -33.330933
v 48.888008 -0.040688 -19.146797
v 35.316078 -0.040688 -5.574871
v 27.969616 -0.040688 -51.800522
v 30.418434 -0.040688 -36.391972
v 32.867256 -0.040688 -20.983421
v 18.070906 -0.040688 -6.187084
v 14.397686 -0.040688 -56.085968
v 15.622093 -0.040688 -39.453007
v 16.846500 -0.040688 -22.820045
v 50.470230 -0.040688 -38.586384
v 54.755669 -0.040688 -25.014450
v 59.041107 -0.040688 -11.442518
v 36.286095 -0.040688 -42.259628
v 39.347122 -0.040688 -27.463280
v 42.408146 -0.040688 -12.666937
v 22.101957 -0.040688 -45.932869
v 23.938572 -0.040688 -29.912111
v 25.775185 -0.040688 -13.891356
v 7.917821 -0.040688 -49.606110
v 8.530022 -0.040688 -32.360943
v 9.142221 -0.040688 -15.115774
v -16.419436 -0.040688 -6.187095
v -12.746178 -0.040688 -56.085976
v -13.970596 -0.040688 -39.453018
v -15.195017 -0.040688 -22.820055
v -33.664604 -0.040688 -5.574894
v -26.318110 -0.040688 -51.800533
v -28.766941 -0.040688 -36.391987
v -31.215775 -0.040688 -20.983440
v -50.909775 -0.040688 -4.962692
v -39.890045 -0.040688 -47.515091
v -43.563286 -0.040688 -33.330956
v -47.236534 -0.040688 -19.146824
v -6.266317 -0.040688 -49.606117
v -6.878530 -0.040688 -32.360947
v -7.490744 -0.040688 -15.115779
v -20.450457 -0.040688 -45.932877
v -22.287083 -0.040688 -29.912125
v -24.123707 -0.040688 -13.891371
v -34.634598 -0.040688 -42.259644
v -37.695633 -0.040688 -27.463303
v -40.756672 -0.040688 -12.666963
v -48.818733 -0.040688 -38.586403
v -53.104187 -0.040688 -25.014481
v -57.389633 -0.040688 -11.442554
v -12.746218 -0.040688 60.344746
v -16.419441 -0.040688 10.445865
v -15.195032 -0.040688 27.078825
v -13.970625 -0.040688 43.711784
v -26.318142 -0.040688 56.059292
v -33.664612 -0.040688 9.833652
v -31.215790 -0.040688 25.242199
v -28.766964 -0.040688 40.650745
v -39.890068 -0.040688 51.773842
v -50.909782 -0.040688 9.221440
v -47.236542 -0.040688 23.405575
v -43.563305 -0.040688 37.589706
v -7.490755 -0.040688 19.374554
v -6.878555 -0.040688 36.619720
v -6.266355 -0.040688 53.864891
v -24.123718 -0.040688 18.150135
v -22.287102 -0.040688 34.170891
v -20.450487 -0.040688 50.191643
v -40.756683 -0.040688 16.925716
v -37.695652 -0.040688 31.722057
v -34.634621 -0.040688 46.518394
v -57.389641 -0.040688 15.701298
v -53.104195 -0.040688 29.273224
v -48.818748 -0.040688 42.845154
v -50.961472 -0.040688 36.059189
v -55.246918 -0.040688 22.487261
v -59.532364 -0.040688 8.915335
v -36.165138 -0.040688 39.120224
v -39.226166 -0.040688 24.323887
v -42.287197 -0.040688 9.527546
v -21.368793 -0.040688 42.181267
v -23.205410 -0.040688 26.160513
v -25.042027 -0.040688 10.139758
v -6.572455 -0.040688 45.242306
v -7.184655 -0.040688 27.997137
v -7.796855 -0.040688 10.751971
v -33.104103 -0.040688 53.916565
v -19.532181 -0.040688 58.202019
v -5.960255 -0.040688 62.487473
v -55.246910 -0.040688 -18.228518
v -50.961460 -0.040688 -31.800442
v -46.676010 -0.040688 -45.372368
v -39.226151 -0.040688 -20.065132
v -36.165115 -0.040688 -34.861473
v -33.104076 -0.040688 -49.657814
v -23.205395 -0.040688 -21.901749
v -21.368771 -0.040688 -37.922501
v -19.532143 -0.040688 -53.943253
v -7.184637 -0.040688 -23.738363
v -6.572424 -0.040688 -40.983532
v -5.960211 -0.040688 -58.228703
v -42.287193 -0.040688 -5.268793
v -25.042021 -0.040688 -5.880995
v -7.796850 -0.040688 -6.493196
v 8.836122 -0.040688 -23.738358
v 8.223922 -0.040688 -40.983528
v 7.611721 -0.040688 -58.228695
v 24.856878 -0.040688 -21.901733
v 23.020264 -0.040688 -37.922489
v 21.183651 -0.040688 -53.943245
v 40.877632 -0.040688 -20.065109
v 37.816608 -0.040688 -34.861454
v 34.755581 -0.040688 -49.657799
v 56.898388 -0.040688 -18.228485
v 52.612949 -0.040688 -31.800417
v 48.327511 -0.040688 -45.372353
v 26.693491 -0.040688 -5.880978
v 43.938660 -0.040688 -5.268764
v 61.183826 -0.040688 -4.656552
v 8.223886 -0.040688 45.242313
v 8.836100 -0.040688 27.997145
v 9.448315 -0.040688 10.751978
v 23.020227 -0.040688 42.181290
v 24.856855 -0.040688 26.160534
v 26.693483 -0.040688 10.139778
v 37.816570 -0.040688 39.120262
v 40.877609 -0.040688 24.323921
v 43.938652 -0.040688 9.527578
v 52.612915 -0.040688 36.059235
v 56.898365 -0.040688 22.487307
v 61.183819 -0.040688 8.915379
v 21.183599 -0.040688 58.202042
v 34.755531 -0.040688 53.916603
v 48.327461 -0.040688 49.631165
v 7.611671 -0.040688 62.487480
v 9.448321 -0.040688 -6.493190
v -59.532360 -0.040688 -4.656592
v -46.676025 -0.040688 49.631115
v 19.791111 113.961670 -11.765694
v 19.791111 113.961670 -1.989525
v 19.791111 114.571465 -1.989525
v 19.791111 114.571465 -11.765694
v 22.828089 113.961670 -21.541862
v 21.309601 113.961670 -21.541862
v 21.309599 114.571465 -21.541862
v 22.828087 114.571465 -21.541862
v 24.346577 113.961670 -1.989525
v 24.346577 113.961670 -11.765694
v 24.346577 114.571465 -11.765694
v 24.346577 114.571465 -1.989525
v 21.309599 113.961670 7.786644
v 22.828087 113.961670 7.786644
v 22.828089 114.571465 7.786644
v 21.309601 114.571465 7.786644
v 22.828089 113.961670 -25.988632
v 21.309601 113.961670 -25.988632
v 21.309599 114.571465 -25.988632
v 22.828087 114.571465 -25.988632
v 19.791111 114.571465 -23.024118
v 19.791111 114.571465 -24.506374
v 19.791111 113.961670 -24.506376
v 19.791111 113.961670 -23.024120
v 24.346577 113.961670 -23.024118
v 24.346577 113.961670 -24.506374
v 24.346577 114.571465 -24.506376
v 24.346577 114.571465 -23.024120
v 53.497845 113.961670 -23.024118
v 53.497845 113.961670 -24.506374
v 53.497845 114.571465 -24.506376
v 53.497845 114.571465 -23.024120
v 34.063667 114.571465 -21.541862
v 43.780754 114.571465 -21.541862
v 43.780754 114.571465 -25.988632
v 34.063667 114.571465 -25.988632
v 34.063667 113.961670 -21.541862
v 43.780754 113.961670 -21.541862
v 43.780754 113.961670 -25.988632
v 34.063667 113.961670 -25.988632
v 43.780754 114.571465 11.568230
v 34.063667 114.571465 11.568230
v 43.780754 114.571465 7.786644
v 34.063667 114.571465 7.786644
v 43.780754 113.961670 11.568230
v 34.063667 113.961670 11.568230
v 24.346577 113.961670 10.307701
v 24.346577 113.961670 9.047173
v 19.791111 114.571465 10.307701
v 19.791111 114.571465 9.047173
v 57.062786 114.571465 10.307701
v 57.062786 114.571465 9.047173
v 24.346577 114.571465 10.307701
v 24.346577 114.571465 9.047173
v 57.062786 113.961670 9.047173
v 57.062786 113.961670 10.307701
v 34.063667 113.961670 7.786644
v 43.780754 113.961670 7.786644
v 19.791111 113.961670 9.047173
v 19.791111 113.961670 10.307701
v 53.497845 114.571465 10.307701
v 53.497845 114.571465 9.047173
v 55.874474 114.571465 11.568230
v 54.686157 114.571465 11.568230
v 21.309599 113.961670 11.568230
v 22.828087 113.961670 11.568230
v 53.497845 114.571465 -1.989525
v 53.497845 114.571465 -11.765694
v 57.062786 114.571465 -11.765694
v 57.062786 114.571465 -1.989525
v 53.497845 113.961670 9.047173
v 53.497845 113.961670 10.307701
v 55.874474 113.961670 11.568230
v 54.686157 113.961670 11.568230
v 55.874474 114.571465 7.786644
v 54.686157 114.571465 7.786644
v 55.874474 114.571465 -25.988632
v 54.686157 114.571465 -25.988632
v 55.874474 114.571465 -21.541862
v 54.686157 114.571465 -21.541862
v 22.828089 114.571465 11.568230
v 21.309601 114.571465 11.568230
v 53.497845 113.961670 -1.989525
v 53.497845 113.961670 -11.765694
v 55.874474 113.961670 7.786644
v 54.686157 113.961670 7.786644
v 57.062786 114.571465 -24.506376
v 57.062786 114.571465 -23.024120
v 57.062786 113.961670 -23.024118
v 57.062786 113.961670 -24.506374
v 54.686157 113.961670 -25.988632
v 55.874474 113.961670 -25.988632
v 57.062786 113.961670 -11.765694
v 57.062786 113.961670 -1.989525
v 55.874474 113.961670 -21.541862
v 54.686157 113.961670 -21.541862
v 34.063667 113.961670 9.047173
v 34.063667 113.961670 10.307701
v 43.780754 113.961670 9.047173
v 43.780754 113.961670 10.307701
v 54.686157 113.961670 -11.765694
v 54.686157 113.961670 -1.989525
v 55.874474 113.961670 -11.765694
v 55.874474 113.961670 -1.989525
v 54.686157 114.571465 -24.506376
v 55.874474 114.571465 -24.506376
v 54.686157 114.571465 -23.024120
v 55.874474 114.571465 -23.024120
v 22.828089 114.571465 9.047173
v 22.828089 114.571465 10.307701
v 21.309601 114.571465 9.047173
v 21.309601 114.571465 10.307701
v 55.874474 114.571465 -11.765694
v 55.874474 114.571465 -1.989525
v 54.686157 114.571465 -11.765694
v 54.686157 114.571465 -1.989525
v 55.874474 114.571465 9.047173
v 55.874474 114.571465 10.307701
v 54.686157 114.571465 9.047173
v 54.686157 114.571465 10.307701
v 34.063667 114.571465 10.307701
v 34.063667 114.571465 9.047173
v 43.780754 114.571465 10.307701
v 43.780754 114.571465 9.047173
v 54.686157 113.961670 9.047173
v 54.686157 113.961670 10.307701
v 55.874474 113.961670 9.047173
v 55.874474 113.961670 10.307701
v 21.309599 113.961670 9.047173
v 21.309599 113.961670 10.307701
v 22.828087 113.961670 9.047173
v 22.828087 113.961670 10.307701
v 34.063667 113.961670 -23.024118
v 43.780754 113.961670 -23.024118
v 34.063667 113.961670 -24.506374
v 43.780754 113.961670 -24.506374
v 54.686157 113.961670 -23.024118
v 55.874474 113.961670 -23.024118
v 54.686157 113.961670 -24.506374
v 55.874474 113.961670 -24.506374
v 21.309599 114.571465 -23.024118
v 21.309599 114.571465 -24.506374
v 22.828087 114.571465 -23.024118
v 22.828087 114.571465 -24.506374
v 22.828089 113.961670 -23.024118
v 22.828089 113.961670 -24.506374
v 21.309601 113.961670 -23.024118
v 21.309601 113.961670 -24.506374
v 34.063667 114.571465 -24.506376
v 43.780754 114.571465 -24.506376
v 34.063667 114.571465 -23.024120
v 43.780754 114.571465 -23.024120
v 22.828087 114.571465 -11.765694
v 22.828087 114.571465 -1.989525
v 21.309599 114.571465 -11.765694
v 21.309601 114.571465 -1.989525
v 21.309601 113.961670 -11.765694
v 21.309601 113.961670 -1.989525
v 22.828089 113.961670 -11.765694
v 22.828087 113.961670 -1.989525
v -12.515385 100.335167 44.814735
v -31.844643 100.335167 25.485462
v -31.844652 100.335167 52.699497
v -39.729416 100.335167 33.370228
v -12.515376 100.335167 33.370235
v -39.729416 100.335167 44.814728
v -18.237633 100.335167 39.092484
v -20.400139 100.335167 25.485466
v -20.400152 100.335167 52.699501
v -34.007164 100.335167 39.092480
v -26.122395 100.335167 31.207716
v -26.122400 100.335167 46.977249
v 15.890295 121.912544 -65.556046
v -3.438964 121.912544 -84.885315
v -3.438976 121.912544 -57.671280
v -11.323736 121.912544 -77.000549
v 15.890303 121.912544 -77.000542
v -11.323740 121.912544 -65.556046
v 10.168047 121.912544 -71.278290
v 8.005540 121.912544 -84.885307
v 8.005525 121.912544 -57.671276
v -5.601488 121.912544 -71.278297
v 2.283284 121.912544 -79.163055
v 2.283277 121.912544 -63.393528
v -5.960227 153.322662 -0.303139
v -25.289486 153.322662 -19.632412
v -25.289495 153.322662 7.581623
v -33.174255 153.322662 -11.747646
v -5.960219 153.322662 -11.747639
v -33.174263 153.322662 -0.303146
v -11.682475 153.322662 -6.025389
v -13.844982 153.322662 -19.632410
v -13.844995 153.322662 7.581625
v -27.452009 153.322662 -6.025394
v -19.567238 153.322662 -13.910160
v -19.567244 153.322662 1.859375
v 138.544235 119.189095 -6.353739
v 119.214981 119.189095 -25.683012
v 119.214966 119.189095 1.531027
v 111.330208 119.189095 -17.798246
v 138.544250 119.189095 -17.798235
v 111.330200 119.189095 -6.353743
v 132.821991 119.189095 -12.075991
v 130.659485 119.189095 -25.683004
v 130.659470 119.189095 1.531027
v 117.052460 119.189095 -12.075994
v 124.937225 119.189095 -19.960760
v 124.937218 119.189095 -4.191225
v -40.374802 133.110931 10.346668
v -59.704060 133.110931 -8.982605
v -59.704071 133.110931 18.231430
v -67.588837 133.110931 -1.097841
v -40.374794 133.110931 -1.097830
v -67.588837 133.110931 10.346661
v -46.097046 133.110931 4.624418
v -48.259552 133.110931 -8.982599
v -48.259567 133.110931 18.231434
v -61.866585 133.110931 4.624413
v -53.981812 133.110931 -3.260351
v -53.981819 133.110931 12.509183
v -47.178307 133.110931 11.427926
v -47.178299 133.110931 -2.179090
v -60.785324 133.110931 -2.179096
v -60.785328 133.110931 11.427921
v 131.740723 119.189095 -5.272482
v 131.740738 119.189095 -18.879499
v 118.133720 119.189095 -18.879503
v 118.133713 119.189095 -5.272484
v -12.763735 153.322662 0.778118
v -12.763729 153.322662 -12.828899
v -26.370747 153.322662 -12.828903
v -26.370752 153.322662 0.778114
v 9.086786 121.912544 -64.474785
v 9.086794 121.912544 -78.081802
v -4.520226 121.912544 -78.081802
v -4.520232 121.912544 -64.474792
v -19.318893 100.335167 45.895992
v -19.318886 100.335167 32.288975
v -32.925903 100.335167 32.288971
v -32.925907 100.335167 45.895988
v 33.548183 200.594116 22.804394
v 33.548191 200.594116 9.197372
v 47.155209 200.594116 9.197380
v 47.155193 200.594116 22.804398
v 40.351688 200.594116 23.885651
v 40.351696 200.594116 8.116119
v 32.466930 200.594116 16.000885
v 46.073940 200.594116 29.607903
v 46.073956 200.594116 2.393875
v 48.236462 200.594116 16.000885
v 26.744671 200.594116 21.723137
v 53.958721 200.594116 10.278641
v 26.744678 200.594116 10.278633
v 34.629436 200.594116 29.607903
v 34.629452 200.594116 2.393867
v 53.958706 200.594116 21.723137
v 41.401814 197.402527 16.545624
v 40.351696 200.594116 16.000885
v 40.351688 200.594116 31.770424
v 40.351704 200.594116 0.231354
v 40.358349 197.170044 20.694984
v 39.056812 196.894653 10.144257
v 24.582165 200.594116 16.000885
v 56.121227 200.594116 16.000893
v 33.337811 197.408875 16.948242
v 43.688900 197.006073 14.063484
v 28.907192 200.594116 4.556381
v 28.907192 200.594116 27.445389
v 51.796185 200.594116 27.445389
v 51.796200 200.594116 4.556396
v 33.559856 197.129028 8.023560
v 37.611057 197.083069 23.099060
v 46.767925 197.226654 24.699509
v 46.458416 197.204315 10.249985
vt 0.0000 0.0000
vt 0.0000 0.0000
vt 0.0000 0.0000
vt 0.0000 0.0000
vt 0.0000 0.0000
vt 0.0000 0.0000
vt 0.0000 0.0000
vt 0.0000 0.0000
vt 0.0000 0.0000
vt 0.0000 0.0000
vt 0.0000 0.0000
vt 0.0000 0.0000
vt 0.0000 0.0000
vt 0.0000 0.0000
vt 0.0000 0.0000
vt 0.0000 0.0000
vt 0.0000 0.0000
vt 0.0000 0.0000
vt 0.0000 0.0000
vt 0.0000 0.0000
vt 0.0000 0.0000
vt 0.0000 0.0000
vt 0.0000 0.0000
vt 0.0000 0.0000
vt 0.0000 0.0000
vt 0.0000 0.0000
vt 0.0000 0.0000
vt 0.0000 0.0000
vt 0.0000 0.0000
vt 0.0000 0.0000
vt 0.0000 0.0000
vt 0.0000 0.0000
vt 0.0000 0.0000
vt 0.0000 0.0000
vt 0.0000 0.0000
vt 0.0000 0.0000
vt 0.0000 0.0000
vt 0.0000 0.0000
vt 0.0000 0.0000
vt 0.0000 0.0000
vt 0.0000 0.0000
vt 0.0000 0.0000
vt 0.0000 0.0000
vt 0.0000 0.0000
vt 0.0000 0.0000
vt 0.0000 0.0000
vt 0.0000 0.0000
vt 0.0000 0.0000
vt 0.0000 0.0000
vt 0.0000 0.0000
vt 0.0000 0.0000
vt 0.0000 0.0000
vt 0.0000 0.0000
vt 0.0000 0.0000
vt 0.0000 0.0000
vt 0.0000 0.0000
vt 0.0000 0.0000
vt 0.0000 0.0000
vt 0.0000 0.0000
vt 0.0000 0.0000
vt 0.0000 0.0000
vt 0.0000 0.0000
vt 0.0000 0.0000
vt 0.0000 0.0000
vt 0.0000 0.0000
vt 0.0000 0.0000
vt 0.0000 0.0000
vt 0.0000 0.0000
vt 0.0000 0.0000
vt 0.0000 0.0000
vt 0.0000 0.0000
vt 0.0000 0.0000
vt 0.0000 0.0000
vt 0.0000 0.0000
vt 0.0000 0.0000
vt 0.0000 0.0000
vt 0.0000 0.0000
vt 0.0000 0.0000
vt 0.0000 0.0000
vt 0.0000 0.0000
vt 0.0000 0.0000
vt 0.0000 0.0000
vt 0.0000 0.0000
vt 0.0000 0.0000
vt 0.0000 0.0000
vt 0.0000 0.0000
vt 0.0000 0.0000
vt 0.0000 0.0000
vt 0.0000 0.0000
vt 0.0000 0.0000
vt 0.0000 0.0000
vt 0.0000 0.0000
vt 0.0000 0.0000
vt 0.0000 0.0000
vt 0.0000 0.0000
vt 0.0000 0.0000
vt 0.0000 0.0000
vt 0.0000 0.0000
vt 0.0000 0.0000
vt 0.0000 0.0000
vt 0.0000 0.0000
vt 0.0000 0.0000
vt 0.0000 0.0000
vt 0.0000 0.0000
vt 0.0000 0.0000
vt 0.0000 0.0000
vt 0.0000 0.0000
vt 0.0000 0.0000
vt 0.0000 0.0000
vt 0.0000 0.0000
vt 0.0000 0.0000
vt 0.0000 0.0000
vt 0.0000 0.0000
vt 0.0000 0.0000
vt 0.0000 0.0000
vt 0.0000 0.0000
vt 0.0000 0.0000
vt 0.0000 0.0000
vt 0.0000 0.0000
vt 0.0000 0.0000
vt 0.0000 0.0000
vt 0.0000 0.0000
vt 0.0000 0.0000
vt 0.0000 0.0000
vt 0.0000 0.0000
vt 0.0000 0.0000
vt 0.0000 0.0000
vt 0.0000 0.0000
vt 0.0000 0.0000
vt 0.0000 0.0000
vt 0.0000 0.0000
vt 0.0000 0.0000
vt 0.0000 0.0000
vt 0.0000 0.0000
vt 0.0000 0.0000
vt 0.0000 0.0000
vt 0.0000 0.0000
vt 0.0000 0.0000
vt 0.0000 0.0000
vt 0.0000 0.0000
vt 0.0000 0.0000
vt 0.0000 0.0000
vt 0.0000 0.0000
vt 0.0000 0.0000
vt 0.0000 0.0000
vt 0.0000 0.0000
vt 0.0000 0.0000
vt 0.0000 0.0000
vt 0.0000 0.0000
vt 0.0000 0.0000
vt 0.0000 0.0000
vt 0.0000 0.0000
vt 0.0000 0.0000
vt 0.0000 0.0000
vt 0.0000 0.0000
vt 0.0000 0.0000
vt 0.0000 0.0000
vt 0.0000 0.0000
vt 0.0000 0.0000
vt 0.0000 0.0000
vt 0.0000 0.0000
vt 0.0000 0.0000
vt 0.0000 0.0000
vt 0.0000 0.0000
vt 0.0000 0.0000
vt 0.0000 0.0000
vt 0.0000 0.0000
vt 0.0000 0.0000
vt 0.0000 0.0000
vt 0.0000 0.0000
vt 0.0000 0.0000
vt 0.0000 0.0000
vt 0.0000 0.0000
vt 0.0000 0.0000
vt 0.0000 0.0000
vt 0.0000 0.0000
vt 0.0000 0.0000
vt 0.0000 0.0000
vt 0.0000 0.0000
vt 0.0000 0.0000
vt 0.0000 0.0000
vt 0.0000 0.0000
vt 0.0000 0.0000
vt 0.0000 0.0000
vt 0.0000 0.0000
vt 0.0000 0.0000
vt 0.0000 0.0000
vt 0.0000 0.0000
vt 0.0000 0.0000
vt 0.0000 0.0000
vt 0.0000 0.0000
vt 0.0000 0.0000
vt 0.0000 0.0000
vt 0.0000 0.0000
vt 0.0000 0.0000
vt 0.0000 0.0000
vt 0.0000 0.0000
vt 0.0000 0.0000
vt 0.0000 0.0000
vt 0.0000 0.0000
vt 0.0000 0.0000
vt 0.0000 0.0000
vt 0.0000 0.0000
vt 0.0000 0.0000
vt 0.0000 0.0000
vt 0.0000 0.0000
vt 0.0000 0.0000
vt 0.0000 0.0000
vt 0.0000 0.0000
vt 0.0000 0.0000
vt 0.0000 0.0000
vt 0.0000 0.0000
vt 0.0000 0.0000
vt 0.0000 0.0000
vt 0.0000 0.0000
vt 0.0000 0.0000
vt 0.0000 0.0000
vt 0.0000 0.0000
vt 0.0000 0.0000
vt 0.0000 0.0000
vt 0.0000 0.0000
vt 0.0000 0.0000
vt 0.0000 0.0000
vt 0.0000 0.0000
vt 0.0000 0.0000
vt 0.0000 0.0000
vt 0.0000 0.0000
vt 0.0000 0.0000
vt 0.0000 0.0000
vt 0.0000 0.0000
vt 0.0000 0.0000
vt 0.0000 0.0000
vt 0.0000 0.0000
vt 0.0000 0.0000
vt 0.0000 0.0000
vt 0.0000 0.0000
vt 0.0000 0.0000
vt 0.0000 0.0000
vt 0.0000 0.0000
vt 0.0000 0.0000
vt 0.0000 0.0000
vt 0.0000 0.0000
vt 0.0000 0.0000
vt 0.0000 0.0000
vt 0.0000 0.0000
vt 0.0000 0.0000
vt 0.0000 0.0000
vt 0.0000 0.0000
vt 0.0000 0.0000
vt 0.0000 0.0000
vt 0.0000 0.0000
vt 0.0000 0.0000
vt 0.0000 0.0000
vt 0.0000 0.0000
vt 0.0000 0.0000
vt 0.0000 0.0000
vt 0.0000 0.0000
vt 0.0000 0.0000
vt 0.0000 0.0000
vt 0.0000 0.0000
vt 0.0000 0.0000
vt 0.0000 0.0000
vt 0.0000 0.0000
vt 0.0000 0.0000
vt 0.0000 0.0000
vt 0.0000 0.0000
vt 0.0000 0.0000
vt 0.0000 0.0000
vt 0.0000 0.0000
vt 0.0000 0.0000
vt 0.0000 0.0000
vt 0.0000 0.0000
vt 0.0000 0.0000
vt 0.0000 0.0000
vt 0.0000 0.0000
vt 0.0000 0.0000
vt 0.0000 0.0000
vt 0.0000 0.0000
vt 0.0000 0.0000
vt 0.0000 0.0000
vt 0.0000 0.0000
vt 0.0000 0.0000
vt 0.0000 0.0000
vt 0.0000 0.0000
vt 0.0000 0.0000
vt 0.0000 0.0000
vt 0.0000 0.0000
vt 0.0000 0.0000
vt 0.0000 0.0000
vt 0.0000 0.0000
vt 0.0000 0.0000
vt 0.0000 0.0000
vt 0.0000 0.0000
vt 0.0000 0.0000
vt 0.0000 0.0000
vt 0.0000 0.0000
vt 0.0000 0.0000
vt 0.0000 0.0000
vt 0.0000 0.0000
vt 0.0000 0.0000
vt 0.0000 0.0000
vt 0.0000 0.0000
vt 0.0000 0.0000
vt 0.0000 0.0000
vt 0.0000 0.0000
vt 0.0000 0.0000
vt 0.0000 0.0000
vt 0.0000 0.0000
vt 0.0000 0.0000
vt 0.0000 0.0000
vt 0.0000 0.0000
vt 0.0000 0.0000
vt 0.0000 0.0000
vt 0.0000 0.0000
vt 0.0000 0.0000
vt 0.0000 0.0000
vt 0.0000 0.0000
vt 0.0000 0.0000
vt 0.0000 0.0000
vt 0.0000 0.0000
vt 0.0000 0.0000
vt 0.0000 0.0000
vt 0.0000 0.0000
vt 0.0000 0.0000
vt 0.0000 0.0000
vt 0.0000 0.0000
vt 0.0000 0.0000
vt 0.0000 0.0000
vt 0.0000 0.0000
vt 0.0000 0.0000
vt 0.0000 0.0000
vt 0.0000 0.0000
vt 0.0000 0.0000
vt 0.0000 0.0000
vt 0.0000 0.0000
vt 0.0000 0.0000
vt 0.0000 0.0000
vt 0.0000 0.0000
vt 0.0000 0.0000
vt 0.0000 0.0000
vt 0.0000 0.0000
vt 0.0000 0.0000
vt 0.0000 0.0000
vt 0.0000 0.0000
vt 0.0000 0.0000
vt 0.0000 0.0000
vt 0.0000 0.0000
vt 0.0000 0.0000
vt 0.0000 0.0000
vt 0.0000 0.0000
vt 0.0000 0.0000
vt 0.0000 0.0000
vt 0.0000 0.0000
vt 0.0000 0.0000
vt 0.0000 0.0000
vt 0.0000 0.0000
vt 0.0000 0.0000
vt 0.0000 0.0000
vt 0.0000 0.0000
vt 0.0000 0.0000
vt 0.0000 0.0000
vt 0.0000 0.0000
vt 0.0000 0.0000
vt 0.0000 0.0000
vt 0.0000 0.0000
vt 0.0000 0.0000
vt 0.0000 0.0000
vt 0.0000 0.0000
vt 0.0000 0.0000
vt 0.0000 0.0000
vt 0.0000 0.0000
vt 0.0000 0.0000
vt 0.0000 0.0000
vt 0.0000 0.0000
vt 0.0000 0.0000
vt 0.0000 0.0000
vt 0.0000 0.0000
vt 0.0000 0.0000
vt 0.0000 0.0000
vt 0.0000 0.0000
vt 0.0000 0.0000
vt 0.0000 0.0000
vt 0.0000 0.0000
vt 0.0000 0.0000
vt 0.0000 0.0000
vt 0.0000 0.0000
vt 0.0000 0.0000
vt 0.0000 0.0000
vt 0.0000 0.0000
vt 0.0000 0.0000
vt 0.0000 0.0000
vt 0.0000 0.0000
vt 0.0000 0.0000
vt 0.0000 0.0000
vt 0.0000 0.0000
vt 0.0000 0.0000
vt 0.0000 0.0000
vt 0.0000 0.0000
vt 0.0000 0.0000
vt 0.0000 0.0000
vt 0.0000 0.0000
vt 0.0000 0.0000
vt 0.0000 0.0000
vt 0.0000 0.0000
vt 0.0000 0.0000
vt 0.0000 0.0000
vt 0.0000 0.0000
vt 0.0000 0.0000
vt 0.0000 0.0000
vt 0.0000 0.0000
vt 0.0000 0.0000
vt 0.0000 0.0000
vt 0.0000 0.0000
vt 0.0000 0.0000
vt 0.0000 0.0000
vt 0.0000 0.0000
vt 0.0000 0.0000
vt 0.0000 0.0000
vt 0.0000 0.0000
vt 0.0000 0.0000
vt 0.0000 0.0000
vt 0.0000 0.0000
vt 0.0000 0.0000
vt 0.0000 0.0000
vt 0.0000 0.0000
vt 0.0000 0.0000
vt 0.0000 0.0000
vt 0.0000 0.0000
vt 0.0000 0.0000
vt 0.0000 0.0000
vt 0.0000 0.0000
vt 0.0000 0.0000
vt 0.0000 0.0000
vt 0.0000 0.0000
vt 0.0000 0.0000
vt 0.0000 0.0000
vt 0.0000 0.0000
vt 0.0000 0.0000
vt 0.0000 0.0000
vt 0.0000 0.0000
vt 0.0000 0.0000
vt 0.0000 0.0000
vt 0.0000 0.0000
vt 0.0000 0.0000
vt 0.0000 0.0000
vt 0.0000 0.0000
vt 0.0000 0.0000
vt 0.0000 0.0000
vt 0.0000 0.0000
vt 0.0000 0.0000
vt 0.0000 0.0000
vt 0.0000 0.0000
vt 0.0000 0.0000
vt 0.0000 0.0000
vt 0.0000 0.0000
vt 0.0000 0.0000
vt 0.0000 0.0000
vt 0.0000 0.0000
vt 0.0000 0.0000
vt 0.0000 0.0000
vt 0.0000 0.0000
vt 0.0000 0.0000
vt 0.0000 0.0000
vt 0.0000 0.0000
vt 0.0000 0.0000
vt 0.0000 0.0000
vt 0.0000 0.0000
vt 0.0000 0.0000
vt 0.0000 0.0000
vt 0.0000 0.0000
vt 0.0000 0.0000
vt 0.0000 0.0000
vt 0.0000 0.0000
vt 0.0000 0.0000
vt 0.0000 0.0000
vt 0.0000 0.0000
vt 0.0000 0.0000
vt 0.0000 0.0000
vt 0.0000 0.0000
vt 0.0000 0.0000
vt 0.0000 0.0000
vt 0.0000 0.0000
vt 0.0000 0.0000
vt 0.0000 0.0000
vt 0.0000 0.0000
vt 0.0000 0.0000
vt 0.0000 0.0000
vt 0.0000 0.0000
vt 0.0000 0.0000
vt 0.0000 0.0000
vt 0.0000 0.0000
vt 0.0000 0.0000
vt 0.0000 0.0000
vt 0.0000 0.0000
vt 0.0000 0.0000
vt 0.0000 0.0000
vt 0.0000 0.0000
vt 0.0000 0.0000
vt 0.0000 0.0000
vt 0.0000 0.0000
vt 0.0000 0.0000
vt 0.0000 0.0000
vt 0.0000 0.0000
vt 0.0000 0.0000
vt 0.0000 0.0000
vt 0.0000 0.0000
vt 0.0000 0.0000
vt 0.0000 0.0000
vt 0.0000 0.0000
vt 0.0000 0.0000
vt 0.0000 0.0000
vt 0.0000 0.0000
vt 0.0000 0.0000
vt 0.0000 0.0000
vt 0.0000 0.0000
vt 0.0000 0.0000
vt 0.0000 0.0000
vt 0.0000 0.0000
vt 0.0000 0.0000
vt 0.0000 0.0000
vt 0.0000 0.0000
vt 0.0000 0.0000
vt 0.0000 0.0000
vt 0.0000 0.0000
vt 0.0000 0.0000
vt 0.0000 0.0000
vt 0.0000 0.0000
vt 0.0000 0.0000
vt 0.0000 0.0000
vt 0.0000 0.0000
vt 0.0000 0.0000
vt 0.0000 0.0000
vt 0.0000 0.0000
vt 0.0000 0.0000
vt 0.0000 0.0000
vt 0.0000 0.0000
vt 0.0000 0.0000
vt 0.0000 0.0000
vt 0.0000 0.0000
vt 0.0000 0.0000
vt 0.0000 0.0000
vt 0.0000 0.0000
vt 0.0000 0.0000
vt 0.0000 0.0000
vt 0.0000 0.0000
vt 0.0000 0.0000
vt 0.0000 0.0000
vt 0.0000 0.0000
vt 0.0000 0.0000
vt 0.0000 0.0000
vt 0.0000 0.0000
vt 0.0000 0.0000
vt 0.0000 0.0000
vt 0.0000 0.0000
vt 0.0000 0.0000
vt 0.0000 0.0000
vt 0.0000 0.0000
vt 0.0000 0.0000
vt 0.0000 0.0000
vt 0.0000 0.0000
vt 0.0000 0.0000
vt 0.0000 0.0000
vt 0.0000 0.0000
vt 0.0000 0.0000
vt 0.0000 0.0000
vt 0.0000 0.0000
vt 0.0000 0.0000
vt 0.0000 0.0000
vt 0.0000 0.0000
vt 0.0000 0.0000
vt 0.0000 0.0000
vt 0.0000 0.0000
vt 0.0000 0.0000
vt 0.0000 0.0000
vt 0.0000 0.0000
vt 0.0000 0.0000
vt 0.0000 0.0000
vt 0.0000 0.0000
vt 0.0000 0.0000
vt 0.0000 0.0000
vt 0.0000 0.0000
vt 0.0000 0.0000
vt 0.0000 0.0000
vt 0.0000 0.0000
vt 0.0000 0.0000
vt 0.0000 0.0000
vt 0.0000 0.0000
vt 0.0000 0.0000
vt 0.0000 0.0000
vt 0.0000 0.0000
vt 0.0000 0.0000
vt 0.0000 0.0000
vt 0.0000 0.0000
vt 0.0000 0.0000
vt 0.0000 0.0000
vt 0.0000 0.0000
vt 0.0000 0.0000
vt 0.0000 0.0000
vt 0.0000 0.0000
vt 0.0000 0.0000
vt 0.0000 0.0000
vt 0.0000 0.0000
vt 0.0000 0.0000
vt 0.0000 0.0000
vt 0.0000 0.0000
vt 0.0000 0.0000
vt 0.0000 0.0000
vt 0.0000 0.0000
vt 0.0000 0.0000
vt 0.0000 0.0000
vt 0.0000 0.0000
vt 0.0000 0.0000
vt 0.0000 0.0000
vt 0.0000 0.0000
vt 0.0000 0.0000
vt 0.0000 0.0000
vt 0.0000 0.0000
vt 0.0000 0.0000
vt 0.0000 0.0000
vt 0.0000 0.0000
vt 0.0000 0.0000
vt 0.0000 0.0000
vt 0.0000 0.0000
vt 0.0000 0.0000
vt 0.0000 0.0000
vt 0.0000 0.0000
vt 0.0000 0.0000
vt 0.0000 0.0000
vt 0.0000 0.0000
vt 0.0000 0.0000
vt 0.0000 0.0000
vt 0.0000 0.0000
vt 0.0000 0.0000
vt 0.0000 0.0000
vt 0.0000 0.0000
vt 0.0000 0.0000
vt 0.0000 0.0000
vt 0.0000 0.0000
vt 0.0000 0.0000
vt 0.0000 0.0000
vt 0.0000 0.0000
vt 0.0000 0.0000
vt 0.0000 0.0000
vt 0.0000 0.0000
vt 0.0000 0.0000
vt 0.0000 0.0000
vt 0.0000 0.0000
vt 0.0000 0.0000
vt 0.0000 0.0000
vt 0.0000 0.0000
vt 0.0000 0.0000
vt 0.0000 0.0000
vt 0.0000 0.0000
vt 0.0000 0.0000
vt 0.0000 0.0000
vt 0.0000 0.0000
vt 0.0000 0.0000
vt 0.0000 0.0000
vt 0.0000 0.0000
vt 0.0000 0.0000
vt 0.0000 0.0000
vt 0.0000 0.0000
vt 0.0000 0.0000
vt 0.0000 0.0000
vt 0.0000 0.0000
vt 0.0000 0.0000
vt 0.0000 0.0000
vt 0.0000 0.0000
vt 0.0000 0.0000
vt 0.0000 0.0000
vt 0.0000 0.0000
vt 0.0000 0.0000
vt 0.0000 0.0000
vt 0.0000 0.0000
vt 0.0000 0.0000
vt 0.0000 0.0000
vt 0.0000 0.0000
vt 0.0000 0.0000
vt 0.0000 0.0000
vt 0.0000 0.0000
vt 0.0000 0.0000
vt 0.0000 0.0000
vt 0.0000 0.0000
vt 0.0000 0.0000
vt 0.0000 0.0000
vt 0.0000 0.0000
vt 0.0000 0.0000
vt 0.0000 0.0000
vt 0.0000 0.0000
vt 0.0000 0.0000
vt 0.0000 0.0000
vt 0.0000 0.0000
vt 0.0000 0.0000
vt 0.0000 0.0000
vt 0.0000 0.0000
vt 0.0000 0.0000
vt 0.0000 0.0000
vt 0.0000 0.0000
vt 0.0000 0.0000
vt 0.0000 0.0000
vt 0.0000 0.0000
vt 0.0000 0.0000
vt 0.0000 0.0000
vt 0.0000 0.0000
vt 0.0000 0.0000
vt 0.0000 0.0000
vt 0.0000 0.0000
vt 0.0000 0.0000
vt 0.0000 0.0000
vt 0.0000 0.0000
vt 0.0000 0.0000
vt 0.0000 0.0000
vt 0.0000 0.0000
vt 0.0000 0.0000
vt 0.0000 0.0000
vt 0.0000 0.0000
vt 0.0000 0.0000
vt 0.0000 0.0000
vt 0.0000 0.0000
vt 0.0000 0.0000
vt 0.0000 0.0000
vt 0.0000 0.0000
vt 0.0000 0.0000
vt 0.0000 0.0000
vt 0.0000 0.0000
vt 0.0000 0.0000
vt 0.0000 0.0000
vt 0.0000 0.0000
vt 0.0000 0.0000
vt 0.0000 0.0000
vt 0.0000 0.0000
vt 0.0000 0.0000
vt 0.0000 0.0000
vt 0.0000 0.0000
vt 0.0000 0.0000
vt 0.0000 0.0000
vt 0.0000 0.0000
vt 0.0000 0.0000
vt 0.0000 0.0000
vt 0.0000 0.0000
vt 0.0000 0.0000
vt 0.0000 0.0000
vt 0.0000 0.0000
vt 0.0000 0.0000
vt 0.0000 0.0000
vt 0.0000 0.0000
vt 0.0000 0.0000
vt 0.0000 0.0000
vt 0.0000 0.0000
vt 0.0000 0.0000
vt 0.0000 0.0000
vt 0.0000 0.0000
vt 0.0000 0.0000
vt 0.0000 0.0000
vt 0.0000 0.0000
vt 0.0000 0.0000
vt 0.0000 0.0000
vt 0.0000 0.0000
vt 0.0000 0.0000
vt 0.0000 0.0000
vt 0.0000 0.0000
vt 0.0000 0.0000
vt 0.0000 0.0000
vt 0.0000 0.0000
vt 0.0000 0.0000
vt 0.0000 0.0000
vt 0.0000 0.0000
vt 0.0000 0.0000
vt 0.0000 0.0000
vt 0.0000 0.0000
vt 0.0000 0.0000
vt 0.0000 0.0000
vt 0.0000 0.0000
vt 0.0000 0.0000
vt 0.0000 0.0000
vt 0.0000 0.0000
vt 0.0000 0.0000
vt 0.0000 0.0000
vt 0.0000 0.0000
vt 0.0000 0.0000
vt 0.0000 0.0000
vt 0.0000 0.0000
vt 0.0000 0.0000
vt 0.0000 0.0000
vt 0.0000 0.0000
vt 0.0000 0.0000
vt 0.0000 0.0000
vt 0.0000 0.0000
vt 0.0000 0.0000
vt 0.0000 0.0000
vt 0.0000 0.0000
vt 0.0000 0.0000
vt 0.0000 0.0000
vt 0.0000 0.0000
vt 0.0000 0.0000
vt 0.0000 0.0000
vt 0.0000 0.0000
vt 0.0000 0.0000
vt 0.0000 0.0000
vt 0.0000 0.0000
vt 0.0000 0.0000
vt 0.0000 0.0000
vt 0.0000 0.0000
vt 0.0000 0.0000
vt 0.0000 0.0000
vt 0.0000 0.0000
vt 0.0000 0.0000
vt 0.0000 0.0000
vt 0.0000 0.0000
vt 0.0000 0.0000
vt 0.0000 0.0000
vt 0.0000 0.0000
vt 0.0000 0.0000
vt 0.0000 0.0000
vt 0.0000 0.0000
vt 0.0000 0.0000
vt 0.0000 0.0000
vt 0.0000 0.0000
vt 0.0000 0.0000
vt 0.0000 0.0000
vt 0.0000 0.0000
vt 0.0000 0.0000
vt 0.0000 0.0000
vt 0.0000 0.0000
vt 0.0000 0.0000
vt 0.0000 0.0000
vt 0.0000 0.0000
vt 0.0000 0.0000
vt 0.0000 0.0000
vt 0.0000 0.0000
vt 0.0000 0.0000
vt 0.0000 0.0000
vt 0.0000 0.0000
vt 0.0000 0.0000
vt 0.0000 0.0000
vt 0.0000 0.0000
vt 0.0000 0.0000
vt 0.0000 0.0000
vt 0.0000 0.0000
vt 0.0000 0.0000
vt 0.0000 0.0000
vt 0.0000 0.0000
vt 0.0000 0.0000
vt 0.0000 0.0000
vt 0.0000 0.0000
vt 0.0000 0.0000
vt 0.0000 0.0000
vt 0.0000 0.0000
vt 0.0000 0.0000
vt 0.0000 0.0000
vt 0.0000 0.0000
vt 0.0000 0.0000
vt 0.0000 0.0000
vt 0.0000 0.0000
vt 0.0000 0.0000
vt 0.0000 0.0000
vt 0.0000 0.0000
vt 0.0000 0.0000
vt 0.0000 0.0000
vt 0.0000 0.0000
vt 0.0000 0.0000
vt 0.0000 0.0000
vt 0.0000 0.0000
vt 0.0000 0.0000
vt 0.0000 0.0000
vt 0.0000 0.0000
vt 0.0000 0.0000
vt 0.0000 0.0000
vt 0.0000 0.0000
vt 0.0000 0.0000
vt 0.0000 0.0000
vt 0.0000 0.0000
vt 0.0000 0.0000
vt 0.0000 0.0000
vt 0.0000 0.0000
vt 0.0000 0.0000
vt 0.0000 0.0000
vt 0.0000 0.0000
vt 0.0000 0.0000
vt 0.0000 0.0000
vt 0.0000 0.0000
vt 0.0000 0.0000
vt 0.0000 0.0000
vt 0.0000 0.0000
vt 0.0000 0.0000
vt 0.0000 0.0000
vt 0.0000 0.0000
vt 0.0000 0.0000
vt 0.0000 0.0000
vt 0.0000 0.0000
vt 0.0000 0.0000
vt 0.0000 0.0000
vt 0.0000 0.0000
vt 0.0000 0.0000
vt 0.0000 0.0000
vt 0.0000 0.0000
vt 0.0000 0.0000
vt 0.0000 0.0000
vt 0.0000 0.0000
vt 0.0000 0.0000
vt 0.0000 0.0000
vt 0.0000 0.0000
vt 0.0000 0.0000
vt 0.0000 0.0000
vt 0.0000 0.0000
vt 0.0000 0.0000
vt 0.0000 0.0000
vt 0.0000 0.0000
vt 0.0000 0.0000
vt 0.0000 0.0000
vt 0.0000 0.0000
vt 0.0000 0.0000
vt 0.0000 0.0000
vt 0.0000 0.0000
vt 0.0000 0.0000
vt 0.0000 0.0000
vt 0.0000 0.0000
vt 0.0000 0.0000
vt 0.0000 0.0000
vt 0.0000 0.0000
vt 0.0000 0.0000
vt 0.0000 0.0000
vt 0.0000 0.0000
vt 0.0000 0.0000
vt 0.0000 0.0000
vt 0.0000 0.0000
vt 0.0000 0.0000
vt 0.0000 0.0000
vt 0.0000 0.0000
vt 0.0000 0.0000
vt 0.0000 0.0000
vt 0.0000 0.0000
vt 0.0000 0.0000
vt 0.0000 0.0000
vt 0.0000 0.0000
vt 0.0000 0.0000
vt 0.0000 0.0000
vt 0.0000 0.0000
vt 0.0000 0.0000
vt 0.0000 0.0000
vt 0.0000 0.0000
vt 0.0000 0.0000
vt 0.0000 0.0000
vt 0.0000 0.0000
vt 0.0000 0.0000
vt 0.0000 0.0000
vt 0.0000 0.0000
vt 0.0000 0.0000
vt 0.0000 0.0000
vt 0.0000 0.0000
vt 0.0000 0.0000
vt 0.0000 0.0000
vt 0.0000 0.0000
vt 0.0000 0.0000
vt 0.0000 0.0000
vt 0.0000 0.0000
vt 0.0000 0.0000
vt 0.0000 0.0000
vt 0.0000 0.0000
vt 0.0000 0.0000
vt 0.0000 0.0000
vt 0.0000 0.0000
vt 0.0000 0.0000
vt 0.0000 0.0000
vt 0.0000 0.0000
vt 0.0000 0.0000
vt 0.0000 0.0000
vt 0.0000 0.0000
vt 0.0000 0.0000
vt 0.0000 0.0000
vt 0.0000 0.0000
vt 0.0000 0.0000
vt 0.0000 0.0000
vt 0.0000 0.0000
vt 0.0000 0.0000
vt 0.0000 0.0000
vt 0.0000 0.0000
vt 0.0000 0.0000
vt 0.0000 0.0000
vt 0.0000 0.0000
vt 0.0000 0.0000
vt 0.0000 0.0000
vt 0.0000 0.0000
vt 0.0000 0.0000
vt 0.0000 0.0000
vt 0.0000 0.0000
vt 0.0000 0.0000
vt 0.0000 0.0000
vt 0.0000 0.0000
vt 0.0000 0.0000
vt 0.0000 0.0000
vt 0.0000 0.0000
vt 0.0000 0.0000
vt 0.0000 0.0000
vt 0.0000 0.0000
vt 0.0000 0.0000
vt 0.0000 0.0000
vt 0.0000 0.0000
vt 0.0000 0.0000
vt 0.0000 0.0000
vt 0.0000 0.0000
vt 0.0000 0.0000
vt 0.0000 0.0000
vt 0.0000 0.0000
vt 0.0000 0.0000
vt 0.0000 0.0000
vt 0.0000 0.0000
vt 0.0000 0.0000
vt 0.0000 0.0000
vt 0.0000 0.0000
vt 0.0000 0.0000
vt 0.0000 0.0000
vt 0.0000 0.0000
vt 0.0000 0.0000
vt 0.0000 0.0000
vt 0.0000 0.0000
vt 0.0000 0.0000
vt 0.0000 0.0000
vt 0.0000 0.0000
vt 0.0000 0.0000
vt 0.0000 0.0000
vt 0.0000 0.0000
vt 0.0000 0.0000
vt 0.0000 0.0000
vt 0.0000 0.0000
vt 0.0000 0.0000
vt 0.0000 0.0000
vt 0.0000 0.0000
vt 0.0000 0.0000
vt 0.0000 0.0000
vt 0.0000 0.0000
vt 0.0000 0.0000
vt 0.0000 0.0000
vt 0.0000 0.0000
vt 0.0000 0.0000
vt 0.0000 0.0000
vt 0.0000 0.0000
vt 0.0000 0.0000
vt 0.0000 0.0000
vt 0.0000 0.0000
vt 0.0000 0.0000
vt 0.0000 0.0000
vt 0.0000 0.0000
vt 0.0000 0.0000
vt 0.0000 0.0000
vt 0.0000 0.0000
vt 0.0000 0.0000
vt 0.0000 0.0000
vt 0.0000 0.0000
vt 0.0000 0.0000
vt 0.0000 0.0000
vt 0.0000 0.0000
vt 0.0000 0.0000
vt 0.0000 0.0000
vt 0.0000 0.0000
vt 0.0000 0.0000
vt 0.0000 0.0000
vt 0.0000 0.0000
vt 0.0000 0.0000
vt 0.0000 0.0000
vt 0.0000 0.0000
vt 0.0000 0.0000
vt 0.0000 0.0000
vt 0.0000 0.0000
vt 0.0000 0.0000
vt 0.0000 0.0000
vt 0.0000 0.0000
vt 0.0000 0.0000
vt 0.0000 0.0000
vt 0.0000 0.0000
vt 0.0000 0.0000
vt 0.0000 0.0000
vt 0.0000 0.0000
vt 0.0000 0.0000
vt 0.0000 0.0000
vt 0.0000 0.0000
vt 0.0000 0.0000
vt 0.0000 0.0000
vt 0.0000 0.0000
vt 0.0000 0.0000
vt 0.0000 0.0000
vt 0.0000 0.0000
vt 0.0000 0.0000
vt 0.0000 0.0000
vt 0.0000 0.0000
vt 0.0000 0.0000
vt 0.0000 0.0000
vt 0.0000 0.0000
vt 0.0000 0.0000
vt 0.0000 0.0000
vt 0.0000 0.0000
vt 0.0000 0.0000
vt 0.0000 0.0000
vt 0.0000 0.0000
vt 0.0000 0.0000
vt 0.0000 0.0000
vt 0.0000 0.0000
vt 0.0000 0.0000
vt 0.0000 0.0000
vt 0.0000 0.0000
vt 0.0000 0.0000
vt 0.0000 0.0000
vt 0.0000 0.0000
vt 0.0000 0.0000
vt 0.0000 0.0000
vt 0.0000 0.0000
vt 0.0000 0.0000
vt 0.0000 0.0000
vt 0.0000 0.0000
vt 0.0000 0.0000
vt 0.0000 0.0000
vt 0.0000 0.0000
vt 0.0000 0.0000
vt 0.0000 0.0000
vt 0.0000 0.0000
vt 0.0000 0.0000
vt 0.0000 0.0000
vt 0.0000 0.0000
vt 0.0000 0.0000
vt 0.0000 0.0000
vt 0.0000 0.0000
vt 0.0000 0.0000
vt 0.0000 0.0000
vt 0.0000 0.0000
vt 0.0000 0.0000
vt 0.0000 0.0000
vt 0.0000 0.0000
vt 0.0000 0.0000
vt 0.0000 0.0000
vt 0.0000 0.0000
vt 0.0000 0.0000
vt 0.0000 0.0000
vt 0.0000 0.0000
vt 0.0000 0.0000
vt 0.0000 0.0000
vt 0.0000 0.0000
vt 0.0000 0.0000
vt 0.0000 0.0000
vt 0.0000 0.0000
vt 0.0000 0.0000
vt 0.0000 0.0000
vt 0.0000 0.0000
vt 0.0000 0.0000
vt 0.0000 0.0000
vt 0.0000 0.0000
vt 0.0000 0.0000
vt 0.0000 0.0000
vt 0.0000 0.0000
vt 0.0000 0.0000
vt 0.0000 0.0000
vt 0.0000 0.0000
vt 0.0000 0.0000
vt 0.0000 0.0000
vt 0.0000 0.0000
vt 0.0000 0.0000
vt 0.0000 0.0000
vt 0.0000 0.0000
vt 0.0000 0.0000
vt 0.0000 0.0000
vt 0.0000 0.0000
vt 0.0000 0.0000
vt 0.0000 0.0000
vt 0.0000 0.0000
vt 0.0000 0.0000
vt 0.0000 0.0000
vt 0.0000 0.0000
vt 0.0000 0.0000
vt 0.0000 0.0000
vt 0.0000 0.0000
vt 0.0000 0.0000
vt 0.0000 0.0000
vt 0.0000 0.0000
vt 0.0000 0.0000
vt 0.0000 0.0000
vt 0.0000 0.0000
vt 0.0000 0.0000
vt 0.0000 0.0000
vt 0.0000 0.0000
vt 0.0000 0.0000
vt 0.0000 0.0000
vt 0.0000 0.0000
vt 0.0000 0.0000
vt 0.0000 0.0000
vt 0.0000 0.0000
vt 0.0000 0.0000
vt 0.0000 0.0000
vt 0.0000 0.0000
vt 0.0000 0.0000
vt 0.0000 0.0000
vt 0.0000 0.0000
vt 0.0000 0.0000
vt 0.0000 0.0000
vt 0.0000 0.0000
vt 0.0000 0.0000
vt 0.0000 0.0000
vt 0.0000 0.0000
vt 0.0000 0.0000
vt 0.0000 0.0000
vt 0.0000 0.0000
vt 0.0000 0.0000
vt 0.0000 0.0000
vt 0.0000 0.0000
vt 0.0000 0.0000
vt 0.0000 0.0000
vt 0.0000 0.0000
vt 0.0000 0.0000
vt 0.0000 0.0000
vt 0.0000 0.0000
vt 0.0000 0.0000
vt 0.0000 0.0000
vt 0.0000 0.0000
vt 0.0000 0.0000
vt 0.0000 0.0000
vt 0.0000 0.0000
vt 0.0000 0.0000
vt 0.0000 0.0000
vt 0.0000 0.0000
vt 0.0000 0.0000
vt 0.0000 0.0000
vt 0.0000 0.0000
vt 0.0000 0.0000
vt 0.0000 0.0000
vt 0.0000 0.0000
vt 0.0000 0.0000
vt 0.0000 0.0000
vt 0.0000 0.0000
vt 0.0000 0.0000
vt 0.0000 0.0000
vt 0.0000 0.0000
vt 0.0000 0.0000
vt 0.0000 0.0000
vt 0.0000 0.0000
vt 0.0000 0.0000
vt 0.0000 0.0000
vt 0.0000 0.0000
vt 0.0000 0.0000
vt 0.0000 0.0000
vt 0.0000 0.0000
vt 0.0000 0.0000
vt 0.0000 0.0000
vt 0.0000 0.0000
vt 0.0000 0.0000
vt 0.0000 0.0000
vt 0.0000 0.0000
vt 0.0000 0.0000
vt 0.0000 0.0000
vt 0.0000 0.0000
vt 0.0000 0.0000
vt 0.0000 0.0000
vt 0.0000 0.0000
vt 0.0000 0.0000
vt 0.0000 0.0000
vt 0.0000 0.0000
vt 0.0000 0.0000
vt 0.0000 0.0000
vt 0.0000 0.0000
vt 0.0000 0.0000
vt 0.0000 0.0000
vt 0.0000 0.0000
vt 0.0000 0.0000
vt 0.0000 0.0000
vt 0.0000 0.0000
vt 0.0000 0.0000
vt 0.0000 0.0000
vt 0.0000 0.0000
vt 0.0000 0.0000
vt 0.0000 0.0000
vt 0.0000 0.0000
vt 0.0000 0.0000
vt 0.0000 0.0000
vt 0.0000 0.0000
vt 0.0000 0.0000
vt 0.0000 0.0000
vt 0.0000 0.0000
vt 0.0000 0.0000
vt 0.0000 0.0000
vt 0.0000 0.0000
vt 0.0000 0.0000
vt 0.0000 0.0000
vt 0.0000 0.0000
vt 0.0000 0.0000
vt 0.0000 0.0000
vt 0.0000 0.0000
vt 0.0000 0.0000
vt 0.0000 0.0000
vt 0.0000 0.0000
vt 0.0000 0.0000
vt 0.0000 0.0000
vt 0.0000 0.0000
vt 0.0000 0.0000
vt 0.0000 0.0000
vt 0.0000 0.0000
vt 0.0000 0.0000
vt 0.0000 0.0000
vt 0.0000 0.0000
vt 0.0000 0.0000
vt 0.0000 0.0000
vt 0.0000 0.0000
vt 0.0000 0.0000
vt 0.0000 0.0000
vt 0.0000 0.0000
vt 0.0000 0.0000
vt 0.0000 0.0000
vt 0.0000 0.0000
vt 0.0000 0.0000
vt 0.0000 0.0000
vt 0.0000 0.0000
vt 0.0000 0.0000
vt 0.0000 0.0000
vt 0.0000 0.0000
vt 0.0000 0.0000
vt 0.0000 0.0000
vt 0.0000 0.0000
vt 0.0000 0.0000
vt 0.0000 0.0000
vt 0.0000 0.0000
vt 0.0000 0.0000
vt 0.0000 0.0000
vt 0.0000 0.0000
vt 0.0000 0.0000
vt 0.0000 0.0000
vt 0.0000 0.0000
vt 0.0000 0.0000
vt 0.0000 0.0000
vt 0.0000 0.0000
vt 0.0000 0.0000
vt 0.0000 0.0000
vt 0.0000 0.0000
vt 0.0000 0.0000
vt 0.0000 0.0000
vt 0.0000 0.0000
vt 0.0000 0.0000
vt 0.0000 0.0000
vt 0.0000 0.0000
vt 0.0000 0.0000
vt 0.0000 0.0000
vt 0.0000 0.0000
vt 0.0000 0.0000
vt 0.0000 0.0000
vt 0.0000 0.0000
vt 0.0000 0.0000
vt 0.0000 0.0000
vt 0.0000 0.0000
vt 0.0000 0.0000
vt 0.0000 0.0000
vt 0.0000 0.0000
vt 0.0000 0.0000
vt 0.0000 0.0000
vt 0.0000 0.0000
vt 0.0000 0.0000
vt 0.0000 0.0000
vt 0.0000 0.0000
vt 0.0000 0.0000
vt 0.0000 0.0000
vt 0.0000 0.0000
vt 0.0000 0.0000
vt 0.0000 0.0000
vt 0.0000 0.0000
vt 0.0000 0.0000
vt 0.0000 0.0000
vt 0.0000 0.0000
vt 0.0000 0.0000
vt 0.0000 0.0000
vt 0.0000 0.0000
vt 0.0000 0.0000
vt 0.0000 0.0000
vt 0.0000 0.0000
vt 0.0000 0.0000
vt 0.0000 0.0000
vt 0.0000 0.0000
vt 0.0000 0.0000
vt 0.0000 0.0000
vt 0.0000 0.0000
vt 0.0000 0.0000
vt 0.0000 0.0000
vt 0.0000 0.0000
vt 0.0000 0.0000
vt 0.0000 0.0000
vt 0.0000 0.0000
vt 0.0000 0.0000
vt 0.0000 0.0000
vt 0.0000 0.0000
vt 0.0000 0.0000
vt 0.0000 0.0000
vt 0.0000 0.0000
vt 0.0000 0.0000
vt 0.0000 0.0000
vt 0.0000 0.0000
vt 0.0000 0.0000
vt 0.0000 0.0000
vt 0.0000 0.0000
vt 0.0000 0.0000
vt 0.0000 0.0000
vt 0.0000 0.0000
vt 0.0000 0.0000
vt 0.0000 0.0000
vt 0.0000 0.0000
vt 0.0000 0.0000
vt 0.0000 0.0000
vt 0.0000 0.0000
vt 0.0000 0.0000
vt 0.0000 0.0000
vt 0.0000 0.0000
vt 0.0000 0.0000
vt 0.0000 0.0000
vt 0.0000 0.0000
vt 0.0000 0.0000
vt 0.0000 0.0000
vt 0.0000 0.0000
vt 0.0000 0.0000
vt 0.0000 0.0000
vt 0.0000 0.0000
vt 0.0000 0.0000
vt 0.0000 0.0000
vt 0.0000 0.0000
vt 0.0000 0.0000
vt 0.0000 0.0000
vt 0.0000 0.0000
vt 0.0000 0.0000
vt 0.0000 0.0000
vt 0.0000 0.0000
vt 0.0000 0.0000
vt 0.0000 0.0000
vt 0.0000 0.0000
vt 0.0000 0.0000
vt 0.0000 0.0000
vt 0.0000 0.0000
vt 0.0000 0.0000
vt 0.0000 0.0000
vt 0.0000 0.0000
vt 0.0000 0.0000
vt 0.0000 0.0000
vt 0.0000 0.0000
vt 0.0000 0.0000
vt 0.0000 0.0000
vt 0.0000 0.0000
vt 0.0000 0.0000
vt 0.0000 0.0000
vt 0.0000 0.0000
vt 0.0000 0.0000
vt 0.0000 0.0000
vt 0.0000 0.0000
vt 0.0000 0.0000
vt 0.0000 0.0000
vt 0.0000 0.0000
vt 0.0000 0.0000
vt 0.0000 0.0000
vt 0.0000 0.0000
vt 0.0000 0.0000
vt 0.0000 0.0000
vt 0.0000 0.0000
vt 0.0000 0.0000
vt 0.0000 0.0000
vt 0.0000 0.0000
vt 0.0000 0.0000
vt 0.0000 0.0000
vt 0.0000 0.0000
vt 0.0000 0.0000
vt 0.0000 0.0000
vt 0.0000 0.0000
vt 0.0000 0.0000
vt 0.0000 0.0000
vt 0.0000 0.0000
vt 0.0000 0.0000
vt 0.0000 0.0000
vt 0.0000 0.0000
vt 0.0000 0.0000
vt 0.0000 0.0000
vt 0.0000 0.0000
vt 0.0000 0.0000
vt 0.0000 0.0000
vt 0.0000 0.0000
vt 0.0000 0.0000
vt 0.0000 0.0000
vt 0.0000 0.0000
vt 0.0000 0.0000
vt 0.0000 0.0000
vt 0.0000 0.0000
vt 0.0000 0.0000
vt 0.0000 0.0000
vt 0.0000 0.0000
vt 0.0000 0.0000
vt 0.0000 0.0000
vt 0.0000 0.0000
vt 0.0000 0.0000
vt 0.0000 0.0000
vt 0.0000 0.0000
vt 0.0000 0.0000
vt 0.0000 0.0000
vt 0.0000 0.0000
vt 0.0000 0.0000
vt 0.0000 0.0000
vt 0.0000 0.0000
vt 0.0000 0.0000
vt 0.0000 0.0000
vt 0.0000 0.0000
vt 0.0000 0.0000
vt 0.0000 0.0000
vt 0.0000 0.0000
vt 0.0000 0.0000
vt 0.0000 0.0000
vt 0.0000 0.0000
vt 0.0000 0.0000
vt 0.0000 0.0000
vt 0.0000 0.0000
vt 0.0000 0.0000
vt 0.0000 0.0000
vt 0.0000 0.0000
vt 0.0000 0.0000
vt 0.0000 0.0000
vt 0.0000 0.0000
vt 0.0000 0.0000
vt 0.0000 0.0000
vt 0.0000 0.0000
vt 0.0000 0.0000
vt 0.0000 0.0000
vt 0.0000 0.0000
vt 0.0000 0.0000
vt 0.0000 0.0000
vt 0.0000 0.0000
vt 0.0000 0.0000
vt 0.0000 0.0000
vt 0.0000 0.0000
vt 0.0000 0.0000
vt 0.0000 0.0000
vt 0.0000 0.0000
vt 0.0000 0.0000
vt 0.0000 0.0000
vt 0.0000 0.0000
vt 0.0000 0.0000
vt 0.0000 0.0000
vt 0.0000 0.0000
vt 0.0000 0.0000
vt 0.0000 0.0000
vt 0.0000 0.0000
vt 0.0000 0.0000
vt 0.0000 0.0000
vt 0.0000 0.0000
vt 0.0000 0.0000
vt 0.0000 0.0000
vt 0.0000 0.0000
vt 0.0000 0.0000
vt 0.0000 0.0000
vt 0.0000 0.0000
vt 0.0000 0.0000
vt 0.0000 0.0000
vt 0.0000 0.0000
vt 0.0000 0.0000
vt 0.0000 0.0000
vt 0.0000 0.0000
vt 0.0000 0.0000
vt 0.0000 0.0000
vt 0.0000 0.0000
vt 0.0000 0.0000
vt 0.0000 0.0000
vt 0.0000 0.0000
vt 0.0000 0.0000
vt 0.0000 0.0000
vt 0.0000 0.0000
vt 0.0000 0.0000
vt 0.0000 0.0000
vt 0.0000 0.0000
vt 0.0000 0.0000
vt 0.0000 0.0000
vt 0.0000 0.0000
vt 0.0000 0.0000
vt 0.0000 0.0000
vt 0.0000 0.0000
vt 0.0000 0.0000
vt 0.0000 0.0000
vt 0.0000 0.0000
vt 0.0000 0.0000
vt 0.0000 0.0000
vt 0.0000 0.0000
vt 0.0000 0.0000
vt 0.0000 0.0000
vt 0.0000 0.0000
vt 0.0000 0.0000
vt 0.0000 0.0000
vt 0.0000 0.0000
vt 0.0000 0.0000
vt 0.0000 0.0000
vt 0.0000 0.0000
vt 0.0000 0.0000
vt 0.0000 0.0000
vt 0.0000 0.0000
vt 0.0000 0.0000
vt 0.0000 0.0000
vt 0.0000 0.0000
vt 0.0000 0.0000
vt 0.0000 0.0000
vt 0.0000 0.0000
vt 0.0000 0.0000
vt 0.0000 0.0000
vt 0.0000 0.0000
vt 0.0000 0.0000
vt 0.0000 0.0000
vt 0.0000 0.0000
vt 0.0000 0.0000
vt 0.0000 0.0000
vt 0.0000 0.0000
vt 0.0000 0.0000
vt 0.0000 0.0000
vt 0.0000 0.0000
vt 0.0000 0.0000
vt 0.0000 0.0000
vt 0.0000 0.0000
vt 0.0000 0.0000
vt 0.0000 0.0000
vt 0.0000 0.0000
vt 0.0000 0.0000
vt 0.0000 0.0000
vt 0.0000 0.0000
vt 0.0000 0.0000
vt 0.0000 0.0000
vt 0.0000 0.0000
vt 0.0000 0.0000
vt 0.0000 0.0000
vt 0.0000 0.0000
vt 0.0000 0.0000
vt 0.0000 0.0000
vt 0.0000 0.0000
vt 0.0000 0.0000
vt 0.0000 0.0000
vt 0.0000 0.0000
vt 0.0000 0.0000
vt 0.0000 0.0000
vt 0.0000 0.0000
vt 0.0000 0.0000
vt 0.0000 0.0000
vt 0.0000 0.0000
vt 0.0000 0.0000
vt 0.0000 0.0000
vt 0.0000 0.0000
vt 0.0000 0.0000
vt 0.0000 0.0000
vt 0.0000 0.0000
vt 0.0000 0.0000
vt 0.0000 0.0000
vt 0.0000 0.0000
vt 0.0000 0.0000
vt 0.0000 0.0000
vt 0.0000 0.0000
vt 0.0000 0.0000
vt 0.0000 0.0000
vt 0.0000 0.0000
vt 0.0000 0.0000
vt 0.0000 0.0000
vt 0.0000 0.0000
vt 0.0000 0.0000
vt 0.0000 0.0000
vt 0.0000 0.0000
vt 0.0000 0.0000
vt 0.0000 0.0000
vt 0.0000 0.0000
vt 0.0000 0.0000
vt 0.0000 0.0000
vt 0.0000 0.0000
vt 0.0000 0.0000
vt 0.0000 0.0000
vt 0.0000 0.0000
vt 0.0000 0.0000
vt 0.0000 0.0000
vt 0.0000 0.0000
vt 0.0000 0.0000
vt 0.0000 0.0000
vt 0.0000 0.0000
vt 0.0000 0.0000
vt 0.0000 0.0000
vt 0.0000 0.0000
vt 0.0000 0.0000
vt 0.0000 0.0000
vt 0.0000 0.0000
vt 0.0000 0.0000
vt 0.0000 0.0000
vt 0.0000 0.0000
vt 0.0000 0.0000
vt 0.0000 0.0000
vt 0.0000 0.0000
vt 0.0000 0.0000
vt 0.0000 0.0000
vt 0.0000 0.0000
vt 0.0000 0.0000
vt 0.0000 0.0000
vt 0.0000 0.0000
vt 0.0000 0.0000
vt 0.0000 0.0000
vt 0.0000 0.0000
vt 0.0000 0.0000
vt 0.0000 0.0000
vt 0.0000 0.0000
vt 0.0000 0.0000
vt 0.0000 0.0000
vt 0.0000 0.0000
vt 0.0000 0.0000
vt 0.0000 0.0000
vt 0.0000 0.0000
vt 0.0000 0.0000
vt 0.0000 0.0000
vt 0.0000 0.0000
vt 0.0000 0.0000
vt 0.0000 0.0000
vt 0.0000 0.0000
vt 0.0000 0.0000
vt 0.0000 0.0000
vt 0.0000 0.0000
vt 0.0000 0.0000
vt 0.0000 0.0000
vt 0.0000 0.0000
vt 0.0000 0.0000
vt 0.0000 0.0000
vt 0.0000 0.0000
vt 0.0000 0.0000
vt 0.0000 0.0000
vt 0.0000 0.0000
vt 0.0000 0.0000
vt 0.0000 0.0000
vt 0.0000 0.0000
vt 0.0000 0.0000
vt 0.0000 0.0000
vt 0.0000 0.0000
vt 0.0000 0.0000
vt 0.0000 0.0000
vt 0.0000 0.0000
vt 0.0000 0.0000
vt 0.0000 0.0000
vt 0.0000 0.0000
vt 0.0000 0.0000
vt 0.0000 0.0000
vt 0.0000 0.0000
vt 0.0000 0.0000
vt 0.0000 0.0000
vt 0.0000 0.0000
vt 0.0000 0.0000
vt 0.0000 0.0000
vt 0.0000 0.0000
vt 0.0000 0.0000
vt 0.0000 0.0000
vt 0.0000 0.0000
vt 0.0000 0.0000
vt 0.0000 0.0000
vt 0.0000 0.0000
vt 0.0000 0.0000
vt 0.0000 0.0000
vt 0.0000 0.0000
vt 0.0000 0.0000
vt 0.0000 0.0000
vt 0.0000 0.0000
vt 0.0000 0.0000
vt 0.0000 0.0000
vt 0.0000 0.0000
vt 0.0000 0.0000
vt 0.0000 0.0000
vt 0.0000 0.0000
vt 0.0000 0.0000
vt 0.0000 0.0000
vt 0.0000 0.0000
vt 0.0000 0.0000
vt 0.0000 0.0000
vt 0.0000 0.0000
vt 0.0000 0.0000
vt 0.0000 0.0000
vt 0.0000 0.0000
vt 0.0000 0.0000
vt 0.0000 0.0000
vt 0.0000 0.0000
vt 0.0000 0.0000
vt 0.0000 0.0000
vt 0.0000 0.0000
vt 0.0000 0.0000
vt 0.0000 0.0000
vt 0.0000 0.0000
vt 0.0000 0.0000
vt 0.0000 0.0000
vt 0.0000 0.0000
vt 0.0000 0.0000
vt 0.0000 0.0000
vt 0.0000 0.0000
vt 0.0000 0.0000
vt 0.0000 0.0000
vt 0.0000 0.0000
vt 0.0000 0.0000
vt 0.0000 0.0000
vt 0.0000 0.0000
vt 0.0000 0.0000
vt 0.0000 0.0000
vt 0.0000 0.0000
vt 0.0000 0.0000
vt 0.0000 0.0000
vt 0.0000 0.0000
vt 0.0000 0.0000
vt 0.0000 0.0000
vt 0.0000 0.0000
vt 0.0000 0.0000
vt 0.0000 0.0000
vt 0.0000 0.0000
vt 0.0000 0.0000
vt 0.0000 0.0000
vt 0.0000 0.0000
vt 0.0000 0.0000
vt 0.0000 0.0000
vt 0.0000 0.0000
vt 0.0000 0.0000
vt 0.0000 0.0000
vt 0.0000 0.0000
vt 0.0000 0.0000
vt 0.0000 0.0000
vt 0.0000 0.0000
vt 0.0000 0.0000
vt 0.0000 0.0000
vt 0.0000 0.0000
vt 0.0000 0.0000
vt 0.0000 0.0000
vt 0.0000 0.0000
vt 0.0000 0.0000
vt 0.0000 0.0000
vt 0.0000 0.0000
vt 0.0000 0.0000
vt 0.0000 0.0000
vt 0.0000 0.0000
vt 0.0000 0.0000
vt 0.0000 0.0000
vt 0.0000 0.0000
vt 0.0000 0.0000
vt 0.0000 0.0000
vt 0.0000 0.0000
vt 0.0000 0.0000
vt 0.0000 0.0000
vt 0.0000 0.0000
vt 0.0000 0.0000
vt 0.0000 0.0000
vt 0.0000 0.0000
vt 0.0000 0.0000
vt 0.0000 0.0000
vt 0.0000 0.0000
vt 0.0000 0.0000
vt 0.0000 0.0000
vt 0.0000 0.0000
vt 0.0000 0.0000
vt 0.0000 0.0000
vt 0.0000 0.0000
vt 0.0000 0.0000
vt 0.0000 0.0000
vt 0.0000 0.0000
vt 0.0000 0.0000
vt 0.0000 0.0000
vt 0.0000 0.0000
vt 0.0000 0.0000
vt 0.0000 0.0000
vt 0.0000 0.0000
vt 0.0000 0.0000
vt 0.0000 0.0000
vt 0.0000 0.0000
vt 0.0000 0.0000
vt 0.0000 0.0000
vt 0.0000 0.0000
vt 0.0000 0.0000
vt 0.0000 0.0000
vt 0.0000 0.0000
vt 0.0000 0.0000
vt 0.0000 0.0000
vt 0.0000 0.0000
vt 0.0000 0.0000
vt 0.0000 0.0000
vt 0.0000 0.0000
vt 0.0000 0.0000
vt 0.0000 0.0000
vt 0.0000 0.0000
vt 0.0000 0.0000
vt 0.0000 0.0000
vt 0.0000 0.0000
vt 0.0000 0.0000
vt 0.0000 0.0000
vt 0.0000 0.0000
vt 0.0000 0.0000
vt 0.0000 0.0000
vt 0.0000 0.0000
vt 0.0000 0.0000
vt 0.0000 0.0000
vt 0.0000 0.0000
vt 0.0000 0.0000
vt 0.0000 0.0000
vt 0.0000 0.0000
vt 0.0000 0.0000
vt 0.0000 0.0000
vt 0.0000 0.0000
vt 0.0000 0.0000
vt 0.0000 0.0000
vt 0.0000 0.0000
vt 0.0000 0.0000
vt 0.0000 0.0000
vt 0.0000 0.0000
vt 0.0000 0.0000
vt 0.0000 0.0000
vt 0.0000 0.0000
vt 0.0000 0.0000
vt 0.0000 0.0000
vt 0.0000 0.0000
vt 0.0000 0.0000
vt 0.0000 0.0000
vt 0.0000 0.0000
vt 0.0000 0.0000
vt 0.0000 0.0000
vt 0.0000 0.0000
vt 0.0000 0.0000
vt 0.0000 0.0000
vt 0.0000 0.0000
vt 0.0000 0.0000
vt 0.0000 0.0000
vt 0.0000 0.0000
vt 0.0000 0.0000
vt 0.0000 0.0000
vt 0.0000 0.0000
vt 0.0000 0.0000
vt 0.0000 0.0000
vt 0.0000 0.0000
vt 0.0000 0.0000
vt 0.0000 0.0000
vt 0.0000 0.0000
vt 0.0000 0.0000
vt 0.0000 0.0000
vt 0.0000 0.0000
vt 0.0000 0.0000
vt 0.0000 0.0000
vt 0.0000 0.0000
vt 0.0000 0.0000
vt 0.0000 0.0000
vt 0.0000 0.0000
vt 0.0000 0.0000
vt 0.0000 0.0000
vt 0.0000 0.0000
vt 0.0000 0.0000
vt 0.0000 0.0000
vt 0.0000 0.0000
vt 0.0000 0.0000
vt 0.0000 0.0000
vt 0.0000 0.0000
vt 0.0000 0.0000
vt 0.0000 0.0000
vt 0.0000 0.0000
vt 0.0000 0.0000
vt 0.0000 0.0000
vt 0.0000 0.0000
vt 0.0000 0.0000
vt 0.0000 0.0000
vt 0.0000 0.0000
vt 0.0000 0.0000
vt 0.0000 0.0000
vt 0.0000 0.0000
vt 0.0000 0.0000
vt 0.0000 0.0000
vt 0.0000 0.0000
vt 0.0000 0.0000
vt 0.0000 0.0000
vt 0.0000 0.0000
vt 0.0000 0.0000
vt 0.0000 0.0000
vt 0.0000 0.0000
vt 0.0000 0.0000
vt 0.0000 0.0000
vt 0.0000 0.0000
vt 0.0000 0.0000
vt 0.0000 0.0000
vt 0.0000 0.0000
vt 0.0000 0.0000
vt 0.0000 0.0000
vt 0.0000 0.0000
vt 0.0000 0.0000
vt 0.0000 0.0000
vt 0.0000 0.0000
vt 0.0000 0.0000
vt 0.0000 0.0000
vt 0.0000 0.0000
vt 0.0000 0.0000
vt 0.0000 0.0000
vt 0.0000 0.0000
vt 0.0000 0.0000
vt 0.0000 0.0000
vt 0.0000 0.0000
vt 0.0000 0.0000
vt 0.0000 0.0000
vt 0.0000 0.0000
vt 0.0000 0.0000
vt 0.0000 0.0000
vt 11.7060 0.9997
vt 17.3089 0.3655
vt 11.7060 0.3655
vt 34.1179 0.3655
vt 39.7208 0.9997
vt 39.7208 0.3655
vt 22.9119 0.9997
vt 22.9119 0.3655
vt -16.3089 0.3655
vt -10.7060 0.9997
vt -10.7060 0.3655
vt -49.9268 0.3655
vt -44.3238 0.9997
vt -44.3238 0.3655
vt -55.5298 0.9997
vt -55.5298 0.3655
vt -33.1179 0.3655
vt -27.5149 0.9997
vt -27.5149 0.3655
vt 62.1327 0.3655
vt 67.7357 0.9996
vt 67.7357 0.3655
vt 62.1327 -0.2687
vt 67.7357 -0.9029
vt 62.1327 -0.9029
vt 67.7357 -0.2687
vt 50.9268 -0.2687
vt 56.5297 -0.9028
vt 50.9268 -0.9028
vt 56.5297 -0.2687
vt 50.9268 0.3655
vt 56.5297 0.3655
vt 56.5298 0.9997
vt 62.1327 0.9997
vt -21.9119 0.3655
vt -16.3089 0.9997
vt -21.9119 0.9997
vt -21.9119 -0.9028
vt -16.3089 -0.2686
vt -16.3089 -0.9028
vt -21.9119 -0.2686
vt -27.5149 -0.9028
vt -27.5149 -0.2686
vt -33.1179 -0.9028
vt -33.1179 -0.2686
vt -55.5298 -0.9028
vt -49.9268 -0.2686
vt -49.9268 -0.9028
vt -55.5298 -0.2686
vt -66.7357 -0.2686
vt -61.1327 -0.9028
vt -66.7357 -0.9028
vt -61.1327 -0.2686
vt -66.7357 0.3655
vt -61.1327 0.3655
vt -61.1327 0.9997
vt -38.7208 0.3655
vt -33.1179 0.9997
vt -38.7208 0.9997
vt -38.7208 -0.9028
vt -38.7208 -0.2686
vt -44.3238 -0.9028
vt -44.3238 -0.2686
vt -5.1030 0.3655
vt 0.5000 0.9997
vt 0.5000 0.3655
vt -5.1030 0.9997
vt -5.1030 -0.9028
vt 0.5000 -0.2686
vt 0.5000 -0.9028
vt -5.1030 -0.2686
vt -10.7060 -0.9028
vt -10.7060 -0.2686
vt 28.5149 0.3655
vt 34.1179 0.9997
vt 28.5149 0.9997
vt 28.5149 -0.9028
vt 34.1179 -0.2687
vt 34.1179 -0.9028
vt 28.5149 -0.2687
vt 22.9119 -0.9028
vt 22.9119 -0.2687
vt 17.3089 -0.9028
vt 17.3089 -0.2687
vt 45.3238 0.3655
vt 50.9268 0.9997
vt 45.3238 0.9997
vt 45.3238 -0.9028
vt 45.3238 -0.2687
vt 39.7208 -0.9028
vt 39.7208 -0.2687
vt 11.7060 -0.2687
vt 11.7059 -0.9028
vt 6.1030 -0.9028
vt 6.1030 -0.2686
vt 6.1030 0.3655
vt 6.1030 0.9997
vt 17.3089 0.9997
vt -49.9268 0.9997
vt -66.7357 0.9997
vt 0.4753 0.4918
vt 0.4918 0.4753
vt 0.4918 0.4918
vt 0.4753 0.4918
vt 0.4918 0.4753
vt 0.4918 0.4918
vt -5.6573 5.9841
vt -5.1443 5.9841
vt -5.1443 5.9841
vt 0.4753 0.4918
vt 0.4918 0.4753
vt 0.4918 0.4918
vt 0.4624 0.5506
vt 0.4725 0.5418
vt 0.4725 0.5506
vt -5.1443 0.9942
vt -5.6573 0.7624
vt -5.1443 0.7624
vt -0.5276 0.9942
vt -1.0406 0.7624
vt -0.5276 0.7624
vt -2.0665 0.9942
vt -2.5795 0.7624
vt -2.0665 0.7624
vt -3.6054 0.9942
vt -4.1184 0.7624
vt -3.6054 0.7624
vt 0.4624 0.5773
vt 0.4725 0.5684
vt 0.4725 0.5773
vt 2.5535 -0.7001
vt 2.0406 -0.8843
vt 2.5535 -0.8843
vt 1.0146 -0.7001
vt 0.5017 -0.8843
vt 1.0146 -0.8843
vt 5.6314 -0.7001
vt 5.1184 -0.8843
vt 5.6313 -0.8843
vt 4.0924 -0.7001
vt 3.5795 -0.8843
vt 4.0924 -0.8843
vt 0.5026 0.5773
vt 0.4925 0.5684
vt 0.5026 0.5684
vt 1.6687 0.1826
vt 2.2530 0.4424
vt 1.6687 0.4424
vt 3.4217 0.1826
vt 4.0060 0.4424
vt 3.4217 0.4424
vt -1.8373 0.1826
vt -1.2530 0.4424
vt -1.8373 0.4424
vt -0.0843 0.1826
vt 0.5000 0.4424
vt -0.0843 0.4424
vt 0.4925 0.5773
vt 0.5026 0.5684
vt 0.5026 0.5773
vt -0.6687 1.5624
vt -1.2530 1.0412
vt -0.6687 1.0412
vt -2.4217 1.5624
vt -3.0060 1.0412
vt -2.4217 1.0412
vt 2.8373 1.5624
vt 2.2530 1.0412
vt 2.8373 1.0412
vt 1.0843 1.5624
vt 0.5000 1.0412
vt 1.0843 1.0412
vt 0.4925 0.5773
vt 0.5026 0.5684
vt 0.5026 0.5773
vt -0.6709 0.9947
vt -1.1180 0.6583
vt -0.6709 0.6583
vt -1.4804 0.9947
vt -1.6617 0.6583
vt -1.4804 0.6583
vt 1.2142 0.9947
vt 0.7671 0.6583
vt 1.2142 0.6583
vt 0.4046 0.9947
vt 0.2234 0.6583
vt 0.4046 0.6583
vt 0.4925 0.5773
vt 0.5026 0.5684
vt 0.5026 0.5773
vt 0.4925 0.5951
vt 0.5226 0.5684
vt 0.5226 0.5951
vt 0.5226 0.5684
vt 0.4925 0.5684
vt 0.4925 0.5684
vt 0.4925 0.5951
vt 0.5226 0.5951
vt -3.6054 -1.7868
vt -4.1184 -2.0185
vt -3.6054 -2.0185
vt -2.0665 -1.7868
vt -2.5795 -2.0185
vt -2.0665 -2.0185
vt -0.5276 -1.7868
vt -1.0406 -2.0185
vt -0.5276 -2.0185
vt -5.1443 -1.7868
vt -5.6573 -2.0185
vt -5.1443 -2.0185
vt 0.2235 0.5083
vt 0.2328 0.5000
vt 0.2328 0.5083
vt 0.2328 0.5000
vt 0.2235 0.4917
vt 0.2328 0.4917
vt -1.9727 3.1399
vt -1.3545 3.2234
vt -1.9727 3.2234
vt 0.4753 0.4918
vt 0.4918 0.4753
vt 0.4918 0.4918
vt -1.9727 -1.5624
vt -1.3545 -1.4214
vt -1.9727 -1.4214
vt -2.5795 5.9841
vt -2.0665 5.9841
vt -2.0665 5.9841
vt -1.9727 1.0025
vt -1.3545 1.1435
vt -1.9727 1.1435
vt -5.6573 5.5686
vt -5.1443 5.5686
vt -5.1443 5.5686
vt -1.9727 -1.9898
vt -1.3545 -1.8488
vt -1.9727 -1.8488
vt 0.4753 0.4918
vt 0.4918 0.4753
vt 0.4918 0.4918
vt -1.9727 -0.7074
vt -1.3545 -0.5664
vt -1.9727 -0.5664
vt 0.4753 0.4918
vt 0.4918 0.4753
vt 0.4918 0.4918
vt -1.9727 1.8575
vt -1.3545 1.9984
vt -1.9727 1.9984
vt -2.5795 5.5686
vt -2.0665 5.5686
vt -2.0665 5.5686
vt -1.9727 0.5750
vt -1.3545 0.7160
vt -1.9727 0.7160
vt -5.6573 5.1530
vt -5.1443 5.1530
vt -5.1443 5.1530
vt 2.9727 1.8529
vt 2.3545 1.7120
vt 2.9727 1.7120
vt 0.4753 0.4918
vt 0.4918 0.4753
vt 0.4918 0.4918
vt 2.9727 -0.7119
vt 2.3545 -0.8529
vt 2.9727 -0.8529
vt 0.4753 0.4918
vt 0.4918 0.4753
vt 0.4918 0.4918
vt 2.9727 0.5705
vt 2.3545 0.4295
vt 2.9727 0.4295
vt -2.5795 5.1530
vt -2.0665 5.1530
vt -2.0665 5.1530
vt 2.9727 0.1430
vt 2.3545 0.0020
vt 2.9727 0.0020
vt -5.6573 4.7375
vt -5.1443 4.7375
vt -5.1443 4.7375
vt 2.9727 2.7079
vt 2.3545 2.5669
vt 2.9727 2.5669
vt 0.4753 0.4918
vt 0.4918 0.4753
vt 0.4918 0.4918
vt 2.9727 3.1354
vt 2.3545 2.9944
vt 2.9727 2.9944
vt 3.5908 3.1399
vt 4.2090 3.2234
vt 3.5908 3.2234
vt 0.4753 0.4918
vt 0.4918 0.4753
vt 0.4918 0.4918
vt 3.5908 -1.5624
vt 4.2090 -1.4214
vt 3.5908 -1.4214
vt -2.5795 4.7375
vt -2.0665 4.7375
vt -2.0665 4.7375
vt 3.5908 1.0025
vt 4.2090 1.1435
vt 3.5908 1.1435
vt -5.6573 4.3219
vt -5.1443 4.3219
vt -5.1443 4.3219
vt 3.5908 -1.9898
vt 4.2090 -1.8489
vt 3.5908 -1.8489
vt 0.4753 0.4918
vt 0.4918 0.4753
vt 0.4918 0.4918
vt 3.5908 -0.7074
vt 4.2090 -0.5664
vt 3.5908 -0.5664
vt 0.4753 0.4918
vt 0.4918 0.4753
vt 0.4918 0.4918
vt 3.5908 1.8575
vt 4.2090 1.9985
vt 3.5908 1.9984
vt -2.5795 4.3219
vt -2.0665 4.3219
vt -2.0665 4.3219
vt 3.5908 0.5750
vt 4.2090 0.7160
vt 3.5908 0.7160
vt -5.6573 3.9064
vt -5.1443 3.9064
vt -5.1443 3.9064
vt -2.5908 1.8529
vt -3.2090 1.7120
vt -2.5908 1.7120
vt 0.4753 0.4918
vt 0.4918 0.4753
vt 0.4918 0.4918
vt -2.5908 -0.7119
vt -3.2090 -0.8529
vt -2.5908 -0.8529
vt 0.4753 0.4918
vt 0.4918 0.4753
vt 0.4918 0.4918
vt -2.5908 0.5705
vt -3.2090 0.4295
vt -2.5908 0.4295
vt -2.5795 3.9064
vt -2.0665 3.9064
vt -2.0665 3.9064
vt -2.5908 0.1430
vt -3.2090 0.0020
vt -2.5908 0.0020
vt -5.6573 3.4908
vt -5.1443 3.4908
vt -5.1443 3.4908
vt -2.5908 2.7079
vt -3.2090 2.5669
vt -2.5908 2.5669
vt 0.4753 0.4918
vt 0.4918 0.4753
vt 0.4918 0.4918
vt -2.5908 3.1354
vt -3.2090 2.9944
vt -2.5908 2.9944
vt 1.7363 3.1399
vt 2.3545 3.2234
vt 1.7363 3.2234
vt 0.4753 0.4918
vt 0.4918 0.4753
vt 0.4918 0.4918
vt 1.7363 -1.5624
vt 2.3545 -1.4214
vt 1.7363 -1.4214
vt -2.5795 3.4908
vt -2.0665 3.4908
vt -2.0665 3.4908
vt 1.7363 1.0025
vt 2.3545 1.1435
vt 1.7363 1.1435
vt -5.6573 3.0752
vt -5.1443 3.0752
vt -5.1443 3.0752
vt 1.7363 -1.9898
vt 2.3545 -1.8489
vt 1.7363 -1.8489
vt 0.4753 0.4918
vt 0.4918 0.4753
vt 0.4918 0.4918
vt 1.7363 -0.7074
vt 2.3545 -0.5664
vt 1.7363 -0.5664
vt 0.4753 0.4918
vt 0.4918 0.4753
vt 0.4918 0.4918
vt 1.7363 1.8575
vt 2.3545 1.9984
vt 1.7363 1.9984
vt -2.5795 3.0752
vt -2.0665 3.0752
vt -2.0665 3.0752
vt 1.7363 0.5750
vt 2.3545 0.7160
vt 1.7363 0.7160
vt -5.6573 2.6597
vt -5.1443 2.6597
vt -5.1443 2.6597
vt -0.7363 1.8529
vt -1.3545 1.7120
vt -0.7363 1.7120
vt 0.4753 0.4918
vt 0.4918 0.4753
vt 0.4918 0.4918
vt -0.7363 -0.7119
vt -1.3545 -0.8529
vt -0.7363 -0.8529
vt 0.4753 0.4918
vt 0.4918 0.4753
vt 0.4918 0.4918
vt -0.7363 0.5705
vt -1.3545 0.4295
vt -0.7363 0.4295
vt -2.5795 2.6597
vt -2.0665 2.6597
vt -2.0665 2.6597
vt -0.7363 0.1430
vt -1.3545 0.0020
vt -0.7363 0.0020
vt -5.6573 2.2441
vt -5.1443 2.2441
vt -5.1443 2.2441
vt -0.7363 2.7079
vt -1.3545 2.5669
vt -0.7363 2.5669
vt 0.4753 0.4918
vt 0.4918 0.4753
vt 0.4918 0.4918
vt -0.7363 3.1354
vt -1.3545 2.9944
vt -0.7363 2.9944
vt -0.1182 3.1399
vt 0.5000 3.2234
vt -0.1182 3.2234
vt 0.4753 0.4918
vt 0.4918 0.4753
vt 0.4918 0.4918
vt -0.1182 -1.5624
vt 0.5000 -1.4214
vt -0.1182 -1.4214
vt -2.5795 2.2441
vt -2.0665 2.2441
vt -2.0665 2.2441
vt -0.1182 1.1435
vt 0.5000 1.0025
vt 0.5000 1.1435
vt -5.6573 1.8286
vt -5.1443 1.8286
vt -5.1443 1.8286
vt -0.1182 -1.8489
vt 0.5000 -1.9898
vt 0.5000 -1.8489
vt 0.4753 0.4918
vt 0.4918 0.4753
vt 0.4918 0.4918
vt -0.1182 -0.5664
vt 0.5000 -0.7074
vt 0.5000 -0.5664
vt 0.4753 0.4918
vt 0.4918 0.4753
vt 0.4918 0.4918
vt -0.1182 1.8575
vt 0.5000 1.9984
vt -0.1182 1.9984
vt -2.5795 1.8286
vt -2.0665 1.8286
vt -2.0665 1.8286
vt -0.1182 0.7160
vt 0.5000 0.5750
vt 0.5000 0.7160
vt -5.6573 1.4130
vt -5.1443 1.4130
vt -5.1443 1.4130
vt 1.1182 1.7120
vt 0.5000 1.8529
vt 0.5000 1.7120
vt 0.4753 0.4918
vt 0.4918 0.4753
vt 0.4918 0.4918
vt 1.1182 -0.8529
vt 0.5000 -0.7119
vt 0.5000 -0.8529
vt 0.4753 0.4918
vt 0.4918 0.4753
vt 0.4918 0.4918
vt 1.1182 0.4295
vt 0.5000 0.5705
vt 0.5000 0.4295
vt -2.5795 1.4130
vt -2.0665 1.4130
vt -2.0665 1.4130
vt 1.1182 0.0020
vt 0.5000 0.1430
vt 0.5000 0.0020
vt 0.4753 0.4918
vt 0.4918 0.4753
vt 0.4918 0.4918
vt 1.1182 2.5669
vt 0.5000 2.7079
vt 0.5000 2.5669
vt 0.4753 0.4918
vt 0.4918 0.4753
vt 0.4918 0.4918
vt 1.1182 2.9944
vt 0.5000 3.1354
vt 0.5000 2.9944
vt 0.4753 0.4918
vt 0.4918 0.4753
vt 0.4918 0.4918
vt 0.4753 0.4918
vt 0.4918 0.4753
vt 0.4918 0.4918
vt 0.4753 0.4918
vt 0.4918 0.4753
vt 0.4918 0.4918
vt 0.4753 0.4918
vt 0.4918 0.4753
vt 0.4918 0.4918
vt 0.4753 0.4918
vt 0.4918 0.4753
vt 0.4918 0.4918
vt 0.4753 0.4918
vt 0.4918 0.4753
vt 0.4918 0.4918
vt 0.4753 0.4918
vt 0.4918 0.4753
vt 0.4918 0.4918
vt 0.4753 0.4918
vt 0.4918 0.4753
vt 0.4918 0.4918
vt 0.4753 0.4918
vt 0.4918 0.4753
vt 0.4918 0.4918
vt 0.4753 0.4918
vt 0.4918 0.4753
vt 0.4918 0.4918
vt 0.4753 0.4918
vt 0.4918 0.4753
vt 0.4918 0.4918
vt 0.4753 0.4918
vt 0.4918 0.4753
vt 0.4918 0.4918
vt 0.4753 0.4918
vt 0.4918 0.4753
vt 0.4918 0.4918
vt 0.4753 0.4918
vt 0.4918 0.4753
vt 0.4918 0.4918
vt 0.4753 0.4918
vt 0.4918 0.4753
vt 0.4918 0.4918
vt 0.4753 0.4918
vt 0.4918 0.4753
vt 0.4918 0.4918
vt 0.4753 0.4918
vt 0.4918 0.4753
vt 0.4918 0.4918
vt 0.4753 0.4918
vt 0.4918 0.4753
vt 0.4918 0.4918
vt 0.4753 0.4918
vt 0.4918 0.4753
vt 0.4918 0.4918
vt 0.4753 0.4918
vt 0.4918 0.4753
vt 0.4918 0.4918
vt 0.4753 0.4918
vt 0.4918 0.4753
vt 0.4918 0.4918
vt 0.4753 0.4918
vt 0.4918 0.4753
vt 0.4918 0.4918
vt 0.4753 0.4918
vt 0.4918 0.4753
vt 0.4918 0.4918
vt 0.4753 0.4918
vt 0.4918 0.4753
vt 0.4918 0.4918
vt 0.4753 0.4918
vt 0.4918 0.4753
vt 0.4918 0.4918
vt 0.4753 0.4918
vt 0.4918 0.4753
vt 0.4918 0.4918
vt 0.4753 0.4918
vt 0.4918 0.4753
vt 0.4918 0.4918
vt 0.4753 0.4918
vt 0.4918 0.4753
vt 0.4918 0.4918
vt 0.4753 0.4918
vt 0.4918 0.4753
vt 0.4918 0.4918
vt 0.4753 0.4918
vt 0.4918 0.4753
vt 0.4918 0.4918
vt 0.4753 0.4918
vt 0.4918 0.4753
vt 0.4918 0.4918
vt 0.4753 0.4918
vt 0.4918 0.4753
vt 0.4918 0.4918
vt 0.4753 0.4918
vt 0.4918 0.4753
vt 0.4918 0.4918
vt 0.4753 0.4918
vt 0.4918 0.4753
vt 0.4918 0.4918
vt 0.4753 0.4918
vt 0.4918 0.4753
vt 0.4918 0.4918
vt 0.4753 0.4918
vt 0.4918 0.4753
vt 0.4918 0.4918
vt 0.4753 0.4918
vt 0.4918 0.4753
vt 0.4918 0.4918
vt 0.4753 0.4918
vt 0.4918 0.4753
vt 0.4918 0.4918
vt 0.4753 0.4918
vt 0.4918 0.4753
vt 0.4918 0.4918
vt 0.4753 0.4918
vt 0.4918 0.4753
vt 0.4918 0.4918
vt 0.4753 0.4918
vt 0.4918 0.4753
vt 0.4918 0.4918
vt 0.4753 0.4918
vt 0.4918 0.4753
vt 0.4918 0.4918
vt 0.4753 0.4918
vt 0.4918 0.4753
vt 0.4918 0.4918
vt 0.4753 0.4918
vt 0.4918 0.4753
vt 0.4918 0.4918
vt 0.4753 0.4918
vt 0.4918 0.4753
vt 0.4918 0.4918
vt 0.4753 0.4918
vt 0.4918 0.4753
vt 0.4918 0.4918
vt 0.4753 0.4918
vt 0.4918 0.4753
vt 0.4918 0.4918
vt 0.4918 0.4918
vt 0.4753 0.4753
vt 0.4918 0.4753
vt 0.4918 0.4918
vt 0.4753 0.4753
vt 0.4918 0.4753
vt 0.4918 0.4918
vt 0.4753 0.4753
vt 0.4918 0.4753
vt 0.4753 0.4918
vt 0.4918 0.4753
vt 0.4918 0.4918
vt 0.4753 0.4918
vt 0.4918 0.4753
vt 0.4918 0.4918
vt -4.1184 1.4130
vt -3.6054 1.4130
vt -3.6054 1.4130
vt 0.4753 0.4918
vt 0.4918 0.4753
vt 0.4918 0.4918
vt 0.4753 0.4918
vt 0.4918 0.4753
vt 0.4918 0.4918
vt -1.0406 1.4130
vt -0.5276 1.4130
vt -0.5276 1.4130
vt -4.1184 1.8286
vt -3.6054 1.8286
vt -3.6054 1.8286
vt 0.4753 0.4918
vt 0.4918 0.4753
vt 0.4918 0.4918
vt 0.4753 0.4918
vt 0.4918 0.4753
vt 0.4918 0.4918
vt -1.0406 1.8286
vt -0.5276 1.8286
vt -0.5276 1.8286
vt -4.1184 2.2441
vt -3.6054 2.2441
vt -3.6054 2.2441
vt 0.4753 0.4918
vt 0.4918 0.4753
vt 0.4918 0.4918
vt 0.4753 0.4918
vt 0.4918 0.4753
vt 0.4918 0.4918
vt -1.0406 2.2441
vt -0.5276 2.2441
vt -0.5276 2.2441
vt -4.1184 2.6597
vt -3.6054 2.6597
vt -3.6054 2.6597
vt 0.4753 0.4918
vt 0.4918 0.4753
vt 0.4918 0.4918
vt 0.4753 0.4918
vt 0.4918 0.4753
vt 0.4918 0.4918
vt -1.0406 2.6597
vt -0.5276 2.6597
vt -0.5276 2.6597
vt -4.1184 3.0752
vt -3.6054 3.0752
vt -3.6054 3.0752
vt 0.4753 0.4918
vt 0.4918 0.4753
vt 0.4918 0.4918
vt 0.4753 0.4918
vt 0.4918 0.4753
vt 0.4918 0.4918
vt -1.0406 3.0752
vt -0.5276 3.0752
vt -0.5276 3.0752
vt -4.1184 3.4908
vt -3.6054 3.4908
vt -3.6054 3.4908
vt 0.4753 0.4918
vt 0.4918 0.4753
vt 0.4918 0.4918
vt 0.4753 0.4918
vt 0.4918 0.4753
vt 0.4918 0.4918
vt -1.0406 3.4908
vt -0.5276 3.4908
vt -0.5276 3.4908
vt -4.1184 3.9064
vt -3.6054 3.9064
vt -3.6054 3.9064
vt 0.4753 0.4918
vt 0.4918 0.4753
vt 0.4918 0.4918
vt 0.4753 0.4918
vt 0.4918 0.4753
vt 0.4918 0.4918
vt -1.0406 3.9064
vt -0.5276 3.9064
vt -0.5276 3.9064
vt -4.1184 4.3219
vt -3.6054 4.3219
vt -3.6054 4.3219
vt 0.4753 0.4918
vt 0.4918 0.4753
vt 0.4918 0.4918
vt 0.4753 0.4918
vt 0.4918 0.4753
vt 0.4918 0.4918
vt -1.0406 4.3219
vt -0.5276 4.3219
vt -0.5276 4.3219
vt -4.1184 4.7375
vt -3.6054 4.7375
vt -3.6054 4.7375
vt 0.4753 0.4918
vt 0.4918 0.4753
vt 0.4918 0.4918
vt 0.4753 0.4918
vt 0.4918 0.4753
vt 0.4918 0.4918
vt -1.0406 4.7375
vt -0.5276 4.7375
vt -0.5276 4.7375
vt -4.1184 5.1530
vt -3.6054 5.1530
vt -3.6054 5.1530
vt 0.4753 0.4918
vt 0.4918 0.4753
vt 0.4918 0.4918
vt 0.4753 0.4918
vt 0.4918 0.4753
vt 0.4918 0.4918
vt -1.0406 5.1530
vt -0.5276 5.1530
vt -0.5276 5.1530
vt -4.1184 5.5686
vt -3.6054 5.5686
vt -3.6054 5.5686
vt 0.4753 0.4918
vt 0.4918 0.4753
vt 0.4918 0.4918
vt 0.4753 0.4918
vt 0.4918 0.4753
vt 0.4918 0.4918
vt -1.0406 5.5686
vt -0.5276 5.5686
vt -0.5276 5.5686
vt -4.1184 5.9841
vt -3.6054 5.9841
vt -3.6054 5.9841
vt 0.4753 0.4918
vt 0.4918 0.4753
vt 0.4918 0.4918
vt 0.4753 0.4918
vt 0.4918 0.4753
vt 0.4918 0.4918
vt -1.0406 5.9841
vt -0.5276 5.9841
vt -0.5276 5.9841
vt 0.4984 5.9841
vt -0.0146 5.9841
vt 0.4984 5.9841
vt -0.0146 5.9841
vt 0.4984 5.9841
vt -0.0146 5.9841
vt 0.4984 5.9841
vt -0.5276 5.9841
vt -0.0146 5.9841
vt -0.5276 5.9841
vt -1.0406 5.9841
vt -1.0406 5.9841
vt 0.5247 0.4918
vt 0.5082 0.4753
vt 0.5247 0.4753
vt 0.5082 0.4918
vt 0.5247 0.5247
vt 0.5082 0.5082
vt 0.5247 0.5082
vt 0.4918 0.5247
vt 0.5082 0.5247
vt 0.4918 0.5082
vt 0.4753 0.5247
vt 0.4753 0.5082
vt 0.5247 0.4918
vt 0.5082 0.4753
vt 0.5247 0.4753
vt 0.5082 0.4918
vt 0.5247 0.5247
vt 0.5082 0.5082
vt 0.5247 0.5082
vt 0.4918 0.5247
vt 0.5082 0.5247
vt 0.4918 0.5082
vt 0.4753 0.5247
vt 0.4753 0.5082
vt -3.0924 5.9841
vt -2.5795 5.9841
vt -3.0924 5.9841
vt -2.5795 5.9841
vt -3.0924 5.9841
vt -2.5795 5.9841
vt -3.6054 5.9841
vt -3.0924 5.9841
vt -3.6054 5.9841
vt -4.1184 5.9841
vt -4.1184 5.9841
vt 0.4984 5.5686
vt -0.0146 5.5686
vt 0.4984 5.5686
vt -0.0146 5.5686
vt 0.4984 5.5686
vt -0.0146 5.5686
vt 0.4984 5.5686
vt -0.5276 5.5686
vt -0.0146 5.5686
vt -0.5276 5.5686
vt -1.0406 5.5686
vt -1.0406 5.5686
vt 0.5247 0.4918
vt 0.5082 0.4753
vt 0.5247 0.4753
vt 0.5082 0.4918
vt 0.5247 0.5247
vt 0.5082 0.5082
vt 0.5247 0.5082
vt 0.4918 0.5247
vt 0.5082 0.5247
vt 0.4918 0.5082
vt 0.4753 0.5247
vt 0.4753 0.5082
vt 0.5247 0.4918
vt 0.5082 0.4753
vt 0.5247 0.4753
vt 0.5082 0.4918
vt 0.5247 0.5247
vt 0.5082 0.5082
vt 0.5247 0.5082
vt 0.4918 0.5247
vt 0.5082 0.5247
vt 0.4918 0.5082
vt 0.4753 0.5247
vt 0.4753 0.5082
vt -3.0924 5.5686
vt -2.5795 5.5686
vt -3.0924 5.5686
vt -2.5795 5.5686
vt -3.0924 5.5686
vt -2.5795 5.5686
vt -3.6054 5.5686
vt -3.0924 5.5686
vt -3.6054 5.5686
vt -4.1184 5.5686
vt -4.1184 5.5686
vt 0.4984 5.1530
vt -0.0146 5.1530
vt 0.4984 5.1530
vt -0.0146 5.1530
vt 0.4984 5.1530
vt -0.0146 5.1530
vt 0.4984 5.1530
vt -0.5276 5.1530
vt -0.0146 5.1530
vt -0.5276 5.1530
vt -1.0406 5.1530
vt -1.0406 5.1530
vt 0.5247 0.4918
vt 0.5082 0.4753
vt 0.5247 0.4753
vt 0.5082 0.4918
vt 0.5247 0.5247
vt 0.5082 0.5082
vt 0.5247 0.5082
vt 0.4918 0.5247
vt 0.5082 0.5247
vt 0.4918 0.5082
vt 0.4753 0.5247
vt 0.4753 0.5082
vt 0.5247 0.4918
vt 0.5082 0.4753
vt 0.5247 0.4753
vt 0.5082 0.4918
vt 0.5247 0.5247
vt 0.5082 0.5082
vt 0.5247 0.5082
vt 0.4918 0.5247
vt 0.5082 0.5247
vt 0.4918 0.5082
vt 0.4753 0.5247
vt 0.4753 0.5082
vt -3.0924 5.1530
vt -2.5795 5.1530
vt -3.0924 5.1530
vt -2.5795 5.1530
vt -3.0924 5.1530
vt -2.5795 5.1530
vt -3.6054 5.1530
vt -3.0924 5.1530
vt -3.6054 5.1530
vt -4.1184 5.1530
vt -4.1184 5.1530
vt 0.4984 4.7375
vt -0.0146 4.7375
vt 0.4984 4.7375
vt -0.0146 4.7375
vt 0.4984 4.7375
vt -0.0146 4.7375
vt 0.4984 4.7375
vt -0.5276 4.7375
vt -0.0146 4.7375
vt -0.5276 4.7375
vt -1.0406 4.7375
vt -1.0406 4.7375
vt 0.5247 0.4918
vt 0.5082 0.4753
vt 0.5247 0.4753
vt 0.5082 0.4918
vt 0.5247 0.5247
vt 0.5082 0.5082
vt 0.5247 0.5082
vt 0.4918 0.5247
vt 0.5082 0.5247
vt 0.4918 0.5082
vt 0.4753 0.5247
vt 0.4753 0.5082
vt 0.5247 0.4918
vt 0.5082 0.4753
vt 0.5247 0.4753
vt 0.5082 0.4918
vt 0.5247 0.5247
vt 0.5082 0.5082
vt 0.5247 0.5082
vt 0.4918 0.5247
vt 0.5082 0.5247
vt 0.4918 0.5082
vt 0.4753 0.5247
vt 0.4753 0.5082
vt -3.0924 4.7375
vt -2.5795 4.7375
vt -3.0924 4.7375
vt -2.5795 4.7375
vt -3.0924 4.7375
vt -2.5795 4.7375
vt -3.6054 4.7375
vt -3.0924 4.7375
vt -3.6054 4.7375
vt -4.1184 4.7375
vt -4.1184 4.7375
vt 0.4984 4.3219
vt -0.0146 4.3219
vt 0.4984 4.3219
vt -0.0146 4.3219
vt 0.4984 4.3219
vt -0.0146 4.3219
vt 0.4984 4.3219
vt -0.5276 4.3219
vt -0.0146 4.3219
vt -0.5276 4.3219
vt -1.0406 4.3219
vt -1.0406 4.3219
vt 0.5247 0.4918
vt 0.5082 0.4753
vt 0.5247 0.4753
vt 0.5082 0.4918
vt 0.5247 0.5247
vt 0.5082 0.5082
vt 0.5247 0.5082
vt 0.4918 0.5247
vt 0.5082 0.5247
vt 0.4918 0.5082
vt 0.4753 0.5247
vt 0.4753 0.5082
vt 0.5247 0.4918
vt 0.5082 0.4753
vt 0.5247 0.4753
vt 0.5082 0.4918
vt 0.5247 0.5247
vt 0.5082 0.5082
vt 0.5247 0.5082
vt 0.4918 0.5247
vt 0.5082 0.5247
vt 0.4918 0.5082
vt 0.4753 0.5247
vt 0.4753 0.5082
vt -3.0924 4.3219
vt -2.5795 4.3219
vt -3.0924 4.3219
vt -2.5795 4.3219
vt -3.0924 4.3219
vt -2.5795 4.3219
vt -3.6054 4.3219
vt -3.0924 4.3219
vt -3.6054 4.3219
vt -4.1184 4.3219
vt -4.1184 4.3219
vt 0.4984 3.9064
vt -0.0146 3.9064
vt 0.4984 3.9064
vt -0.0146 3.9064
vt 0.4984 3.9064
vt -0.0146 3.9064
vt 0.4984 3.9064
vt -0.5276 3.9064
vt -0.0146 3.9064
vt -0.5276 3.9064
vt -1.0406 3.9064
vt -1.0406 3.9064
vt 0.5247 0.4918
vt 0.5082 0.4753
vt 0.5247 0.4753
vt 0.5082 0.4918
vt 0.5247 0.5247
vt 0.5082 0.5082
vt 0.5247 0.5082
vt 0.4918 0.5247
vt 0.5082 0.5247
vt 0.4918 0.5082
vt 0.4753 0.5247
vt 0.4753 0.5082
vt 0.5247 0.4918
vt 0.5082 0.4753
vt 0.5247 0.4753
vt 0.5082 0.4918
vt 0.5247 0.5247
vt 0.5082 0.5082
vt 0.5247 0.5082
vt 0.4918 0.5247
vt 0.5082 0.5247
vt 0.4918 0.5082
vt 0.4753 0.5247
vt 0.4753 0.5082
vt -3.0924 3.9064
vt -2.5795 3.9064
vt -3.0924 3.9064
vt -2.5795 3.9064
vt -3.0924 3.9064
vt -2.5795 3.9064
vt -3.6054 3.9064
vt -3.0924 3.9064
vt -3.6054 3.9064
vt -4.1184 3.9064
vt -4.1184 3.9064
vt 0.4984 3.4908
vt -0.0146 3.4908
vt 0.4984 3.4908
vt -0.0146 3.4908
vt 0.4984 3.4908
vt -0.0146 3.4908
vt 0.4984 3.4908
vt -0.5276 3.4908
vt -0.0146 3.4908
vt -0.5276 3.4908
vt -1.0406 3.4908
vt -1.0406 3.4908
vt 0.5247 0.4918
vt 0.5082 0.4753
vt 0.5247 0.4753
vt 0.5082 0.4918
vt 0.5247 0.5247
vt 0.5082 0.5082
vt 0.5247 0.5082
vt 0.4918 0.5247
vt 0.5082 0.5247
vt 0.4918 0.5082
vt 0.4753 0.5247
vt 0.4753 0.5082
vt 0.5247 0.4918
vt 0.5082 0.4753
vt 0.5247 0.4753
vt 0.5082 0.4918
vt 0.5247 0.5247
vt 0.5082 0.5082
vt 0.5247 0.5082
vt 0.4918 0.5247
vt 0.5082 0.5247
vt 0.4918 0.5082
vt 0.4753 0.5247
vt 0.4753 0.5082
vt -3.0924 3.4908
vt -2.5795 3.4908
vt -3.0924 3.4908
vt -2.5795 3.4908
vt -3.0924 3.4908
vt -2.5795 3.4908
vt -3.6054 3.4908
vt -3.0924 3.4908
vt -3.6054 3.4908
vt -4.1184 3.4908
vt -4.1184 3.4908
vt 0.4984 3.0752
vt -0.0146 3.0752
vt 0.4984 3.0752
vt -0.0146 3.0752
vt 0.4984 3.0752
vt -0.0146 3.0752
vt 0.4984 3.0752
vt -0.5276 3.0752
vt -0.0146 3.0752
vt -0.5276 3.0752
vt -1.0406 3.0752
vt -1.0406 3.0752
vt 0.5247 0.4918
vt 0.5082 0.4753
vt 0.5247 0.4753
vt 0.5082 0.4918
vt 0.5247 0.5247
vt 0.5082 0.5082
vt 0.5247 0.5082
vt 0.4918 0.5247
vt 0.5082 0.5247
vt 0.4918 0.5082
vt 0.4753 0.5247
vt 0.4753 0.5082
vt 0.5247 0.4918
vt 0.5082 0.4753
vt 0.5247 0.4753
vt 0.5082 0.4918
vt 0.5247 0.5247
vt 0.5082 0.5082
vt 0.5247 0.5082
vt 0.4918 0.5247
vt 0.5082 0.5247
vt 0.4918 0.5082
vt 0.4753 0.5247
vt 0.4753 0.5082
vt -3.0924 3.0752
vt -2.5795 3.0752
vt -3.0924 3.0752
vt -2.5795 3.0752
vt -3.0924 3.0752
vt -2.5795 3.0752
vt -3.6054 3.0752
vt -3.0924 3.0752
vt -3.6054 3.0752
vt -4.1184 3.0752
vt -4.1184 3.0752
vt 0.4984 2.6597
vt -0.0146 2.6597
vt 0.4984 2.6597
vt -0.0146 2.6597
vt 0.4984 2.6597
vt -0.0146 2.6597
vt 0.4984 2.6597
vt -0.5276 2.6597
vt -0.0146 2.6597
vt -1.0406 2.6597
vt -0.5276 2.6597
vt -1.0406 2.6597
vt 0.5247 0.4918
vt 0.5082 0.4753
vt 0.5247 0.4753
vt 0.5082 0.4918
vt 0.5247 0.5247
vt 0.5082 0.5082
vt 0.5247 0.5082
vt 0.4918 0.5247
vt 0.5082 0.5247
vt 0.4918 0.5082
vt 0.4753 0.5247
vt 0.4753 0.5082
vt 0.5247 0.4918
vt 0.5082 0.4753
vt 0.5247 0.4753
vt 0.5082 0.4918
vt 0.5247 0.5247
vt 0.5082 0.5082
vt 0.5247 0.5082
vt 0.4918 0.5247
vt 0.5082 0.5247
vt 0.4918 0.5082
vt 0.4753 0.5247
vt 0.4753 0.5082
vt -3.0924 2.6597
vt -2.5795 2.6597
vt -3.0924 2.6597
vt -2.5795 2.6597
vt -3.0924 2.6597
vt -2.5795 2.6597
vt -3.6054 2.6597
vt -3.0924 2.6597
vt -3.6054 2.6597
vt -4.1184 2.6597
vt -4.1184 2.6597
vt 0.4983 2.2441
vt -0.0146 2.2441
vt 0.4983 2.2441
vt -0.0146 2.2441
vt 0.4983 2.2441
vt -0.0146 2.2441
vt 0.4983 2.2441
vt -0.5276 2.2441
vt -0.0146 2.2441
vt -0.5276 2.2441
vt -1.0406 2.2441
vt -1.0406 2.2441
vt 0.5247 0.4918
vt 0.5082 0.4753
vt 0.5247 0.4753
vt 0.5082 0.4918
vt 0.5247 0.5247
vt 0.5082 0.5082
vt 0.5247 0.5082
vt 0.4918 0.5247
vt 0.5082 0.5247
vt 0.4918 0.5082
vt 0.4753 0.5247
vt 0.4753 0.5082
vt 0.5247 0.4918
vt 0.5082 0.4753
vt 0.5247 0.4753
vt 0.5082 0.4918
vt 0.5247 0.5247
vt 0.5082 0.5082
vt 0.5247 0.5082
vt 0.4918 0.5247
vt 0.5082 0.5247
vt 0.4918 0.5082
vt 0.4753 0.5247
vt 0.4753 0.5082
vt -3.0924 2.2441
vt -2.5795 2.2441
vt -3.0924 2.2441
vt -2.5795 2.2441
vt -3.0924 2.2441
vt -2.5795 2.2441
vt -3.6054 2.2441
vt -3.0924 2.2441
vt -3.6054 2.2441
vt -4.1184 2.2441
vt -4.1184 2.2441
vt 0.4983 1.8286
vt -0.0146 1.8286
vt 0.4983 1.8286
vt -0.0146 1.8286
vt 0.4983 1.8286
vt -0.0146 1.8286
vt 0.4983 1.8286
vt -0.0146 1.8286
vt -0.5276 1.8286
vt -1.0406 1.8286
vt -0.5276 1.8286
vt -1.0406 1.8286
vt 0.5247 0.4918
vt 0.5082 0.4753
vt 0.5247 0.4753
vt 0.5082 0.4918
vt 0.5247 0.5247
vt 0.5082 0.5082
vt 0.5247 0.5082
vt 0.4918 0.5247
vt 0.5082 0.5247
vt 0.4918 0.5082
vt 0.4753 0.5247
vt 0.4753 0.5082
vt 0.5247 0.4918
vt 0.5082 0.4753
vt 0.5247 0.4753
vt 0.5082 0.4918
vt 0.5247 0.5247
vt 0.5082 0.5082
vt 0.5247 0.5082
vt 0.4918 0.5247
vt 0.5082 0.5247
vt 0.4918 0.5082
vt 0.4753 0.5247
vt 0.4753 0.5082
vt -3.0924 1.8286
vt -2.5795 1.8286
vt -3.0924 1.8286
vt -2.5795 1.8286
vt -3.0924 1.8286
vt -2.5795 1.8286
vt -3.6054 1.8286
vt -3.0924 1.8286
vt -3.6054 1.8286
vt -4.1184 1.8286
vt -4.1184 1.8286
vt 0.4983 1.4130
vt -0.0146 1.4130
vt 0.4983 1.4130
vt -0.0146 1.4130
vt 0.4983 1.4130
vt -0.0146 1.4130
vt 0.4983 1.4130
vt -0.5276 1.4130
vt -0.0146 1.4130
vt -0.5276 1.4130
vt -1.0406 1.4130
vt -1.0406 1.4130
vt 0.5247 0.4918
vt 0.5082 0.4753
vt 0.5247 0.4753
vt 0.5082 0.4918
vt 0.5247 0.5247
vt 0.5082 0.5082
vt 0.5247 0.5082
vt 0.4918 0.5247
vt 0.5082 0.5247
vt 0.4918 0.5082
vt 0.4753 0.5247
vt 0.4753 0.5082
vt 0.5247 0.4918
vt 0.5082 0.4753
vt 0.5247 0.4753
vt 0.5082 0.4918
vt 0.5247 0.5247
vt 0.5082 0.5082
vt 0.5247 0.5082
vt 0.4918 0.5247
vt 0.5082 0.5247
vt 0.4918 0.5082
vt 0.4753 0.5247
vt 0.4753 0.5082
vt -3.0924 1.4130
vt -2.5795 1.4130
vt -3.0924 1.4130
vt -2.5795 1.4130
vt -3.0924 1.4130
vt -2.5795 1.4130
vt -3.6054 1.4130
vt -3.0924 1.4130
vt -3.6054 1.4130
vt -4.1184 1.4130
vt -4.1184 1.4130
vt 0.5082 0.4918
vt 0.5247 0.4753
vt 0.5247 0.4918
vt 0.5082 0.4753
vt 0.5082 0.5247
vt 0.5247 0.5082
vt 0.5247 0.5247
vt 0.5082 0.5082
vt 0.4918 0.5247
vt 0.4753 0.5247
vt 0.4918 0.5082
vt 0.4753 0.5082
vt 0.5247 0.4918
vt 0.5082 0.4753
vt 0.5247 0.4753
vt 0.5082 0.4918
vt 0.5247 0.5247
vt 0.5082 0.5082
vt 0.5247 0.5082
vt 0.5082 0.5247
vt 0.4918 0.5082
vt 0.4918 0.5247
vt 0.4753 0.5082
vt 0.5247 0.4918
vt 0.5082 0.4753
vt 0.5247 0.4753
vt 0.5082 0.4918
vt 0.5247 0.5247
vt 0.5082 0.5082
vt 0.5247 0.5082
vt 0.5082 0.5247
vt 0.4918 0.5082
vt 0.4918 0.5247
vt 0.4753 0.5082
vt 0.4753 0.4918
vt 0.5247 0.4918
vt 0.5082 0.4753
vt 0.5247 0.4753
vt 0.5082 0.4918
vt 0.5247 0.5247
vt 0.5082 0.5082
vt 0.5247 0.5082
vt 0.5082 0.5247
vt 0.4918 0.5082
vt 0.4918 0.5247
vt 0.4753 0.5082
vt 0.4753 0.4918
vt 0.5247 0.4918
vt 0.5082 0.4753
vt 0.5247 0.4753
vt 0.5082 0.4918
vt 0.5247 0.5247
vt 0.5082 0.5082
vt 0.5247 0.5082
vt 0.5082 0.5247
vt 0.4918 0.5082
vt 0.4918 0.5247
vt 0.4753 0.5082
vt 0.4753 0.4918
vt 0.5247 0.4918
vt 0.5082 0.4753
vt 0.5247 0.4753
vt 0.5082 0.4918
vt 0.5082 0.5247
vt 0.5247 0.5082
vt 0.5247 0.5247
vt 0.5082 0.5082
vt 0.4918 0.5247
vt 0.4918 0.5082
vt 0.4753 0.5082
vt 0.5082 0.4918
vt 0.5247 0.4753
vt 0.5247 0.4918
vt 0.5082 0.4753
vt 0.5082 0.5247
vt 0.5247 0.5082
vt 0.5247 0.5247
vt 0.5082 0.5082
vt 0.4918 0.5247
vt 0.4918 0.5082
vt 0.4753 0.5247
vt 0.4753 0.5082
vt 0.5082 0.4918
vt 0.5247 0.4753
vt 0.5247 0.4918
vt 0.5082 0.4753
vt 0.5082 0.5247
vt 0.5247 0.5082
vt 0.5247 0.5247
vt 0.5082 0.5082
vt 0.4918 0.5247
vt 0.4918 0.5082
vt 0.4753 0.5247
vt 0.4753 0.5082
vt 0.5082 0.4918
vt 0.5247 0.4753
vt 0.5247 0.4918
vt 0.5082 0.4753
vt 0.5082 0.5247
vt 0.5247 0.5082
vt 0.5247 0.5247
vt 0.5082 0.5082
vt 0.4918 0.5247
vt 0.4918 0.5082
vt 0.4753 0.5247
vt 0.4753 0.5082
vt 0.5082 0.4918
vt 0.5247 0.4753
vt 0.5247 0.4918
vt 0.5082 0.4753
vt 0.5082 0.5247
vt 0.5247 0.5082
vt 0.5247 0.5247
vt 0.5082 0.5082
vt 0.4918 0.5247
vt 0.4918 0.5082
vt 0.4753 0.5247
vt 0.4753 0.5082
vt 0.5082 0.4918
vt 0.5247 0.4753
vt 0.5247 0.4918
vt 0.5082 0.4753
vt 0.5082 0.5247
vt 0.5247 0.5082
vt 0.5247 0.5247
vt 0.5082 0.5082
vt 0.4918 0.5247
vt 0.4918 0.5082
vt 0.4753 0.5247
vt 0.4753 0.5082
vt 0.5082 0.4918
vt 0.5247 0.4753
vt 0.5247 0.4918
vt 0.5082 0.4753
vt 0.5082 0.5247
vt 0.5247 0.5082
vt 0.5247 0.5247
vt 0.5082 0.5082
vt 0.4918 0.5247
vt 0.4918 0.5082
vt 0.4753 0.5247
vt 0.4753 0.5082
vt 0.5082 0.4918
vt 0.5247 0.4918
vt 0.5082 0.4753
vt 0.5082 0.5247
vt 0.5247 0.5082
vt 0.5247 0.5247
vt 0.5082 0.5082
vt 0.4918 0.5247
vt 0.4918 0.5082
vt 0.4753 0.5247
vt 0.4753 0.5082
vt 0.5082 0.4918
vt 0.5247 0.4918
vt 0.5082 0.4753
vt 0.5082 0.5247
vt 0.5247 0.5082
vt 0.5247 0.5247
vt 0.5082 0.5082
vt 0.4918 0.5247
vt 0.4918 0.5082
vt 0.4753 0.5247
vt 0.4753 0.5082
vt 0.5082 0.4918
vt 0.5247 0.4918
vt 0.5082 0.4753
vt 0.5082 0.5247
vt 0.5247 0.5082
vt 0.5247 0.5247
vt 0.5082 0.5082
vt 0.4918 0.5247
vt 0.4918 0.5082
vt 0.4753 0.5247
vt 0.4753 0.5082
vt 0.5082 0.4918
vt 0.5247 0.4918
vt 0.5082 0.4753
vt 0.5082 0.5247
vt 0.5247 0.5082
vt 0.5247 0.5247
vt 0.5082 0.5082
vt 0.4918 0.5247
vt 0.4918 0.5082
vt 0.4753 0.5247
vt 0.4753 0.5082
vt 0.5082 0.4918
vt 0.5247 0.4918
vt 0.5082 0.4753
vt 0.5082 0.5247
vt 0.5247 0.5082
vt 0.5247 0.5247
vt 0.5082 0.5082
vt 0.4918 0.5247
vt 0.4918 0.5082
vt 0.4753 0.5247
vt 0.4753 0.5082
vt 0.5082 0.4918
vt 0.5247 0.4918
vt 0.5082 0.4753
vt 0.5082 0.5247
vt 0.5247 0.5082
vt 0.5247 0.5247
vt 0.5082 0.5082
vt 0.4918 0.5247
vt 0.4918 0.5082
vt 0.4753 0.5247
vt 0.4753 0.5082
vt 0.5082 0.4918
vt 0.5247 0.4918
vt 0.5082 0.4753
vt 0.5082 0.5247
vt 0.5247 0.5082
vt 0.5247 0.5247
vt 0.5082 0.5082
vt 0.4918 0.5247
vt 0.4918 0.5082
vt 0.4753 0.5247
vt 0.4753 0.5082
vt 0.5082 0.4918
vt 0.5247 0.4918
vt 0.5082 0.4753
vt 0.5082 0.5247
vt 0.5247 0.5082
vt 0.5247 0.5247
vt 0.5082 0.5082
vt 0.4918 0.5247
vt 0.4918 0.5082
vt 0.4753 0.5247
vt 0.4753 0.5082
vt 0.5082 0.4918
vt 0.5247 0.4918
vt 0.5082 0.4753
vt 0.5082 0.5247
vt 0.5247 0.5082
vt 0.5247 0.5247
vt 0.5082 0.5082
vt 0.4918 0.5247
vt 0.4918 0.5082
vt 0.4753 0.5247
vt 0.4753 0.5082
vt 0.5082 0.4918
vt 0.5247 0.4918
vt 0.5082 0.4753
vt 0.5082 0.5247
vt 0.5247 0.5082
vt 0.5247 0.5247
vt 0.5082 0.5082
vt 0.4918 0.5247
vt 0.4918 0.5082
vt 0.4753 0.5247
vt 0.4753 0.5082
vt 0.5082 0.4918
vt 0.5247 0.4918
vt 0.5082 0.4753
vt 0.5082 0.5247
vt 0.5247 0.5082
vt 0.5247 0.5247
vt 0.5082 0.5082
vt 0.4918 0.5247
vt 0.4918 0.5082
vt 0.4753 0.5247
vt 0.4753 0.5082
vt 0.5082 0.4918
vt 0.5247 0.4753
vt 0.5247 0.4918
vt 0.5082 0.4753
vt 0.5082 0.5247
vt 0.5247 0.5082
vt 0.5247 0.5247
vt 0.5082 0.5082
vt 0.4918 0.5247
vt 0.4918 0.5082
vt 0.4753 0.5247
vt 0.4753 0.5082
vt 0.5082 0.4918
vt 0.5247 0.4753
vt 0.5247 0.4918
vt 0.5082 0.4753
vt 0.5082 0.5247
vt 0.5247 0.5082
vt 0.5247 0.5247
vt 0.5082 0.5082
vt 0.4918 0.5247
vt 0.4918 0.5082
vt 0.4753 0.5247
vt 0.4753 0.5082
vt 0.5082 0.4918
vt 0.5247 0.4753
vt 0.5247 0.4918
vt 0.5082 0.4753
vt 0.5082 0.5247
vt 0.5247 0.5082
vt 0.5247 0.5247
vt 0.5082 0.5082
vt 0.4918 0.5247
vt 0.4918 0.5082
vt 0.4753 0.5247
vt 0.4753 0.5082
vt 0.5082 0.4918
vt 0.5247 0.4753
vt 0.5247 0.4918
vt 0.5082 0.4753
vt 0.5082 0.5247
vt 0.5247 0.5082
vt 0.5247 0.5247
vt 0.5082 0.5082
vt 0.4918 0.5247
vt 0.4918 0.5082
vt 0.4753 0.5247
vt 0.4753 0.5082
vt 0.5082 0.4918
vt 0.5247 0.4753
vt 0.5247 0.4918
vt 0.5082 0.4753
vt 0.5082 0.5247
vt 0.5247 0.5082
vt 0.5247 0.5247
vt 0.5082 0.5082
vt 0.4918 0.5247
vt 0.4918 0.5082
vt 0.4753 0.5247
vt 0.4753 0.5082
vt 0.5082 0.4918
vt 0.5247 0.4753
vt 0.5247 0.4918
vt 0.5082 0.4753
vt 0.5082 0.5247
vt 0.5247 0.5082
vt 0.5247 0.5247
vt 0.5082 0.5082
vt 0.4918 0.5247
vt 0.4918 0.5082
vt 0.4753 0.5247
vt 0.4753 0.5082
vt 0.5082 0.4918
vt 0.5247 0.4753
vt 0.5247 0.4918
vt 0.5082 0.4753
vt 0.5082 0.5247
vt 0.5247 0.5082
vt 0.5247 0.5247
vt 0.5082 0.5082
vt 0.4918 0.5247
vt 0.4918 0.5082
vt 0.4753 0.5247
vt 0.4753 0.5082
vt 0.5082 0.4918
vt 0.5247 0.4753
vt 0.5247 0.4918
vt 0.5082 0.4753
vt 0.5082 0.5247
vt 0.5247 0.5082
vt 0.5247 0.5247
vt 0.5082 0.5082
vt 0.4918 0.5247
vt 0.4918 0.5082
vt 0.4753 0.5247
vt 0.4753 0.5082
vt 0.5082 0.4918
vt 0.5247 0.4753
vt 0.5247 0.4918
vt 0.5082 0.4753
vt 0.5082 0.5247
vt 0.5247 0.5082
vt 0.5247 0.5247
vt 0.5082 0.5082
vt 0.4918 0.5247
vt 0.4918 0.5082
vt 0.4753 0.5247
vt 0.4753 0.5082
vt 0.5082 0.4918
vt 0.5247 0.4753
vt 0.5247 0.4918
vt 0.5082 0.4753
vt 0.5082 0.5247
vt 0.5247 0.5082
vt 0.5247 0.5247
vt 0.5082 0.5082
vt 0.4918 0.5247
vt 0.4918 0.5082
vt 0.4753 0.5247
vt 0.4753 0.5082
vt 0.5082 0.4918
vt 0.5247 0.4753
vt 0.5247 0.4918
vt 0.5082 0.4753
vt 0.5082 0.5247
vt 0.5247 0.5082
vt 0.5247 0.5247
vt 0.5082 0.5082
vt 0.4918 0.5247
vt 0.4918 0.5082
vt 0.4753 0.5247
vt 0.4753 0.5082
vt 0.5082 0.4918
vt 0.5247 0.4753
vt 0.5247 0.4918
vt 0.5082 0.4753
vt 0.5082 0.5247
vt 0.5247 0.5082
vt 0.5247 0.5247
vt 0.5082 0.5082
vt 0.4918 0.5247
vt 0.4918 0.5082
vt 0.4753 0.5247
vt 0.4753 0.5082
vt 0.5082 0.4918
vt 0.5247 0.4753
vt 0.5247 0.4918
vt 0.5082 0.4753
vt 0.5082 0.5247
vt 0.5247 0.5082
vt 0.5247 0.5247
vt 0.5082 0.5082
vt 0.4918 0.5247
vt 0.4918 0.5082
vt 0.4753 0.5247
vt 0.4753 0.5082
vt 0.5082 0.4918
vt 0.5247 0.4918
vt 0.5082 0.4753
vt 0.5082 0.5247
vt 0.5247 0.5082
vt 0.5247 0.5247
vt 0.5082 0.5082
vt 0.4918 0.5247
vt 0.4918 0.5082
vt 0.4753 0.5247
vt 0.4753 0.5082
vt 0.5082 0.4918
vt 0.5247 0.4918
vt 0.5082 0.4753
vt 0.5082 0.5247
vt 0.5247 0.5082
vt 0.5247 0.5247
vt 0.5082 0.5082
vt 0.4918 0.5247
vt 0.4918 0.5082
vt 0.4753 0.5247
vt 0.4753 0.5082
vt 0.5082 0.4918
vt 0.5247 0.4918
vt 0.5082 0.4753
vt 0.5082 0.5247
vt 0.5247 0.5082
vt 0.5247 0.5247
vt 0.5082 0.5082
vt 0.4918 0.5247
vt 0.4918 0.5082
vt 0.4753 0.5247
vt 0.4753 0.5082
vt 0.5082 0.4918
vt 0.5247 0.4918
vt 0.5082 0.4753
vt 0.5082 0.5247
vt 0.5247 0.5082
vt 0.5247 0.5247
vt 0.5082 0.5082
vt 0.4918 0.5247
vt 0.4918 0.5082
vt 0.4753 0.5247
vt 0.4753 0.5082
vt 0.5082 0.4918
vt 0.5247 0.4918
vt 0.5082 0.4753
vt 0.5082 0.5247
vt 0.5247 0.5082
vt 0.5247 0.5247
vt 0.5082 0.5082
vt 0.4918 0.5247
vt 0.4918 0.5082
vt 0.4753 0.5247
vt 0.4753 0.5082
vt 0.5082 0.4918
vt 0.5247 0.4918
vt 0.5082 0.4753
vt 0.5082 0.5247
vt 0.5247 0.5082
vt 0.5247 0.5247
vt 0.5082 0.5082
vt 0.4918 0.5247
vt 0.4918 0.5082
vt 0.4753 0.5247
vt 0.4753 0.5082
vt 0.5082 0.4918
vt 0.5247 0.4918
vt 0.5082 0.4753
vt 0.5082 0.5247
vt 0.5247 0.5082
vt 0.5247 0.5247
vt 0.5082 0.5082
vt 0.4918 0.5247
vt 0.4918 0.5082
vt 0.4753 0.5247
vt 0.4753 0.5082
vt 0.5082 0.4918
vt 0.5247 0.4918
vt 0.5082 0.4753
vt 0.5082 0.5247
vt 0.5247 0.5082
vt 0.5247 0.5247
vt 0.5082 0.5082
vt 0.4918 0.5247
vt 0.4918 0.5082
vt 0.4753 0.5247
vt 0.4753 0.5082
vt 0.5082 0.4918
vt 0.5247 0.4918
vt 0.5082 0.4753
vt 0.5082 0.5247
vt 0.5247 0.5082
vt 0.5247 0.5247
vt 0.5082 0.5082
vt 0.4918 0.5247
vt 0.4918 0.5082
vt 0.4753 0.5247
vt 0.4753 0.5082
vt 0.5082 0.4918
vt 0.5247 0.4918
vt 0.5082 0.4753
vt 0.5082 0.5247
vt 0.5247 0.5082
vt 0.5247 0.5247
vt 0.5082 0.5082
vt 0.4918 0.5247
vt 0.4918 0.5082
vt 0.4753 0.5247
vt 0.4753 0.5082
vt 0.5082 0.4918
vt 0.5247 0.4918
vt 0.5082 0.4753
vt 0.5082 0.5247
vt 0.5247 0.5082
vt 0.5247 0.5247
vt 0.5082 0.5082
vt 0.4918 0.5247
vt 0.4918 0.5082
vt 0.4753 0.5247
vt 0.4753 0.5082
vt 0.5082 0.4918
vt 0.5247 0.4918
vt 0.5082 0.4753
vt 0.5082 0.5247
vt 0.5247 0.5082
vt 0.5247 0.5247
vt 0.5082 0.5082
vt 0.4918 0.5247
vt 0.4918 0.5082
vt 0.4753 0.5247
vt 0.4753 0.5082
vt 0.5082 0.4918
vt 0.5247 0.4753
vt 0.5247 0.4918
vt 0.5082 0.4753
vt 0.5082 0.5247
vt 0.5247 0.5082
vt 0.5247 0.5247
vt 0.5082 0.5082
vt 0.4918 0.5247
vt 0.4918 0.5082
vt 0.4753 0.5247
vt 0.4753 0.5082
vt 0.5082 0.4918
vt 0.5247 0.4753
vt 0.5247 0.4918
vt 0.5082 0.4753
vt 0.5082 0.5247
vt 0.5247 0.5082
vt 0.5247 0.5247
vt 0.5082 0.5082
vt 0.4918 0.5247
vt 0.4918 0.5082
vt 0.4753 0.5247
vt 0.4753 0.5082
vt 0.5082 0.4918
vt 0.5247 0.4918
vt 0.5082 0.4753
vt 0.5082 0.5247
vt 0.5247 0.5082
vt 0.5247 0.5247
vt 0.5082 0.5082
vt 0.4918 0.5247
vt 0.4918 0.5082
vt 0.4753 0.5247
vt 0.4753 0.5082
vt 0.5082 0.4918
vt 0.5247 0.4753
vt 0.5247 0.4918
vt 0.5082 0.4753
vt 0.5082 0.5247
vt 0.5247 0.5082
vt 0.5247 0.5247
vt 0.5082 0.5082
vt 0.4918 0.5247
vt 0.4753 0.5247
vt 0.4918 0.5082
vt 0.4753 0.5082
vt 1.1182 2.8534
vt 0.5000 2.7124
vt 1.1182 2.7124
vt 0.5000 2.8534
vt 2.3545 2.8534
vt 1.7363 2.7124
vt 2.3545 2.7124
vt 1.7363 2.8534
vt 1.7363 2.9944
vt 2.3545 3.1354
vt 1.7363 3.1354
vt 0.5247 0.4918
vt 0.5082 0.4753
vt 0.5082 0.4918
vt 0.5247 0.5247
vt 0.5082 0.5082
vt 0.5247 0.5082
vt 0.4918 0.5247
vt 0.5082 0.5247
vt 0.4918 0.5082
vt 0.4753 0.5247
vt 0.4753 0.5082
vt 1.1182 2.2849
vt 0.5000 2.4259
vt 0.5000 2.2849
vt 1.1182 2.4259
vt 2.3545 2.2849
vt 1.7363 2.4259
vt 1.7363 2.2849
vt 2.3545 2.4259
vt 1.7363 2.5669
vt 1.7363 2.7079
vt 1.1182 2.7079
vt 0.5247 0.4918
vt 0.5082 0.4753
vt 0.5082 0.4918
vt 0.5247 0.5247
vt 0.5082 0.5082
vt 0.5247 0.5082
vt 0.4918 0.5247
vt 0.5082 0.5247
vt 0.4918 0.5082
vt 0.4753 0.5247
vt 0.4753 0.5082
vt 1.1182 -0.2799
vt 0.5000 -0.1389
vt 0.5000 -0.2799
vt 1.1182 -0.1389
vt 2.3545 -0.2799
vt 1.7363 -0.1389
vt 1.7363 -0.2799
vt 2.3545 -0.1389
vt 1.7363 0.0020
vt 1.7363 0.1430
vt 1.1182 0.1430
vt -1.5535 1.4130
vt -1.0406 1.4130
vt -1.5535 1.4130
vt -1.5535 1.4130
vt -2.0665 1.4130
vt -1.5535 1.4130
vt -2.0665 1.4130
vt 1.1182 0.1476
vt 0.5000 0.2885
vt 0.5000 0.1476
vt 1.1182 0.2885
vt 2.3545 0.1476
vt 1.7363 0.2885
vt 1.7363 0.1476
vt 2.3545 0.2885
vt 1.7363 0.4295
vt 1.7363 0.5705
vt 1.1182 0.5705
vt 0.5247 0.4918
vt 0.5082 0.4753
vt 0.5082 0.4918
vt 0.5247 0.5247
vt 0.5082 0.5082
vt 0.5247 0.5082
vt 0.5082 0.5247
vt 0.4918 0.5082
vt 0.4753 0.5247
vt 0.4918 0.5247
vt 0.4753 0.5082
vt 1.1182 -1.1349
vt 0.5000 -0.9939
vt 0.5000 -1.1349
vt 1.1182 -0.9939
vt 2.3545 -1.1349
vt 1.7363 -0.9939
vt 1.7363 -1.1349
vt 2.3545 -0.9939
vt 1.7363 -0.8529
vt 1.7363 -0.7119
vt 1.1182 -0.7119
vt 0.5247 0.4918
vt 0.5082 0.4753
vt 0.5082 0.4918
vt 0.5247 0.5247
vt 0.5082 0.5082
vt 0.5247 0.5082
vt 0.4918 0.5247
vt 0.5082 0.5247
vt 0.4918 0.5082
vt 0.4753 0.5247
vt 0.4753 0.5082
vt 1.1182 1.4300
vt 0.5000 1.5710
vt 0.5000 1.4300
vt 1.1182 1.5710
vt 2.3545 1.4300
vt 1.7363 1.5710
vt 1.7363 1.4300
vt 2.3545 1.5710
vt 1.7363 1.7120
vt 1.7363 1.8529
vt 1.1182 1.8529
vt -4.6313 1.4130
vt -4.1184 1.4130
vt -4.6313 1.4130
vt -4.6313 1.4130
vt -5.1443 1.4130
vt -4.6313 1.4130
vt -5.1443 1.4130
vt -5.6573 1.4130
vt -5.6573 1.4130
vt -0.1182 0.9980
vt 0.5000 0.8570
vt 0.5000 0.9980
vt -0.1182 0.8570
vt -1.3545 0.9980
vt -0.7363 0.8570
vt -0.7363 0.9980
vt -1.3545 0.8570
vt -0.7363 0.7160
vt -0.7363 0.5750
vt -0.1182 0.5750
vt -1.5535 1.8286
vt -1.0406 1.8286
vt -1.5535 1.8286
vt -1.5535 1.8286
vt -2.0665 1.8286
vt -1.5535 1.8286
vt -2.0665 1.8286
vt -0.1182 2.2804
vt 0.5000 2.1394
vt 0.5000 2.2804
vt -0.1182 2.1394
vt -1.3545 2.2804
vt -0.7363 2.1394
vt -0.7363 2.2804
vt -1.3545 2.1394
vt -0.7363 1.9984
vt -0.7363 1.8575
vt 0.5247 0.4918
vt 0.5082 0.4753
vt 0.5082 0.4918
vt 0.5247 0.5247
vt 0.5082 0.5082
vt 0.5247 0.5082
vt 0.5082 0.5247
vt 0.4918 0.5082
vt 0.4753 0.5247
vt 0.4918 0.5247
vt 0.4753 0.5082
vt -0.1182 -0.2844
vt 0.5000 -0.4254
vt 0.5000 -0.2844
vt -0.1182 -0.4254
vt -1.3545 -0.4254
vt -0.7363 -0.2844
vt -1.3545 -0.2844
vt -0.7363 -0.4254
vt -0.7363 -0.5664
vt -0.7363 -0.7074
vt 0.5247 0.4918
vt 0.5082 0.4753
vt 0.5082 0.4918
vt 0.5247 0.5247
vt 0.5082 0.5082
vt 0.5247 0.5082
vt 0.4918 0.5247
vt 0.5082 0.5247
vt 0.4918 0.5082
vt 0.4753 0.5247
vt 0.4753 0.5082
vt -0.1182 -1.7079
vt 0.5000 -1.5669
vt -0.1182 -1.5669
vt 0.5000 -1.7079
vt -1.3545 -1.7079
vt -0.7363 -1.5669
vt -1.3545 -1.5669
vt -0.7363 -1.7079
vt -0.7363 -1.8488
vt -1.3545 -1.9898
vt -0.7363 -1.9898
vt -4.6313 1.8286
vt -4.1184 1.8286
vt -4.6313 1.8286
vt -4.6313 1.8286
vt -5.1443 1.8286
vt -4.6313 1.8286
vt -5.1443 1.8286
vt -5.6573 1.8286
vt -5.6573 1.8286
vt -0.1182 1.2845
vt 0.5000 1.4255
vt -0.1182 1.4255
vt 0.5000 1.2845
vt -1.3545 1.2845
vt -0.7363 1.4255
vt -1.3545 1.4255
vt -0.7363 1.2845
vt -0.7363 1.1435
vt -1.3545 1.0025
vt -0.7363 1.0025
vt -1.5535 2.2441
vt -1.0406 2.2441
vt -1.5535 2.2441
vt -1.5535 2.2441
vt -2.0665 2.2441
vt -1.5535 2.2441
vt -2.0665 2.2441
vt -0.1182 -1.2804
vt 0.5000 -1.1394
vt -0.1182 -1.1394
vt 0.5000 -1.2804
vt -1.3545 -1.2804
vt -0.7363 -1.1394
vt -1.3545 -1.1394
vt -0.7363 -1.2804
vt -0.7363 -1.4214
vt -1.3545 -1.5624
vt -0.7363 -1.5624
vt 0.5247 0.4918
vt 0.5082 0.4753
vt 0.5082 0.4918
vt 0.5247 0.5247
vt 0.5082 0.5082
vt 0.5247 0.5082
vt 0.5082 0.5247
vt 0.4918 0.5082
vt 0.4753 0.5247
vt 0.4918 0.5247
vt 0.4753 0.5082
vt -0.1182 3.3068
vt 0.5000 3.3903
vt -0.1182 3.3903
vt 0.5000 3.3068
vt -1.3545 3.3068
vt -0.7363 3.3903
vt -1.3545 3.3903
vt -0.7363 3.3068
vt -0.7363 3.2234
vt -1.3545 3.1399
vt -0.7363 3.1399
vt -0.7363 2.8534
vt -1.3545 2.7124
vt -0.7363 2.7124
vt -1.3545 2.8534
vt -0.1182 2.7124
vt -0.1182 2.8534
vt -0.1182 2.9944
vt -0.1182 3.1354
vt 0.5247 0.4918
vt 0.5082 0.4753
vt 0.5082 0.4918
vt 0.5247 0.5247
vt 0.5082 0.5082
vt 0.5247 0.5082
vt 0.4918 0.5247
vt 0.5082 0.5247
vt 0.4918 0.5082
vt 0.4753 0.5247
vt 0.4753 0.5082
vt -0.7363 2.4259
vt -1.3545 2.2849
vt -0.7363 2.2849
vt -1.3545 2.4259
vt -0.1182 2.2849
vt -0.1182 2.4259
vt -0.1182 2.5669
vt -0.1182 2.7079
vt -4.6313 2.2441
vt -4.1184 2.2441
vt -4.6313 2.2441
vt -4.6313 2.2441
vt -5.1443 2.2441
vt -4.6313 2.2441
vt -5.1443 2.2441
vt -5.6573 2.2441
vt -5.6573 2.2441
vt -0.7363 -0.1389
vt -1.3545 -0.2799
vt -0.7363 -0.2799
vt -1.3545 -0.1389
vt -0.1182 -0.2799
vt -0.1182 -0.1389
vt -0.1182 0.0020
vt -0.1182 0.1430
vt -1.5535 2.6597
vt -1.0406 2.6597
vt -1.5535 2.6597
vt -1.5535 2.6597
vt -2.0665 2.6597
vt -1.5535 2.6597
vt -2.0665 2.6597
vt -0.7363 0.2885
vt -1.3545 0.1476
vt -0.7363 0.1476
vt -1.3545 0.2885
vt -0.1182 0.1476
vt -0.1182 0.2885
vt -0.1182 0.4295
vt -0.1182 0.5705
vt 0.5247 0.4918
vt 0.5082 0.4753
vt 0.5082 0.4918
vt 0.5247 0.5247
vt 0.5082 0.5082
vt 0.5247 0.5082
vt 0.5082 0.5247
vt 0.4918 0.5082
vt 0.4753 0.5247
vt 0.4918 0.5247
vt 0.4753 0.5082
vt -0.7363 -0.9939
vt -1.3545 -1.1349
vt -0.7363 -1.1349
vt -1.3545 -0.9939
vt -0.1182 -1.1349
vt -0.1182 -0.9939
vt -0.1182 -0.8529
vt -0.1182 -0.7119
vt 0.5247 0.4918
vt 0.5082 0.4753
vt 0.5082 0.4918
vt 0.5247 0.5247
vt 0.5082 0.5082
vt 0.5247 0.5082
vt 0.4918 0.5247
vt 0.5082 0.5247
vt 0.4918 0.5082
vt 0.4753 0.5247
vt 0.4753 0.5082
vt -0.7363 1.5710
vt -1.3545 1.4300
vt -0.7363 1.4300
vt -1.3545 1.5710
vt -0.1182 1.4300
vt -0.1182 1.5710
vt -0.1182 1.7120
vt -0.1182 1.8529
vt -4.6313 2.6597
vt -4.1184 2.6597
vt -4.6313 2.6597
vt -4.6313 2.6597
vt -5.1443 2.6597
vt -4.6313 2.6597
vt -5.1443 2.6597
vt -5.6573 2.6597
vt -5.6573 2.6597
vt 1.7363 0.8570
vt 2.3545 0.9980
vt 1.7363 0.9980
vt 2.3545 0.8570
vt 1.1182 0.9980
vt 1.1182 0.8570
vt 1.1182 0.7160
vt 1.1182 0.5750
vt -1.5535 3.0752
vt -1.0406 3.0752
vt -1.5535 3.0752
vt -1.5535 3.0752
vt -1.5535 3.0752
vt -2.0665 3.0752
vt -2.0665 3.0752
vt 1.7363 2.1394
vt 2.3545 2.2804
vt 1.7363 2.2804
vt 2.3545 2.1394
vt 1.1182 2.2804
vt 1.1182 2.1394
vt 1.1182 1.9984
vt 0.5000 1.8575
vt 1.1182 1.8575
vt 0.5247 0.4918
vt 0.5082 0.4753
vt 0.5082 0.4918
vt 0.5247 0.5247
vt 0.5082 0.5082
vt 0.5247 0.5082
vt 0.5082 0.5247
vt 0.4918 0.5082
vt 0.4753 0.5247
vt 0.4918 0.5247
vt 0.4753 0.5082
vt 1.7363 -0.4254
vt 2.3545 -0.2844
vt 1.7363 -0.2844
vt 2.3545 -0.4254
vt 1.1182 -0.2844
vt 1.1182 -0.4254
vt 1.1182 -0.5664
vt 1.1182 -0.7074
vt 0.5247 0.4918
vt 0.5082 0.4753
vt 0.5082 0.4918
vt 0.5247 0.5247
vt 0.5082 0.5082
vt 0.5247 0.5082
vt 0.4918 0.5247
vt 0.5082 0.5247
vt 0.4918 0.5082
vt 0.4753 0.5247
vt 0.4753 0.5082
vt 1.7363 -1.7079
vt 2.3545 -1.5669
vt 1.7363 -1.5669
vt 2.3545 -1.7079
vt 1.1182 -1.5669
vt 1.1182 -1.7079
vt 1.1182 -1.8489
vt 1.1182 -1.9898
vt -4.6313 3.0752
vt -4.1184 3.0752
vt -4.6313 3.0752
vt -4.6313 3.0752
vt -5.1443 3.0752
vt -4.6313 3.0752
vt -5.1443 3.0752
vt -5.6573 3.0752
vt -5.6573 3.0752
vt 1.7363 1.2845
vt 2.3545 1.4255
vt 1.7363 1.4255
vt 2.3545 1.2845
vt 1.1182 1.4255
vt 1.1182 1.2845
vt 1.1182 1.1435
vt 1.1182 1.0025
vt -1.5535 3.4908
vt -1.0406 3.4908
vt -1.5535 3.4908
vt -1.5535 3.4908
vt -2.0665 3.4908
vt -1.5535 3.4908
vt -2.0665 3.4908
vt 1.7363 -1.2804
vt 2.3545 -1.1394
vt 1.7363 -1.1394
vt 2.3545 -1.2804
vt 1.1182 -1.1394
vt 1.1182 -1.2804
vt 1.1182 -1.4214
vt 0.5000 -1.5624
vt 1.1182 -1.5624
vt 0.5247 0.4918
vt 0.5082 0.4753
vt 0.5082 0.4918
vt 0.5247 0.5247
vt 0.5082 0.5082
vt 0.5247 0.5082
vt 0.5082 0.5247
vt 0.4918 0.5082
vt 0.4753 0.5247
vt 0.4918 0.5247
vt 0.4753 0.5082
vt 1.7363 3.3068
vt 2.3545 3.3903
vt 1.7363 3.3903
vt 2.3545 3.3068
vt 1.1182 3.3903
vt 1.1182 3.3068
vt 1.1182 3.2234
vt 0.5000 3.1399
vt 1.1182 3.1399
vt -2.5908 2.8534
vt -3.2090 2.7124
vt -2.5908 2.7124
vt -3.2090 2.8534
vt -1.9727 2.7124
vt -1.9727 2.8534
vt -1.9727 2.9944
vt -1.3545 3.1354
vt -1.9727 3.1354
vt 0.5247 0.4918
vt 0.5082 0.4753
vt 0.5082 0.4918
vt 0.5247 0.5247
vt 0.5082 0.5082
vt 0.5247 0.5082
vt 0.4918 0.5247
vt 0.5082 0.5247
vt 0.4918 0.5082
vt 0.4753 0.5247
vt 0.4753 0.5082
vt -2.5908 2.4259
vt -3.2090 2.2849
vt -2.5908 2.2849
vt -3.2090 2.4259
vt -1.9727 2.2849
vt -1.9727 2.4259
vt -1.9727 2.5669
vt -1.3545 2.7079
vt -1.9727 2.7079
vt -4.6313 3.4908
vt -4.1184 3.4908
vt -4.6313 3.4908
vt -4.6313 3.4908
vt -5.1443 3.4908
vt -4.6313 3.4908
vt -5.1443 3.4908
vt -5.6573 3.4908
vt -5.6573 3.4908
vt -2.5908 -0.1389
vt -3.2090 -0.2799
vt -2.5908 -0.2799
vt -3.2090 -0.1389
vt -1.9727 -0.2799
vt -1.9727 -0.1389
vt -1.9727 0.0020
vt -1.3545 0.1430
vt -1.9727 0.1430
vt -1.5535 3.9064
vt -1.0406 3.9064
vt -1.5535 3.9064
vt -1.5535 3.9064
vt -1.5535 3.9064
vt -2.0665 3.9064
vt -2.0665 3.9064
vt -2.5908 0.2885
vt -3.2090 0.1476
vt -2.5908 0.1476
vt -3.2090 0.2885
vt -1.9727 0.1476
vt -1.9727 0.2885
vt -1.9727 0.4295
vt -1.3545 0.5705
vt -1.9727 0.5705
vt 0.5247 0.4918
vt 0.5082 0.4753
vt 0.5082 0.4918
vt 0.5247 0.5247
vt 0.5082 0.5082
vt 0.5247 0.5082
vt 0.5082 0.5247
vt 0.4918 0.5082
vt 0.4753 0.5247
vt 0.4918 0.5247
vt 0.4753 0.5082
vt -2.5908 -0.9939
vt -3.2090 -1.1349
vt -2.5908 -1.1349
vt -3.2090 -0.9939
vt -1.9727 -1.1349
vt -1.9727 -0.9939
vt -1.9727 -0.8529
vt -1.3545 -0.7119
vt -1.9727 -0.7119
vt 0.5247 0.4918
vt 0.5082 0.4753
vt 0.5082 0.4918
vt 0.5247 0.5247
vt 0.5082 0.5082
vt 0.5247 0.5082
vt 0.4918 0.5247
vt 0.5082 0.5247
vt 0.4918 0.5082
vt 0.4753 0.5247
vt 0.4753 0.5082
vt -2.5908 1.5710
vt -3.2090 1.4300
vt -2.5908 1.4300
vt -3.2090 1.5710
vt -1.9727 1.4300
vt -1.9727 1.5710
vt -1.9727 1.7120
vt -1.3545 1.8529
vt -1.9727 1.8529
vt -4.6313 3.9064
vt -4.1184 3.9064
vt -4.6313 3.9064
vt -4.6313 3.9064
vt -5.1443 3.9064
vt -4.6313 3.9064
vt -5.1443 3.9064
vt -5.6573 3.9064
vt -5.6573 3.9064
vt 3.5908 0.8570
vt 4.2090 0.9980
vt 3.5908 0.9980
vt 4.2090 0.8570
vt 2.9727 0.9980
vt 2.9727 0.8570
vt 2.9727 0.7160
vt 2.3545 0.5750
vt 2.9727 0.5750
vt -1.5535 4.3219
vt -1.0406 4.3219
vt -1.5535 4.3219
vt -1.5535 4.3219
vt -1.5535 4.3219
vt -2.0665 4.3219
vt -2.0665 4.3219
vt 3.5908 2.1394
vt 4.2090 2.2804
vt 3.5908 2.2804
vt 4.2090 2.1394
vt 2.9727 2.2804
vt 2.9727 2.1394
vt 2.9727 1.9984
vt 2.3545 1.8575
vt 2.9727 1.8575
vt 0.5247 0.4918
vt 0.5082 0.4753
vt 0.5082 0.4918
vt 0.5247 0.5247
vt 0.5082 0.5082
vt 0.5247 0.5082
vt 0.5082 0.5247
vt 0.4918 0.5082
vt 0.4753 0.5247
vt 0.4918 0.5247
vt 0.4753 0.5082
vt 3.5908 -0.4254
vt 4.2090 -0.2844
vt 3.5908 -0.2844
vt 4.2090 -0.4254
vt 2.9727 -0.2844
vt 2.9727 -0.4254
vt 2.9727 -0.5664
vt 2.3545 -0.7074
vt 2.9727 -0.7074
vt 0.5247 0.4918
vt 0.5082 0.4753
vt 0.5082 0.4918
vt 0.5247 0.5247
vt 0.5082 0.5082
vt 0.5247 0.5082
vt 0.4918 0.5247
vt 0.5082 0.5247
vt 0.4918 0.5082
vt 0.4753 0.5247
vt 0.4753 0.5082
vt 3.5908 -1.7079
vt 4.2090 -1.5669
vt 3.5908 -1.5669
vt 4.2090 -1.7079
vt 2.9727 -1.5669
vt 2.9727 -1.7079
vt 2.9727 -1.8489
vt 2.3545 -1.9898
vt 2.9727 -1.9898
vt -4.6313 4.3219
vt -4.1184 4.3219
vt -4.6313 4.3219
vt -4.6313 4.3219
vt -5.1443 4.3219
vt -4.6313 4.3219
vt -5.1443 4.3219
vt -5.6573 4.3219
vt -5.6573 4.3219
vt 3.5908 1.2845
vt 4.2090 1.4255
vt 3.5908 1.4255
vt 4.2090 1.2845
vt 2.9727 1.4255
vt 2.9727 1.2845
vt 2.9727 1.1435
vt 2.3545 1.0025
vt 2.9727 1.0025
vt -1.5535 4.7375
vt -1.0406 4.7375
vt -1.5535 4.7375
vt -1.5535 4.7375
vt -2.0665 4.7375
vt -1.5535 4.7375
vt -2.0665 4.7375
vt 3.5908 -1.2804
vt 4.2090 -1.1394
vt 3.5908 -1.1394
vt 4.2090 -1.2804
vt 2.9727 -1.1394
vt 2.9727 -1.2804
vt 2.9727 -1.4214
vt 2.3545 -1.5624
vt 2.9727 -1.5624
vt 0.5247 0.4918
vt 0.5082 0.4753
vt 0.5082 0.4918
vt 0.5247 0.5247
vt 0.5082 0.5082
vt 0.5247 0.5082
vt 0.5082 0.5247
vt 0.4918 0.5082
vt 0.4753 0.5247
vt 0.4918 0.5247
vt 0.4753 0.5082
vt 3.5908 3.3068
vt 4.2090 3.3903
vt 3.5908 3.3903
vt 4.2090 3.3068
vt 2.9727 3.3903
vt 2.9727 3.3068
vt 2.9727 3.2234
vt 2.3545 3.1399
vt 2.9727 3.1399
vt 2.9727 2.8534
vt 2.9727 2.7124
vt 4.2090 2.8534
vt 3.5908 2.7124
vt 4.2090 2.7124
vt 3.5908 2.8534
vt 4.2090 2.9944
vt 3.5908 2.9944
vt 4.2090 3.1354
vt 3.5908 3.1354
vt 0.5247 0.4918
vt 0.5082 0.4753
vt 0.5082 0.4918
vt 0.5247 0.5247
vt 0.5082 0.5082
vt 0.5247 0.5082
vt 0.4918 0.5247
vt 0.5082 0.5247
vt 0.4918 0.5082
vt 0.4753 0.5247
vt 0.4753 0.5082
vt 2.9727 2.4259
vt 2.9727 2.2849
vt 4.2090 2.4259
vt 3.5908 2.2849
vt 4.2090 2.2849
vt 3.5908 2.4259
vt 4.2090 2.5669
vt 3.5908 2.5669
vt 4.2090 2.7079
vt 3.5908 2.7079
vt -4.6313 4.7375
vt -4.1184 4.7375
vt -4.6313 4.7375
vt -4.6313 4.7375
vt -5.1443 4.7375
vt -4.6313 4.7375
vt -5.1443 4.7375
vt -5.6573 4.7375
vt -5.6573 4.7375
vt 2.9727 -0.1389
vt 2.9727 -0.2799
vt 4.2090 -0.1389
vt 3.5908 -0.2799
vt 4.2090 -0.2799
vt 3.5908 -0.1389
vt 4.2090 0.0020
vt 3.5908 0.0020
vt 4.2090 0.1430
vt 3.5908 0.1430
vt -1.5535 5.1530
vt -1.0406 5.1530
vt -1.5535 5.1530
vt -1.5535 5.1530
vt -2.0665 5.1530
vt -1.5535 5.1530
vt -2.0665 5.1530
vt 2.9727 0.2885
vt 2.9727 0.1476
vt 4.2090 0.2885
vt 3.5908 0.1476
vt 4.2090 0.1476
vt 3.5908 0.2885
vt 4.2090 0.4295
vt 3.5908 0.4295
vt 4.2090 0.5705
vt 3.5908 0.5705
vt 0.5247 0.4918
vt 0.5082 0.4753
vt 0.5082 0.4918
vt 0.5247 0.5247
vt 0.5082 0.5082
vt 0.5247 0.5082
vt 0.5082 0.5247
vt 0.4918 0.5082
vt 0.4753 0.5247
vt 0.4918 0.5247
vt 0.4753 0.5082
vt 2.9727 -0.9939
vt 2.9727 -1.1349
vt 4.2090 -0.9939
vt 3.5908 -1.1349
vt 4.2090 -1.1349
vt 3.5908 -0.9939
vt 4.2090 -0.8529
vt 3.5908 -0.8529
vt 4.2090 -0.7119
vt 3.5908 -0.7119
vt 0.5247 0.4918
vt 0.5082 0.4753
vt 0.5082 0.4918
vt 0.5247 0.5247
vt 0.5082 0.5082
vt 0.5247 0.5082
vt 0.4918 0.5247
vt 0.5082 0.5247
vt 0.4918 0.5082
vt 0.4753 0.5247
vt 0.4753 0.5082
vt 2.9727 1.5710
vt 2.9727 1.4300
vt 4.2090 1.5710
vt 3.5908 1.4300
vt 4.2090 1.4300
vt 3.5908 1.5710
vt 4.2090 1.7120
vt 3.5908 1.7120
vt 4.2090 1.8529
vt 3.5908 1.8529
vt -4.6313 5.1530
vt -4.1184 5.1530
vt -4.6313 5.1530
vt -4.6313 5.1530
vt -5.1443 5.1530
vt -4.6313 5.1530
vt -5.1443 5.1530
vt -5.6573 5.1530
vt -5.6573 5.1530
vt -1.9727 0.8570
vt -1.9727 0.9980
vt -3.2090 0.8570
vt -2.5908 0.9980
vt -3.2090 0.9980
vt -2.5908 0.8570
vt -3.2090 0.7160
vt -2.5908 0.7160
vt -3.2090 0.5750
vt -2.5908 0.5750
vt -1.5535 5.5686
vt -1.0406 5.5686
vt -1.5535 5.5686
vt -1.5535 5.5686
vt -2.0665 5.5686
vt -1.5535 5.5686
vt -2.0665 5.5686
vt -1.9727 2.1394
vt -1.9727 2.2804
vt -3.2090 2.1394
vt -2.5908 2.2804
vt -3.2090 2.2804
vt -2.5908 2.1394
vt -3.2090 1.9985
vt -2.5908 1.9984
vt -3.2090 1.8575
vt -2.5908 1.8575
vt 0.5247 0.4918
vt 0.5082 0.4753
vt 0.5082 0.4918
vt 0.5247 0.5247
vt 0.5082 0.5082
vt 0.5247 0.5082
vt 0.5082 0.5247
vt 0.4918 0.5082
vt 0.4753 0.5247
vt 0.4918 0.5247
vt 0.4753 0.5082
vt -1.9727 -0.4254
vt -1.9727 -0.2844
vt -3.2090 -0.4254
vt -2.5908 -0.2844
vt -3.2090 -0.2844
vt -2.5908 -0.4254
vt -3.2090 -0.5664
vt -2.5908 -0.5664
vt -3.2090 -0.7074
vt -2.5908 -0.7074
vt 0.5247 0.4918
vt 0.5082 0.4753
vt 0.5082 0.4918
vt 0.5247 0.5247
vt 0.5082 0.5082
vt 0.5247 0.5082
vt 0.4918 0.5247
vt 0.5082 0.5247
vt 0.4918 0.5082
vt 0.4753 0.5247
vt 0.4753 0.5082
vt -1.9727 -1.7079
vt -1.9727 -1.5669
vt -3.2090 -1.7079
vt -2.5908 -1.5669
vt -3.2090 -1.5669
vt -2.5908 -1.7079
vt -3.2090 -1.8488
vt -2.5908 -1.8488
vt -3.2090 -1.9898
vt -2.5908 -1.9898
vt -4.6313 5.5686
vt -4.1184 5.5686
vt -4.6313 5.5686
vt -4.6313 5.5686
vt -5.1443 5.5686
vt -4.6313 5.5686
vt -5.1443 5.5686
vt -5.6573 5.5686
vt -5.6573 5.5686
vt -1.9727 1.2845
vt -1.9727 1.4255
vt -3.2090 1.2845
vt -2.5908 1.4255
vt -3.2090 1.4255
vt -2.5908 1.2845
vt -3.2090 1.1435
vt -2.5908 1.1435
vt -3.2090 1.0025
vt -2.5908 1.0025
vt -1.5535 5.9841
vt -1.0406 5.9841
vt -1.5535 5.9841
vt -1.5535 5.9841
vt -2.0665 5.9841
vt -1.5535 5.9841
vt -2.0665 5.9841
vt -1.9727 -1.2804
vt -1.9727 -1.1394
vt -3.2090 -1.2804
vt -2.5908 -1.1394
vt -3.2090 -1.1394
vt -2.5908 -1.2804
vt -3.2090 -1.4214
vt -2.5908 -1.4214
vt -3.2090 -1.5624
vt -2.5908 -1.5624
vt 0.5247 0.4918
vt 0.5082 0.4753
vt 0.5082 0.4918
vt 0.5247 0.5247
vt 0.5082 0.5082
vt 0.5247 0.5082
vt 0.5082 0.5247
vt 0.4918 0.5082
vt 0.4753 0.5247
vt 0.4918 0.5247
vt 0.4753 0.5082
vt -1.9727 3.3068
vt -1.9727 3.3903
vt -3.2090 3.3068
vt -2.5908 3.3903
vt -3.2090 3.3903
vt -2.5908 3.3068
vt -3.2090 3.2234
vt -2.5908 3.2234
vt -3.2090 3.1399
vt -2.5908 3.1399
vt 0.5126 0.5773
vt 0.5226 0.5684
vt 0.5226 0.5773
vt 0.5126 0.5684
vt 0.5126 0.5951
vt 0.5226 0.5862
vt 0.5226 0.5951
vt 0.5126 0.5862
vt 0.5026 0.5951
vt 0.5026 0.5862
vt 0.4925 0.5951
vt 0.4925 0.5862
vt 0.4046 0.3219
vt 0.2234 -0.0145
vt 0.4046 -0.0145
vt 0.2234 0.3219
vt 0.7671 0.3219
vt 0.5858 -0.0145
vt 0.7671 -0.0145
vt 0.5858 0.3219
vt 0.5858 0.6583
vt 0.7671 0.9947
vt 0.5858 0.9947
vt 1.2142 0.3219
vt 1.2142 -0.0145
vt 2.1084 0.3219
vt 1.6613 -0.0145
vt 2.1084 -0.0145
vt 1.6613 0.3219
vt 2.1084 0.6583
vt 1.6613 0.6583
vt 2.1084 0.9947
vt 1.6613 0.9947
vt -1.4804 0.3219
vt -1.6617 -0.0145
vt -1.4804 -0.0145
vt -1.6617 0.3219
vt -1.1180 0.3219
vt -1.2992 -0.0145
vt -1.1180 -0.0145
vt -1.2992 0.3219
vt -1.2992 0.6583
vt -1.1180 0.9947
vt -1.2992 0.9947
vt -0.6709 0.3219
vt -0.6708 -0.0145
vt -0.2237 -0.0145
vt -0.2237 0.3219
vt -0.2237 0.6583
vt 0.2234 0.9947
vt -0.2237 0.9947
vt 0.5126 0.5773
vt 0.5226 0.5684
vt 0.5226 0.5773
vt 0.5126 0.5684
vt 0.5126 0.5951
vt 0.5226 0.5862
vt 0.5226 0.5951
vt 0.5126 0.5862
vt 0.5026 0.5951
vt 0.5026 0.5862
vt 0.4925 0.5951
vt 0.4925 0.5862
vt 1.0843 0.5200
vt 0.5000 -0.0012
vt 1.0843 -0.0012
vt 0.5000 0.5200
vt 2.2530 0.5200
vt 1.6687 -0.0012
vt 2.2530 -0.0012
vt 1.6687 0.5200
vt 1.6687 1.0412
vt 2.2530 1.5624
vt 1.6687 1.5624
vt 2.8373 0.5200
vt 2.8373 -0.0012
vt 4.0060 0.5200
vt 3.4217 -0.0012
vt 4.0060 -0.0012
vt 3.4217 0.5200
vt 4.0060 1.0412
vt 3.4217 1.0412
vt 4.0060 1.5624
vt 3.4217 1.5624
vt -2.4217 0.5200
vt -3.0060 -0.0012
vt -2.4217 -0.0012
vt -3.0060 0.5200
vt -1.2530 0.5200
vt -1.8373 -0.0012
vt -1.2530 -0.0012
vt -1.8373 0.5200
vt -1.8373 1.0412
vt -1.2530 1.5624
vt -1.8373 1.5624
vt -0.6687 0.5200
vt -0.6687 -0.0012
vt -0.0843 -0.0012
vt -0.0843 0.5200
vt -0.0843 1.0412
vt 0.5000 1.5624
vt -0.0843 1.5624
vt 0.5126 0.5773
vt 0.5226 0.5684
vt 0.5226 0.5773
vt 0.5126 0.5684
vt 0.5126 0.5951
vt 0.5226 0.5862
vt 0.5226 0.5951
vt 0.5126 0.5862
vt 0.5026 0.5951
vt 0.5026 0.5862
vt 0.4925 0.5951
vt 0.4925 0.5862
vt -0.0843 0.7021
vt 0.5000 0.9619
vt -0.0843 0.9619
vt 0.5000 0.7021
vt -1.2530 0.7021
vt -0.6687 0.9619
vt -1.2530 0.9619
vt -0.6687 0.7021
vt -0.6687 0.4424
vt -1.2530 0.1826
vt -0.6687 0.1826
vt -1.8373 0.7021
vt -1.8373 0.9619
vt -3.0060 0.7021
vt -2.4217 0.9619
vt -3.0060 0.9619
vt -2.4217 0.7021
vt -3.0060 0.4424
vt -2.4217 0.4424
vt -3.0060 0.1826
vt -2.4217 0.1826
vt 3.4217 0.7021
vt 4.0060 0.9619
vt 3.4217 0.9619
vt 4.0060 0.7021
vt 2.2530 0.7021
vt 2.8373 0.9619
vt 2.2530 0.9619
vt 2.8373 0.7021
vt 2.8373 0.4424
vt 2.2530 0.1826
vt 2.8373 0.1826
vt 1.6687 0.7021
vt 1.6687 0.9619
vt 1.0843 0.9619
vt 1.0843 0.7021
vt 1.0843 0.4424
vt 0.5000 0.1826
vt 1.0843 0.1826
vt 0.4825 0.5506
vt 0.4925 0.5418
vt 0.4925 0.5506
vt 0.4825 0.5418
vt 0.4825 0.5684
vt 0.4925 0.5595
vt 0.4925 0.5684
vt 0.4825 0.5595
vt 0.4725 0.5684
vt 0.4725 0.5595
vt 0.4624 0.5684
vt 0.5247 0.4918
vt 0.5082 0.4753
vt 0.5082 0.4918
vt 0.5247 0.5247
vt 0.5082 0.5082
vt 0.5247 0.5082
vt 0.4918 0.5247
vt 0.5082 0.5247
vt 0.4918 0.5082
vt 0.4753 0.5247
vt 0.4753 0.5082
vt -4.6313 5.9841
vt -4.1184 5.9841
vt -4.6313 5.9841
vt -4.6313 5.9841
vt -5.1443 5.9841
vt -4.6313 5.9841
vt -5.1443 5.9841
vt -5.6573 5.9841
vt -5.6573 5.9841
vt 0.5247 0.4918
vt 0.5082 0.4753
vt 0.5082 0.4918
vt 0.5247 0.5247
vt 0.5082 0.5082
vt 0.5247 0.5082
vt 0.5082 0.5247
vt 0.4918 0.5082
vt 0.4753 0.5247
vt 0.4918 0.5247
vt 0.4753 0.5082
vt 0.5247 0.4918
vt 0.5082 0.4753
vt 0.5082 0.4918
vt 0.5247 0.5247
vt 0.5082 0.5082
vt 0.5247 0.5082
vt 0.4918 0.5247
vt 0.5082 0.5247
vt 0.4918 0.5082
vt 0.4753 0.5247
vt 0.4753 0.5082
vt 4.0924 -4.0152
vt 3.5795 -4.1994
vt 4.0924 -4.1994
vt 4.0924 -3.4627
vt 3.5795 -3.6468
vt 4.0924 -3.6468
vt 4.0924 -2.9102
vt 3.5795 -3.0943
vt 4.0924 -3.0943
vt 4.0924 -2.3576
vt 3.5795 -2.5418
vt 4.0924 -2.5418
vt 4.0924 -1.8051
vt 3.5795 -1.9893
vt 4.0924 -1.9893
vt 4.0924 -1.2526
vt 3.5795 -1.4368
vt 4.0924 -1.4368
vt 5.6313 -4.0152
vt 5.1184 -4.1994
vt 5.6313 -4.1994
vt 5.6313 -3.4627
vt 5.1184 -3.6468
vt 5.6313 -3.6468
vt 5.6313 -2.9102
vt 5.1184 -3.0943
vt 5.6313 -3.0943
vt 5.6314 -2.3576
vt 5.1184 -2.5418
vt 5.6313 -2.5418
vt 5.6314 -1.8051
vt 5.1184 -1.9893
vt 5.6313 -1.9893
vt 5.6314 -1.2526
vt 5.1184 -1.4368
vt 5.6313 -1.4368
vt 1.0146 -4.0152
vt 0.5017 -4.1994
vt 1.0146 -4.1994
vt 1.0146 -3.4627
vt 0.5017 -3.6468
vt 1.0146 -3.6468
vt 1.0146 -2.9102
vt 0.5017 -3.0943
vt 1.0146 -3.0943
vt 1.0146 -2.3576
vt 0.5017 -2.5418
vt 1.0146 -2.5418
vt 1.0146 -1.8051
vt 0.5017 -1.9893
vt 1.0146 -1.9893
vt 1.0146 -1.2526
vt 0.5017 -1.4368
vt 1.0146 -1.4368
vt 2.5535 -4.0152
vt 2.0406 -4.1994
vt 2.5535 -4.1994
vt 2.5535 -3.4627
vt 2.0406 -3.6468
vt 2.5535 -3.6468
vt 2.5535 -2.9102
vt 2.0406 -3.0943
vt 2.5535 -3.0943
vt 2.5535 -2.5418
vt 2.0406 -2.3576
vt 2.0406 -2.5418
vt 2.5535 -1.8051
vt 2.0406 -1.9893
vt 2.5535 -1.9893
vt 2.5535 -1.4368
vt 2.0406 -1.2526
vt 2.0406 -1.4368
vt 2.5535 -1.6210
vt 2.0406 -1.8051
vt 2.0406 -1.6210
vt 3.5795 -1.8051
vt 3.0665 -1.6210
vt 3.0665 -1.8051
vt 3.5795 -1.6210
vt 3.0665 -1.4368
vt 3.5795 -1.2526
vt 3.0665 -1.2526
vt 2.5535 -2.1735
vt 2.5535 -2.3576
vt 2.0406 -2.1735
vt 3.5795 -2.1735
vt 3.0665 -2.3576
vt 3.5795 -2.3576
vt 3.0665 -2.1735
vt 3.0665 -1.9893
vt 2.5535 -2.7260
vt 2.0406 -2.9102
vt 2.0406 -2.7260
vt 3.5795 -2.7260
vt 3.0665 -2.9102
vt 3.5795 -2.9102
vt 3.0665 -2.7260
vt 3.0665 -2.5418
vt 2.5535 -3.2785
vt 2.0406 -3.4627
vt 2.0406 -3.2785
vt 3.5795 -3.2785
vt 3.0665 -3.4627
vt 3.5795 -3.4627
vt 3.0665 -3.2785
vt 3.0665 -3.0943
vt 2.5535 -3.8310
vt 2.0406 -4.0152
vt 2.0406 -3.8310
vt 3.5795 -3.8310
vt 3.0665 -4.0152
vt 3.5795 -4.0152
vt 3.0665 -3.8310
vt 3.0665 -3.6468
vt 2.5535 -4.3835
vt 2.0406 -4.5677
vt 2.5535 -4.5677
vt 2.0406 -4.3835
vt 3.5795 -4.3835
vt 3.0665 -4.5677
vt 3.5795 -4.5677
vt 3.0665 -4.3835
vt 3.0665 -4.1994
vt 1.0146 -1.6210
vt 0.5017 -1.8051
vt 0.5017 -1.6210
vt 1.5276 -1.8051
vt 1.5276 -1.6210
vt 1.5276 -1.4368
vt 1.5276 -1.2526
vt 1.0146 -2.1735
vt 0.5017 -2.3576
vt 0.5017 -2.1735
vt 1.5276 -2.3576
vt 1.5276 -2.1735
vt 1.5276 -1.9893
vt 1.0146 -2.7260
vt 0.5017 -2.9102
vt 0.5017 -2.7260
vt 1.5276 -2.9102
vt 1.5276 -2.7260
vt 1.5276 -2.5418
vt 1.0146 -3.2785
vt 0.5017 -3.4627
vt 0.5017 -3.2785
vt 1.5276 -3.4627
vt 1.5276 -3.2785
vt 1.5276 -3.0943
vt 1.0146 -3.8310
vt 0.5017 -4.0152
vt 0.5017 -3.8310
vt 1.5276 -4.0152
vt 1.5276 -3.8310
vt 1.5276 -3.6468
vt 1.0146 -4.3835
vt 0.5017 -4.5677
vt 1.0146 -4.5677
vt 0.5017 -4.3835
vt 1.5276 -4.5677
vt 1.5276 -4.3835
vt 1.5276 -4.1994
vt 5.6313 -1.6210
vt 5.1184 -1.8051
vt 5.1184 -1.6210
vt 6.6573 -1.6210
vt 6.1443 -1.8051
vt 6.6573 -1.8051
vt 6.1443 -1.6210
vt 6.6573 -1.4368
vt 6.1443 -1.4368
vt 6.6573 -1.2526
vt 6.1443 -1.2526
vt 5.6313 -2.1735
vt 5.1184 -2.3576
vt 5.1184 -2.1735
vt 6.6573 -2.1735
vt 6.1443 -2.3576
vt 6.6573 -2.3576
vt 6.1443 -2.1735
vt 6.6573 -1.9893
vt 6.1443 -1.9893
vt 5.6313 -2.7260
vt 5.1184 -2.9102
vt 5.1184 -2.7260
vt 6.6573 -2.7260
vt 6.1443 -2.9102
vt 6.6573 -2.9102
vt 6.1443 -2.7260
vt 6.6573 -2.5418
vt 6.1443 -2.5418
vt 5.6313 -3.2785
vt 5.1184 -3.4627
vt 5.1184 -3.2785
vt 6.6573 -3.2785
vt 6.1443 -3.4627
vt 6.6573 -3.4627
vt 6.1443 -3.2785
vt 6.6573 -3.0943
vt 6.1443 -3.0943
vt 5.6313 -3.8310
vt 5.1184 -4.0152
vt 5.1184 -3.8310
vt 6.6573 -3.8310
vt 6.1443 -4.0152
vt 6.6573 -4.0152
vt 6.1443 -3.8310
vt 6.6573 -3.6468
vt 6.1443 -3.6468
vt 5.6313 -4.3835
vt 5.1184 -4.5677
vt 5.6313 -4.5677
vt 5.1184 -4.3835
vt 6.6573 -4.3835
vt 6.1443 -4.5677
vt 6.6573 -4.5677
vt 6.1443 -4.3835
vt 6.6573 -4.1994
vt 6.1443 -4.1994
vt 4.0924 -1.6210
vt 4.6054 -1.8051
vt 4.6054 -1.6210
vt 4.6054 -1.4368
vt 5.1184 -1.2526
vt 4.6054 -1.2526
vt 4.0924 -2.1735
vt 4.6054 -2.3576
vt 4.6054 -2.1735
vt 4.6054 -1.9893
vt 4.0924 -2.7260
vt 4.6054 -2.9102
vt 4.6054 -2.7260
vt 4.6054 -2.5418
vt 4.0924 -3.2785
vt 4.6054 -3.4627
vt 4.6054 -3.2785
vt 4.6054 -3.0943
vt 4.0924 -3.8310
vt 4.6054 -4.0152
vt 4.6054 -3.8310
vt 4.6054 -3.6468
vt 4.0924 -4.3835
vt 4.0924 -4.5677
vt 4.6054 -4.5677
vt 4.6054 -4.3835
vt 4.6054 -4.1994
vt 0.5126 0.5773
vt 0.5226 0.5684
vt 0.5226 0.5773
vt 0.5126 0.5684
vt 0.5126 0.5951
vt 0.5226 0.5862
vt 0.5226 0.5951
vt 0.5126 0.5862
vt 0.5026 0.5951
vt 0.5026 0.5862
vt 0.4925 0.5951
vt 0.4925 0.5773
vt 4.0924 -1.0684
vt 3.5795 -1.0684
vt 5.1184 -1.0684
vt 4.6054 -1.0684
vt 4.6054 -0.8843
vt 5.1184 -0.7001
vt 4.6054 -0.7001
vt 5.6313 -1.0684
vt 6.6573 -1.0684
vt 6.1443 -1.0684
vt 6.6573 -0.8843
vt 6.1443 -0.8843
vt 6.6573 -0.7001
vt 6.1443 -0.7001
vt 1.0146 -1.0684
vt 0.5017 -1.2526
vt 0.5017 -1.0684
vt 2.0406 -1.0684
vt 1.5276 -1.0684
vt 1.5276 -0.8843
vt 2.0406 -0.7001
vt 1.5276 -0.7001
vt 2.5535 -1.2526
vt 2.5535 -1.0684
vt 3.0665 -1.0684
vt 3.0665 -0.8843
vt 3.5795 -0.7001
vt 3.0665 -0.7001
vt -5.1443 -3.8725
vt -5.6573 -4.1042
vt -5.1443 -4.1042
vt -5.1443 -3.1772
vt -5.6573 -3.4090
vt -5.1443 -3.4090
vt -5.1443 -2.4820
vt -5.6573 -2.7137
vt -5.1443 -2.7137
vt -0.5276 -3.8725
vt -1.0406 -4.1042
vt -0.5276 -4.1042
vt -0.5276 -3.1772
vt -1.0406 -3.4090
vt -0.5276 -3.4090
vt -0.5276 -2.4820
vt -1.0406 -2.7137
vt -0.5276 -2.7137
vt -2.0665 -3.8725
vt -2.5795 -4.1042
vt -2.0665 -4.1042
vt -2.0665 -3.1772
vt -2.5795 -3.4090
vt -2.0665 -3.4090
vt -2.0665 -2.4820
vt -2.5795 -2.7137
vt -2.0665 -2.7137
vt -3.6054 -3.8725
vt -4.1184 -4.1042
vt -3.6054 -4.1042
vt -3.6054 -3.1772
vt -4.1184 -3.4090
vt -3.6054 -3.4090
vt -3.6054 -2.4820
vt -4.1184 -2.7137
vt -3.6054 -2.7137
vt -3.6054 0.2989
vt -4.1184 0.0672
vt -3.6054 0.0672
vt -2.0665 0.2989
vt -2.5795 0.0672
vt -2.0665 0.0672
vt -0.5276 0.2989
vt -1.0406 0.0672
vt -0.5276 0.0672
vt -5.1443 0.2989
vt -5.6573 0.0672
vt -5.1443 0.0672
vt -5.1443 -0.1645
vt -5.6573 -0.3963
vt -5.1443 -0.3963
vt -5.6573 -0.1645
vt -4.1184 -0.1645
vt -4.6313 -0.3963
vt -4.1184 -0.3963
vt -4.6313 -0.1645
vt -4.6313 0.0672
vt -4.1184 0.2989
vt -4.6313 0.2989
vt -0.5276 -0.1645
vt -1.0406 -0.3963
vt -0.5276 -0.3963
vt -1.0406 -0.1645
vt 0.4984 -0.1645
vt -0.0146 -0.3963
vt 0.4984 -0.3963
vt -0.0146 -0.1645
vt 0.4984 0.0672
vt -0.0146 0.0672
vt 0.4984 0.2989
vt -0.0146 0.2989
vt -2.0665 -0.1645
vt -2.5795 -0.3963
vt -2.0665 -0.3963
vt -2.5795 -0.1645
vt -1.5535 -0.3963
vt -1.5535 -0.1645
vt -1.5535 0.0672
vt -1.0406 0.2989
vt -1.5535 0.2989
vt -3.6054 -0.1645
vt -3.6054 -0.3963
vt -3.0924 -0.3963
vt -3.0924 -0.1645
vt -3.0924 0.0672
vt -2.5795 0.2989
vt -3.0924 0.2989
vt -3.6054 -2.9455
vt -4.1184 -3.1772
vt -4.1184 -2.9455
vt -2.5795 -2.9455
vt -3.0924 -3.1772
vt -2.5795 -3.1772
vt -3.0924 -2.9455
vt -3.0924 -2.7137
vt -2.5795 -2.4820
vt -3.0924 -2.4820
vt -3.6054 -3.6407
vt -4.1184 -3.8725
vt -4.1184 -3.6407
vt -2.5795 -3.6407
vt -3.0924 -3.8725
vt -2.5795 -3.8725
vt -3.0924 -3.6407
vt -3.0924 -3.4090
vt -3.6054 -4.3360
vt -4.1184 -4.5677
vt -3.6054 -4.5677
vt -4.1184 -4.3360
vt -2.5795 -4.3360
vt -3.0924 -4.5677
vt -2.5795 -4.5677
vt -3.0924 -4.3360
vt -3.0924 -4.1042
vt -2.0665 -2.9455
vt -1.0406 -2.9455
vt -1.5535 -3.1772
vt -1.0406 -3.1772
vt -1.5535 -2.9455
vt -1.5535 -2.7137
vt -1.0406 -2.4820
vt -1.5535 -2.4820
vt -2.0665 -3.6407
vt -1.0406 -3.6407
vt -1.5535 -3.8725
vt -1.0406 -3.8725
vt -1.5535 -3.6407
vt -1.5535 -3.4090
vt -2.0665 -4.3360
vt -2.0665 -4.5677
vt -1.0406 -4.3360
vt -1.5535 -4.5677
vt -1.0406 -4.5677
vt -1.5535 -4.3360
vt -1.5535 -4.1042
vt -0.5276 -2.9455
vt 0.4983 -2.9455
vt -0.0146 -3.1772
vt 0.4983 -3.1772
vt -0.0146 -2.9455
vt 0.4983 -2.7137
vt -0.0146 -2.7137
vt 0.4983 -2.4820
vt -0.0146 -2.4820
vt -0.5276 -3.6407
vt 0.4983 -3.6407
vt -0.0146 -3.8725
vt 0.4983 -3.8725
vt -0.0146 -3.6407
vt 0.4983 -3.4090
vt -0.0146 -3.4090
vt -0.5276 -4.3360
vt -0.5276 -4.5677
vt 0.4983 -4.3360
vt -0.0146 -4.5677
vt 0.4983 -4.5677
vt -0.0146 -4.3360
vt 0.4983 -4.1042
vt -0.0146 -4.1042
vt -5.1443 -2.9455
vt -5.6573 -3.1772
vt -5.6573 -2.9455
vt -4.6313 -3.1772
vt -4.6313 -2.9455
vt -4.6313 -2.7137
vt -4.1184 -2.4820
vt -4.6313 -2.4820
vt -5.1443 -3.6407
vt -5.6573 -3.8725
vt -5.6573 -3.6407
vt -4.6313 -3.8725
vt -4.6313 -3.6407
vt -4.6313 -3.4090
vt -5.1443 -4.3360
vt -5.6573 -4.5677
vt -5.1443 -4.5677
vt -5.6573 -4.3360
vt -4.6313 -4.5677
vt -4.6313 -4.3360
vt -4.6313 -4.1042
vt 0.2328 0.4834
vt 0.2235 0.4751
vt 0.2328 0.4751
vt 0.2235 0.4834
vt 0.2515 0.4834
vt 0.2422 0.4751
vt 0.2515 0.4751
vt 0.2422 0.4834
vt 0.2515 0.4917
vt 0.2422 0.4917
vt 0.2515 0.5000
vt 0.2422 0.5000
vt 0.2422 0.5083
vt 0.2515 0.5000
vt 0.2515 0.5083
vt 0.2422 0.5000
vt 0.2422 0.5249
vt 0.2515 0.5166
vt 0.2515 0.5249
vt 0.2422 0.5166
vt 0.2328 0.5249
vt 0.2328 0.5166
vt 0.2235 0.5249
vt 0.2235 0.5166
vt -5.1443 -2.2503
vt -5.6573 -2.4820
vt -5.6573 -2.2503
vt -4.1184 -2.2503
vt -4.6313 -2.2503
vt -4.6313 -2.0185
vt -4.1184 -1.7868
vt -4.6313 -1.7868
vt -0.5276 -2.2503
vt -1.0406 -2.2503
vt 0.4983 -2.2503
vt -0.0146 -2.2503
vt 0.4983 -2.0185
vt -0.0146 -2.0185
vt 0.4983 -1.7868
vt -0.0146 -1.7868
vt -2.0665 -2.2503
vt -2.5795 -2.2503
vt -1.5535 -2.2503
vt -1.5535 -2.0185
vt -1.0406 -1.7868
vt -1.5535 -1.7868
vt -3.6054 -2.2503
vt -3.0924 -2.2503
vt -3.0924 -2.0185
vt -2.5795 -1.7868
vt -3.0924 -1.7868
vt 0.4825 0.5773
vt 0.4925 0.5684
vt 0.4925 0.5773
vt 0.4825 0.5684
vt 0.4825 0.5951
vt 0.4925 0.5862
vt 0.4925 0.5951
vt 0.4825 0.5862
vt 0.4725 0.5951
vt 0.4725 0.5862
vt 0.4624 0.5951
vt -3.6054 0.5307
vt -4.1184 0.5307
vt -2.5795 0.5307
vt -3.0924 0.5307
vt -3.0924 0.7624
vt -2.5795 0.9942
vt -3.0924 0.9942
vt -2.0665 0.5307
vt -1.0406 0.5307
vt -1.5535 0.5307
vt -1.5535 0.7624
vt -1.0406 0.9942
vt -1.5535 0.9942
vt -0.5276 0.5307
vt 0.4984 0.5307
vt -0.0146 0.5307
vt 0.4984 0.7624
vt -0.0146 0.7624
vt 0.4984 0.9942
vt -0.0146 0.9942
vt -5.1443 0.5307
vt -5.6573 0.2989
vt -5.6573 0.5307
vt -4.6313 0.5307
vt -4.6313 0.7624
vt -4.1184 0.9942
vt -4.6313 0.9942
vt 0.4753 0.4753
vt 0.4753 0.4753
vt -5.6573 5.9841
vt 0.4753 0.4753
vt 0.4624 0.5418
vt -5.6573 0.9942
vt 0.4624 0.5684
vt 0.5017 -0.7001
vt 4.0060 0.1826
vt 0.4925 0.5684
vt -3.0060 1.5624
vt 0.4925 0.5684
vt -1.6617 0.9947
vt 0.4925 0.5684
vt -5.6573 -1.7868
vt 0.2235 0.5000
vt 0.2235 0.5000
vt 0.4753 0.4753
vt -5.6573 5.5686
vt 0.4753 0.4753
vt -1.3545 -0.7074
vt 0.4753 0.4753
vt -1.3545 1.8575
vt -1.3545 0.5750
vt -5.6573 5.1530
vt 2.3545 1.8529
vt 0.4753 0.4753
vt 2.3545 -0.7119
vt 0.4753 0.4753
vt 2.3545 0.5705
vt 2.3545 0.1430
vt -5.6573 4.7375
vt 2.3545 2.7079
vt 0.4753 0.4753
vt 4.2090 3.1399
vt 0.4753 0.4753
vt 4.2090 -1.5624
vt 4.2090 1.0025
vt -5.6573 4.3219
vt 4.2090 -1.9898
vt 0.4753 0.4753
vt 4.2090 -0.7074
vt 0.4753 0.4753
vt 4.2090 1.8575
vt 4.2090 0.5750
vt -5.6573 3.9064
vt -3.2090 1.8529
vt 0.4753 0.4753
vt -3.2090 -0.7119
vt 0.4753 0.4753
vt -3.2090 0.5705
vt -3.2090 0.1430
vt -5.6573 3.4908
vt -3.2090 2.7079
vt 0.4753 0.4753
vt -3.2090 3.1354
vt 0.4753 0.4753
vt -5.6573 3.0752
vt 0.4753 0.4753
vt 0.4753 0.4753
vt -5.6573 2.6597
vt 0.4753 0.4753
vt 0.4753 0.4753
vt -5.6573 2.2441
vt 0.4753 0.4753
vt 0.4753 0.4753
vt -0.1182 1.0025
vt -5.6573 1.8286
vt -0.1182 -1.9898
vt 0.4753 0.4753
vt -0.1182 -0.7074
vt 0.4753 0.4753
vt -5.6573 1.4130
vt 0.4753 0.4753
vt 0.4753 0.4753
vt 0.4753 0.4753
vt 0.4753 0.4753
vt 1.1182 3.1354
vt 0.4753 0.4753
vt 0.4753 0.4753
vt 0.4753 0.4753
vt 0.4753 0.4753
vt 0.4753 0.4753
vt 0.4753 0.4753
vt 0.4753 0.4753
vt 0.4753 0.4753
vt 0.4753 0.4753
vt 0.4753 0.4753
vt 0.4753 0.4753
vt 0.4753 0.4753
vt 0.4753 0.4753
vt 0.4753 0.4753
vt 0.4753 0.4753
vt 0.4753 0.4753
vt 0.4753 0.4753
vt 0.4753 0.4753
vt 0.4753 0.4753
vt 0.4753 0.4753
vt 0.4753 0.4753
vt 0.4753 0.4753
vt 0.4753 0.4753
vt 0.4753 0.4753
vt 0.4753 0.4753
vt 0.4753 0.4753
vt 0.4753 0.4753
vt 0.4753 0.4753
vt 0.4753 0.4753
vt 0.4753 0.4753
vt 0.4753 0.4753
vt 0.4753 0.4753
vt 0.4753 0.4753
vt 0.4753 0.4753
vt 0.4753 0.4753
vt 0.4753 0.4753
vt 0.4753 0.4753
vt 0.4753 0.4753
vt 0.4753 0.4753
vt 0.4753 0.4753
vt 0.4753 0.4753
vt 0.4753 0.4753
vt 0.4753 0.4753
vt 0.4753 0.4753
vt 0.4753 0.4753
vt 0.4753 0.4753
vt 0.4753 0.4753
vt 0.4753 0.4753
vt 0.4753 0.4753
vt 0.4753 0.4753
vt 0.4753 0.4753
vt 0.4753 0.4753
vt 0.4753 0.4753
vt 0.4753 0.4753
vt 0.4753 0.4753
vt 0.4753 0.4753
vt 0.4753 0.4753
vt 0.4753 0.4753
vt 0.4753 0.4753
vt 0.4753 0.4753
vt 0.4753 0.4753
vt 0.4753 0.4753
vt 0.4753 0.4753
vt 0.4753 0.4753
vt 0.4753 0.4753
vt 0.4753 0.4753
vt 0.4753 0.4753
vt 0.4753 0.4753
vt 0.4753 0.4753
vt 0.4753 0.4753
vt 0.4753 0.4753
vt 0.4753 0.4753
vt 0.4753 0.4753
vt 0.4753 0.5247
vt 0.4753 0.5247
vt 0.4753 0.5247
vt 0.4753 0.5247
vt 0.4753 0.5247
vt 0.4624 0.5595
vt 0.4925 0.5862
vt 0.4624 0.5862
vt 2.0933 -1.0933
vt 3.1802 -2.1802
vt 3.6867 -0.8401
vt 1.8401 3.6867
vt 0.5000 2.3466
vt 2.0933 2.0933
vt -0.8401 3.6867
vt 0.5000 4.1931
vt 0.5000 -1.3466
vt -0.8401 -2.6867
vt 0.5000 -3.1931
vt -2.1802 3.1802
vt -1.0933 2.0933
vt 0.5000 0.5000
vt 2.3466 0.5000
vt 3.1802 3.1802
vt 3.6867 1.8401
vt 4.1931 0.5000
vt 1.8401 -2.6867
vt -2.6867 1.8401
vt -1.3466 0.5000
vt -1.0933 -1.0933
vt -2.1802 -2.1802
vt -1.9560 -1.9560
vt -2.1802 -2.1802
vt -1.8452 -2.3069
vt -3.0665 0.8350
vt -2.7315 0.5000
vt -2.6207 0.8509
vt 0.9458 0.9458
vt 0.5000 0.5000
vt 0.9616 0.5000
vt 0.5000 -2.7315
vt 0.8350 -3.0665
vt 0.8509 -2.6207
vt -1.0933 -1.0933
vt -2.1802 -2.1802
vt -0.8401 -2.6867
vt -2.6867 1.8401
vt -1.3466 0.5000
vt -1.0933 2.0933
vt 2.0933 2.0933
vt 0.5000 0.5000
vt 2.3466 0.5000
vt 0.5000 -1.3466
vt 1.8401 -2.6867
vt 2.0933 -1.0933
vt -1.0933 -1.0933
vt -2.1802 -2.1802
vt -0.8401 -2.6867
vt -2.6867 1.8401
vt -1.3466 0.5000
vt -1.0933 2.0933
vt 2.0933 2.0933
vt 0.5000 0.5000
vt 2.3466 0.5000
vt 0.5000 -1.3466
vt 1.8401 -2.6867
vt 2.0933 -1.0933
vt -1.0933 -1.0933
vt -2.1802 -2.1802
vt -0.8401 -2.6867
vt -2.6867 1.8401
vt -1.3466 0.5000
vt -1.0933 2.0933
vt 2.0933 2.0933
vt 0.5000 0.5000
vt 2.3466 0.5000
vt 0.5000 -1.3466
vt 1.8401 -2.6867
vt 2.0933 -1.0933
vt -1.0933 -1.0933
vt -2.1802 -2.1802
vt -0.8401 -2.6867
vt -2.6867 1.8401
vt -1.3466 0.5000
vt -1.0933 2.0933
vt 2.0933 2.0933
vt 0.5000 0.5000
vt 2.3466 0.5000
vt 0.5000 -1.3466
vt 1.8401 -2.6867
vt 2.0933 -1.0933
vt -1.0933 -1.0933
vt -2.1802 -2.1802
vt -0.8401 -2.6867
vt -2.6867 1.8401
vt -1.3466 0.5000
vt -1.0933 2.0933
vt 2.0933 2.0933
vt 0.5000 0.5000
vt 2.3466 0.5000
vt 0.5000 -1.3466
vt 1.8401 -2.6867
vt 2.0933 -1.0933
vt 0.5000 0.5000
vt -2.1802 -2.1802
vt 0.5000 -3.1931
vt -2.1802 3.1802
vt 0.5000 4.1931
vt 3.1802 3.1802
vt 4.1931 0.5000
vt 3.1802 -2.1802
vt 0.5000 0.5000
vt -2.1802 -2.1802
vt 0.5000 -3.1931
vt -2.1802 3.1802
vt 0.5000 4.1931
vt 3.1802 3.1802
vt 4.1931 0.5000
vt 3.1802 -2.1802
vt 0.5000 0.5000
vt -2.1802 -2.1802
vt 0.5000 -3.1931
vt -2.1802 3.1802
vt 0.5000 4.1931
vt 3.1802 3.1802
vt 4.1931 0.5000
vt 3.1802 -2.1802
vt 0.5000 0.5000
vt -2.1802 -2.1802
vt 0.5000 -3.1931
vt -2.1802 3.1802
vt 0.5000 4.1931
vt 3.1802 3.1802
vt 4.1931 0.5000
vt 3.1802 -2.1802
vt 2.6051 -2.0668
vt 2.8452 -2.3069
vt 2.9560 -1.9560
vt 1.9034 -2.2884
vt 2.1751 -2.5601
vt 2.2543 -2.1776
vt 1.2017 -2.5099
vt 1.5051 -2.8133
vt 1.5526 -2.3991
vt 3.1749 0.1333
vt 3.5099 -0.2017
vt 3.6207 0.1491
vt 2.9850 -0.6001
vt 3.2884 -0.9034
vt 3.3991 -0.5526
vt 2.7951 -1.3334
vt 3.0668 -1.6051
vt 3.1776 -1.2543
vt 2.2833 0.1017
vt 2.6499 -0.2650
vt 2.7291 0.1175
vt 2.1567 -0.6950
vt 2.4917 -1.0300
vt 2.5708 -0.6475
vt 2.0300 -1.4917
vt 2.3334 -1.7951
vt 2.4125 -1.4126
vt 1.3916 0.0700
vt 1.7900 -0.3283
vt 1.8374 0.0858
vt 1.3283 -0.7900
vt 1.6950 -1.1567
vt 1.7425 -0.7425
vt 1.2650 -1.6499
vt 1.6000 -1.9850
vt 1.6475 -1.5708
vt 0.5000 0.0384
vt 0.9300 -0.3916
vt 0.9458 0.0542
vt 0.5000 -0.8849
vt 0.8983 -1.2833
vt 0.9142 -0.8374
vt 0.5000 -1.8082
vt 0.8667 -2.1749
vt 0.8825 -1.7291
vt 3.6207 0.8509
vt 3.2699 0.5000
vt 3.7315 0.5000
vt 2.7291 0.8825
vt 2.3466 0.5000
vt 2.8082 0.5000
vt 1.8374 0.9142
vt 1.4233 0.5000
vt 1.8849 0.5000
vt 2.9560 2.9560
vt 2.7001 2.7001
vt 3.0668 2.6051
vt 3.1776 2.2543
vt 2.8900 1.9667
vt 3.2884 1.9034
vt 3.3991 1.5526
vt 3.0799 1.2334
vt 3.5099 1.2017
vt 2.2543 3.1776
vt 1.9667 2.8900
vt 2.3334 2.7951
vt 2.4125 2.4125
vt 2.0933 2.0933
vt 2.4917 2.0300
vt 2.5708 1.6475
vt 2.2200 1.2967
vt 2.6499 1.2650
vt 1.5526 3.3991
vt 1.2334 3.0799
vt 1.6001 2.9850
vt 1.6475 2.5708
vt 1.2967 2.2200
vt 1.6950 2.1567
vt 1.7425 1.7425
vt 1.3600 1.3600
vt 1.7900 1.3283
vt 0.8509 3.6207
vt 0.5000 3.2699
vt 0.8667 3.1749
vt 0.8825 2.7291
vt 0.5000 2.3466
vt 0.8983 2.2833
vt 0.9142 1.8374
vt 0.5000 1.4233
vt 0.9300 1.3916
vt -0.3916 0.9300
vt 0.0384 0.5000
vt 0.0542 0.9458
vt -1.2833 0.8983
vt -0.8849 0.5000
vt -0.8374 0.9142
vt -2.1749 0.8667
vt -1.8082 0.5000
vt -1.7291 0.8825
vt -0.2017 3.5099
vt 0.1333 3.1749
vt 0.1491 3.6207
vt -0.2650 2.6499
vt 0.1017 2.2833
vt 0.1175 2.7291
vt -0.3283 1.7900
vt 0.0700 1.3916
vt 0.0858 1.8374
vt -0.9034 3.2884
vt -0.6000 2.9850
vt -0.5526 3.3991
vt -1.0300 2.4917
vt -0.6950 2.1567
vt -0.6475 2.5708
vt -1.1567 1.6950
vt -0.7900 1.3283
vt -0.7425 1.7425
vt -1.6051 3.0668
vt -1.3334 2.7951
vt -1.2543 3.1776
vt -1.7951 2.3334
vt -1.4917 2.0300
vt -1.4125 2.4125
vt -1.9850 1.6001
vt -1.6499 1.2650
vt -1.5708 1.6475
vt -2.3069 2.8452
vt -2.0668 2.6051
vt -1.9560 2.9560
vt -2.5601 2.1752
vt -2.2884 1.9034
vt -2.1776 2.2543
vt -2.8133 1.5051
vt -2.5099 1.2017
vt -2.3991 1.5526
vt 0.1491 -2.6207
vt -0.1701 -2.9399
vt 0.1650 -3.0665
vt -0.5526 -2.3991
vt -0.8401 -2.6867
vt -0.5051 -2.8133
vt -1.2543 -2.1776
vt -1.5102 -2.4335
vt -1.1752 -2.5601
vt 0.0542 0.0542
vt -0.3600 -0.3600
vt 0.0700 -0.3916
vt 0.0858 -0.8374
vt -0.2967 -1.2200
vt 0.1017 -1.2833
vt 0.1175 -1.7291
vt -0.2334 -2.0799
vt 0.1333 -2.1749
vt -0.8374 0.0858
vt -1.2200 -0.2967
vt -0.7900 -0.3283
vt -0.7425 -0.7425
vt -1.0933 -1.0933
vt -0.6950 -1.1567
vt -0.6475 -1.5708
vt -0.9667 -1.8900
vt -0.6001 -1.9850
vt -1.7291 0.1175
vt -2.0799 -0.2334
vt -1.6499 -0.2650
vt -1.5708 -0.6475
vt -1.8900 -0.9667
vt -1.4917 -1.0300
vt -1.4125 -1.4125
vt -1.7001 -1.7001
vt -1.3334 -1.7951
vt -2.6207 0.1491
vt -2.9399 -0.1701
vt -2.5099 -0.2017
vt -2.3991 -0.5526
vt -2.6867 -0.8401
vt -2.2884 -0.9034
vt -2.1776 -1.2543
vt -2.4335 -1.5102
vt -2.0668 -1.6051
vt -1.7951 -1.3334
vt -2.5601 -1.1751
vt -1.9850 -0.6000
vt -2.8133 -0.5051
vt -2.1749 0.1333
vt -2.2699 0.5000
vt -3.0665 0.1650
vt -1.0300 -1.4917
vt -1.1567 -0.6950
vt -1.2833 0.1017
vt -1.3466 0.5000
vt -0.2650 -1.6499
vt -0.3283 -0.7900
vt -0.3916 0.0700
vt -0.4233 0.5000
vt 0.5000 -2.2699
vt 0.5000 -1.3466
vt 0.5000 -0.4233
vt -0.9034 -2.2884
vt -1.6051 -2.0668
vt -0.2017 -2.5099
vt 0.5000 -3.1931
vt -2.0799 1.2334
vt -1.8900 1.9667
vt -2.6867 1.8401
vt -1.7001 2.7001
vt -2.4335 2.5102
vt -1.8452 3.3069
vt -1.5102 3.4335
vt -2.1802 3.1802
vt -1.2200 1.2967
vt -1.0933 2.0933
vt -0.9667 2.8900
vt -1.1752 3.5601
vt -0.8401 3.6867
vt -0.3600 1.3600
vt -0.2967 2.2200
vt -0.2334 3.0799
vt -0.5051 3.8133
vt -0.1701 3.9399
vt 0.5000 1.8849
vt 0.5000 2.8082
vt 0.5000 3.7315
vt 0.1650 4.0665
vt 0.5000 4.1931
vt 0.5000 0.9616
vt 1.3283 1.7900
vt 1.2650 2.6499
vt 1.2017 3.5099
vt 1.1701 3.9399
vt 0.8350 4.0665
vt 2.1567 1.6950
vt 2.0300 2.4917
vt 1.9034 3.2884
vt 1.8401 3.6867
vt 1.5051 3.8133
vt 2.9850 1.6000
vt 2.7951 2.3334
vt 2.6051 3.0668
vt 2.5102 3.4335
vt 2.1752 3.5601
vt 3.8133 1.5051
vt 3.9399 1.1701
vt 3.6867 1.8401
vt 3.5601 2.1752
vt 3.4335 2.5102
vt 3.3069 2.8452
vt 3.1802 3.1802
vt 2.8452 3.3069
vt 2.2833 0.8983
vt 1.3916 0.9300
vt 3.1749 0.8667
vt 4.0665 0.8350
vt 4.1931 0.5000
vt 1.2334 -2.0799
vt 1.2967 -1.2200
vt 1.3600 -0.3600
vt 1.9667 -1.8900
vt 2.0933 -1.0933
vt 2.2200 -0.2967
vt 2.7001 -1.7001
vt 2.8900 -0.9667
vt 3.0799 -0.2334
vt 3.4335 -1.5102
vt 3.5601 -1.1752
vt 3.6867 -0.8401
vt 3.8133 -0.5051
vt 3.9399 -0.1701
vt 4.0665 0.1650
vt 1.8401 -2.6867
vt 2.5102 -2.4335
vt 3.1802 -2.1802
vt 3.3069 -1.8452
vt 1.1701 -2.9399
vt -2.9399 1.1701
vt -2.3069 -1.8452
vt 3.1802 -2.1802
vt 3.6867 -0.8401
vt 4.1931 0.5000
vt 3.6867 1.8401
vt 3.1802 3.1802
vt 1.8401 3.6867
vt 0.5000 2.3466
vt -0.8401 3.6867
vt 0.5000 4.1931
vt -2.1802 3.1802
vt 0.5000 -3.1931
vt -2.6867 -0.8401
vt 3.1802 -2.1802
vt 3.6867 -0.8401
vt 4.1931 0.5000
vt 3.6867 1.8401
vt 3.1802 3.1802
vt 1.8401 3.6867
vt 0.5000 2.3466
vt -0.8401 3.6867
vt 0.5000 4.1931
vt -2.1802 3.1802
vt 0.5000 -3.1931
vt -2.6867 -0.8401
vt 3.1802 -2.1802
vt 3.6867 -0.8401
vt 4.1931 0.5000
vt 3.6867 1.8401
vt 3.1802 3.1802
vt 1.8401 3.6867
vt 0.5000 2.3466
vt -0.8401 3.6867
vt 0.5000 4.1931
vt -2.1802 3.1802
vt 0.5000 -3.1931
vt -2.6867 -0.8401
vt 3.1802 -2.1802
vt 3.6867 -0.8401
vt 4.1931 0.5000
vt 3.6867 1.8401
vt 3.1802 3.1802
vt 1.8401 3.6867
vt 0.5000 2.3466
vt -0.8401 3.6867
vt 0.5000 4.1931
vt -2.1802 3.1802
vt 0.5000 -3.1931
vt -2.6867 -0.8401
vt 3.1802 -2.1802
vt 3.6867 -0.8401
vt 4.1931 0.5000
vt 3.6867 1.8401
vt 3.1802 3.1802
vt 1.8401 3.6867
vt 0.5000 2.3466
vt -0.8401 3.6867
vt 0.5000 4.1931
vt -2.1802 3.1802
vt 0.5000 -3.1931
vt -2.6867 -0.8401
vt -2.6867 -0.8401
vt 2.0933 -1.0933
vt 3.1802 -2.1802
vt 3.6867 -0.8401
vt 1.8401 3.6867
vt 0.5000 2.3466
vt 2.0933 2.0933
vt -0.8401 3.6867
vt 0.5000 4.1931
vt 0.5000 -1.3466
vt -0.8401 -2.6867
vt 0.5000 -3.1931
vt -2.1802 3.1802
vt -1.0933 2.0933
vt 0.5000 0.5000
vt 2.3466 0.5000
vt 3.1802 3.1802
vt 3.6867 1.8401
vt 4.1931 0.5000
vt 1.8401 -2.6867
vt -2.6867 1.8401
vt -1.3466 0.5000
vt -1.0933 -1.0933
vt -2.1802 -2.1802
vt -2.6867 -0.8401
vt -3.1931 0.5000
vt -3.1931 0.5000
vt -3.1931 0.5000
vt -3.1931 0.5000
vt -3.1931 0.5000
vt -3.1931 0.5000
vt -3.1931 0.5000
vt -3.1931 0.5000
vt -3.1931 0.5000
vt -3.1931 0.5000
vt -3.1931 0.5000
vt -3.1931 0.5000
vt 0.4741 0.2171
vt 0.4741 1.1587
vt -0.7057 0.5429
vt -1.0868 -1.7632
vt -0.4624 -1.8459
vt -1.7299 -1.1774
vt 0.4741 -0.1402
vt 0.5805 -1.8459
vt 1.2263 -1.7796
vt -1.4909 0.2657
vt -1.8459 0.5259
vt -1.5583 1.2986
vt -1.0822 1.8517
vt 2.3249 -0.9711
vt 2.7776 -0.2289
vt 1.2287 -0.4646
vt 1.1013 0.2246
vt 0.0612 1.9196
vt -0.3517 2.6806
vt 0.8308 1.7901
vt 1.2265 2.7229
vt 0.4741 2.2827
vt 0.0058 -1.2852
vt -0.9305 -0.5618
vt -0.9761 2.7632
vt 2.8118 0.7022
vt 2.8459 1.6333
vt 1.8758 1.6333
vt 0.8308 1.7901
vt 1.2265 2.7229
vt 0.4741 2.2827
vt 2.8032 0.4694
vt 2.8118 0.7022
vt 1.8758 1.6333
vt 0.0058 -1.2852
vt 0.1229 -1.1450
vt -0.9305 -0.5618
vt -0.1452 2.3001
vt -0.2485 2.4903
vt -1.0822 1.8517
vt -0.8200 2.7426
vt -0.9761 2.7632
vt 0.4741 0.9233
vt 0.4741 1.1587
vt -0.7057 0.5429
vt 2.3249 -0.9711
vt 2.4381 -0.7855
vt 1.2287 -0.4646
vt -1.5583 1.2986
vt 1.1013 0.2246
vt 0.4741 -0.1402
vt 0.9034 -1.8127
vt 1.0648 -1.7962
vt -1.7299 -1.1774
vt -1.3990 -1.7219
vt -1.2429 -1.7426
vt -1.4909 0.2657
vt -1.8459 0.5259
vt 0.8308 1.7901
vt 1.2265 2.7229
vt 0.4741 2.2827
vt 2.8118 0.7022
vt 2.8459 1.6333
vt 1.8758 1.6333
vt 0.0058 -1.2852
vt 0.4741 -0.7244
vt -0.9305 -0.5618
vt 0.0612 1.9196
vt -0.3517 2.6806
vt -1.0822 1.8517
vt -0.9761 2.7632
vt 0.4741 0.2171
vt 0.4741 1.1587
vt -0.7057 0.5429
vt 2.3249 -0.9711
vt 2.7776 -0.2289
vt 1.2287 -0.4646
vt -1.5583 1.2986
vt 1.1013 0.2246
vt 0.4741 -0.1402
vt 0.5805 -1.8459
vt 1.2263 -1.7796
vt -1.0868 -1.7632
vt -0.4624 -1.8459
vt -1.7299 -1.1774
vt -1.4909 0.2657
vt -1.8459 0.5259
vt 0.8308 1.7901
vt 1.2265 2.7229
vt 0.4741 2.2827
vt 2.8118 0.7022
vt 2.8459 1.6333
vt 1.8758 1.6333
vt 0.0058 -1.2852
vt 0.4741 -0.7244
vt -0.9305 -0.5618
vt 0.0612 1.9196
vt -0.3517 2.6806
vt -1.0822 1.8517
vt -0.9761 2.7632
vt 0.4741 0.2171
vt 0.4741 1.1587
vt -0.7057 0.5429
vt 2.3249 -0.9711
vt 2.7776 -0.2289
vt 1.2287 -0.4646
vt -1.5583 1.2986
vt 1.1013 0.2246
vt 0.4741 -0.1402
vt 0.5805 -1.8459
vt 1.2263 -1.7796
vt -0.4624 -1.8459
vt -1.7299 -1.1774
vt -1.0868 -1.7632
vt -1.4909 0.2657
vt -1.8459 0.5259
vt 0.8308 1.7901
vt 1.2265 2.7229
vt 0.4741 2.2827
vt 2.8118 0.7022
vt 2.8459 1.6333
vt 1.8758 1.6333
vt 0.0058 -1.2852
vt 0.4741 -0.7244
vt -0.9305 -0.5618
vt 0.0612 1.9196
vt -0.3517 2.6806
vt -1.0822 1.8517
vt -0.9761 2.7632
vt 0.4741 0.2171
vt 0.4741 1.1587
vt -0.7057 0.5429
vt 2.3249 -0.9711
vt 2.7776 -0.2289
vt 1.2287 -0.4646
vt -1.5583 1.2986
vt 1.1013 0.2246
vt 0.4741 -0.1402
vt 0.5805 -1.8459
vt 1.2263 -1.7796
vt -0.4624 -1.8459
vt -1.7299 -1.1774
vt -1.0868 -1.7632
vt -1.4909 0.2657
vt -1.8459 0.5259
vt 0.8308 1.7901
vt 1.2265 2.7229
vt 0.4741 2.2827
vt 2.8118 0.7022
vt 2.8459 1.6333
vt 1.8758 1.6333
vt 0.0058 -1.2852
vt 0.4741 -0.7244
vt -0.9305 -0.5618
vt 0.0612 1.9196
vt -0.3517 2.6806
vt -1.0822 1.8517
vt -0.9761 2.7632
vt 0.4741 0.2171
vt 0.4741 1.1587
vt -0.7057 0.5429
vt 2.3249 -0.9711
vt 2.7776 -0.2289
vt 1.2287 -0.4646
vt -1.5583 1.2986
vt 1.1013 0.2246
vt 0.4741 -0.1402
vt 0.5805 -1.8459
vt 1.2263 -1.7796
vt -0.4624 -1.8459
vt -1.7299 -1.1774
vt -1.0868 -1.7632
vt -1.4909 0.2657
vt -1.8459 0.5259
vt 0.8308 1.7901
vt 1.2265 2.7229
vt 0.4741 2.2827
vt 2.8118 0.7022
vt 2.8459 1.6333
vt 1.8758 1.6333
vt -0.4624 -1.8459
vt 0.0058 -1.2852
vt -0.9305 -0.5618
vt 0.0612 1.9196
vt -0.3517 2.6806
vt -1.0822 1.8517
vt -0.9761 2.7632
vt 0.4741 0.2171
vt 0.4741 1.1587
vt -0.7057 0.5429
vt 2.3249 -0.9711
vt 2.7776 -0.2289
vt 1.2287 -0.4646
vt -1.5583 1.2986
vt 1.1013 0.2246
vt 0.4741 -0.1402
vt 0.5805 -1.8459
vt 1.2263 -1.7796
vt -1.0868 -1.7632
vt -1.7299 -1.1774
vt -1.4909 0.2657
vt -1.8459 0.5259
vt 0.8308 1.7901
vt 1.2265 2.7229
vt 0.4741 2.2827
vt 2.7776 -0.2289
vt 1.8758 1.6333
vt 1.1013 0.2246
vt -0.4624 -1.8459
vt -0.9305 -0.5618
vt -1.2692 -0.3159
vt 0.4741 1.1587
vt -1.0822 1.8517
vt -0.7057 0.5429
vt -1.6004 2.8459
vt -0.3517 2.6806
vt 0.4741 -0.7244
vt 1.2287 -0.4646
vt -1.5583 1.2986
vt 0.4741 -0.1402
vt 0.5805 -1.8459
vt 1.8721 -1.7133
vt -1.7299 -1.1774
vt -1.4909 0.2657
vt -1.8459 0.5259
vt 0.8308 1.7901
vt 1.2265 2.7229
vt 0.4741 2.2827
vt 2.7776 -0.2289
vt 1.8758 1.6333
vt 1.1013 0.2246
vt -0.4624 -1.8459
vt -0.9305 -0.5618
vt -1.2692 -0.3159
vt 0.4741 1.1587
vt -1.0822 1.8517
vt -0.7057 0.5429
vt -1.6004 2.8459
vt -0.3517 2.6806
vt 0.4741 -0.7244
vt 1.2287 -0.4646
vt -1.5583 1.2986
vt 0.4741 -0.1402
vt 0.5805 -1.8459
vt 1.8721 -1.7133
vt -1.7299 -1.1774
vt -1.4909 0.2657
vt -1.8459 0.5259
vt 0.8308 1.7901
vt 1.2265 2.7229
vt 0.4741 2.2827
vt 2.7776 -0.2289
vt 1.8758 1.6333
vt 1.1013 0.2246
vt -0.4624 -1.8459
vt -0.9305 -0.5618
vt -1.2692 -0.3159
vt 0.4741 1.1587
vt -1.0822 1.8517
vt -0.7057 0.5429
vt -1.6004 2.8459
vt -0.3517 2.6806
vt 0.4741 -0.7244
vt 1.2287 -0.4646
vt -1.5583 1.2986
vt 0.4741 -0.1402
vt 0.5805 -1.8459
vt 1.8721 -1.7133
vt -1.7299 -1.1774
vt -1.4909 0.2657
vt -1.8459 0.5259
vt 0.8308 1.7901
vt 1.2265 2.7229
vt 0.4741 2.2827
vt 2.7776 -0.2289
vt 1.8758 1.6333
vt 1.1013 0.2246
vt -0.4624 -1.8459
vt -0.9305 -0.5618
vt -1.2692 -0.3159
vt 0.4741 1.1587
vt -1.0822 1.8517
vt -0.7057 0.5429
vt -1.6004 2.8459
vt -0.3517 2.6806
vt 0.4741 -0.7244
vt 1.2287 -0.4646
vt -1.5583 1.2986
vt 0.4741 -0.1402
vt 0.5805 -1.8459
vt 1.8721 -1.7133
vt -1.7299 -1.1774
vt -1.4909 0.2657
vt -1.8459 0.5259
vt 0.4741 0.2171
vt 0.4741 1.1587
vt -0.7057 0.5429
vt -1.0868 -1.7632
vt -0.4624 -1.8459
vt -1.7299 -1.1774
vt 0.4741 -0.1402
vt 0.5805 -1.8459
vt 1.2263 -1.7796
vt -1.4909 0.2657
vt -1.8459 0.5259
vt -1.5583 1.2986
vt -1.0822 1.8517
vt 2.3249 -0.9711
vt 2.7776 -0.2289
vt 1.2287 -0.4646
vt 1.1013 0.2246
vt 0.0612 1.9196
vt -0.3517 2.6806
vt 0.8308 1.7901
vt 1.2265 2.7229
vt 0.4741 2.2827
vt 0.0058 -1.2852
vt -0.9305 -0.5618
vt -0.9761 2.7632
vt 2.8118 0.7022
vt 2.8459 1.6333
vt 1.8758 1.6333
vt 0.4741 -0.7244
vt -1.2692 -0.3159
vt -1.7111 -1.6806
vt 1.8721 -1.7133
vt 1.0287 0.6659
vt 1.2265 1.6333
vt -1.6004 2.8459
vt 1.2265 1.6333
vt 2.7776 -0.2289
vt 2.7862 0.0039
vt 2.7947 0.2367
vt 2.8374 1.4005
vt 2.8459 1.6333
vt 2.8203 0.9350
vt 2.8288 1.1677
vt -1.2692 -0.3159
vt -0.4624 -1.8459
vt -0.3454 -1.7057
vt 0.3571 -0.8646
vt 0.4741 -0.7244
vt 0.2400 -1.0048
vt -0.2283 -1.5655
vt -0.1112 -1.4253
vt 0.0612 1.9196
vt 0.3709 1.3490
vt 0.2677 1.5392
vt 0.1645 1.7294
vt -0.0420 2.1099
vt -0.3517 2.6806
vt -1.4443 2.8252
vt -1.6004 2.8459
vt -1.1321 2.7839
vt -0.5078 2.7012
vt -0.6639 2.7219
vt -1.2882 2.8046
vt 0.4741 -0.2536
vt 0.4741 -0.4890
vt 0.4741 -0.0183
vt 0.4741 0.2171
vt 0.4741 0.4525
vt 0.4741 0.6879
vt 2.5513 -0.6000
vt 1.8721 -1.7133
vt 1.9853 -1.5277
vt 2.2117 -1.1566
vt 2.0985 -1.3422
vt 2.6644 -0.4144
vt 1.0287 0.6659
vt 1.7107 -1.7299
vt 0.5805 -1.8459
vt 0.7419 -1.8293
vt 1.5492 -1.7464
vt 1.2263 -1.7796
vt 1.3878 -1.7630
vt -0.7746 -1.8046
vt -1.7111 -1.6806
vt -1.5551 -1.7012
vt -0.6185 -1.8252
vt -0.9307 -1.7839
vt -1.0868 -1.7632
vt 1.2265 1.6333
vt -1.2692 -0.3159
vt -1.6004 2.8459
vt 1.8721 -1.7133
vt 1.0287 0.6659
vt -1.7111 -1.6806
vt 1.2265 1.6333
vt -1.2692 -0.3159
vt -1.6004 2.8459
vt 1.8721 -1.7133
vt 1.0287 0.6659
vt -1.7111 -1.6806
vt 1.2265 1.6333
vt -1.2692 -0.3159
vt -1.6004 2.8459
vt 1.8721 -1.7133
vt 1.0287 0.6659
vt -1.7111 -1.6806
vt 1.2265 1.6333
vt -1.2692 -0.3159
vt -1.6004 2.8459
vt 1.8721 -1.7133
vt 1.0287 0.6659
vt -1.7111 -1.6806
vt 1.2265 1.6333
vt -1.2692 -0.3159
vt 0.4741 -0.7244
vt -1.6004 2.8459
vt 1.8721 -1.7133
vt 1.0287 0.6659
vt -1.7111 -1.6806
vt 1.2265 1.6333
vt 2.8459 1.6333
vt 1.0287 0.6659
vt -1.7111 -1.6806
vt 1.2265 1.6333
vt 2.8459 1.6333
vt 1.0287 0.6659
vt -1.7111 -1.6806
vt 1.2265 1.6333
vt 2.8459 1.6333
vt 1.0287 0.6659
vt -1.7111 -1.6806
vt 1.2265 1.6333
vt 2.8459 1.6333
vt 1.0287 0.6659
vt -1.7111 -1.6806
vt 0.4741 -0.7244
vt -1.2692 -0.3159
vt -1.7111 -1.6806
vt 1.8721 -1.7133
vt 1.0287 0.6659
vt 1.2265 1.6333
vt -1.6004 2.8459
vn -1.0000 0.0000 -0.0000
vn 0.0000 -1.0000 0.0000
vn 0.0000 1.0000 0.0000
vn 0.0000 0.0000 -1.0000
vn 1.0000 0.0000 0.0000
vn 0.0000 0.0000 1.0000
vn -0.3535 0.0000 0.9354
vn 0.7071 0.0000 0.7071
vn 0.9354 0.0000 0.3535
vn 0.3535 0.0000 0.9354
vn -0.9354 0.0000 0.3535
vn -0.3535 0.0000 -0.9354
vn 0.3535 0.0000 -0.9354
vn -0.7071 0.0000 -0.7071
vn -0.9354 0.0000 -0.3535
vn 0.9354 0.0000 -0.3535
vn 0.7071 0.0000 -0.7071
vn -0.7071 0.0000 0.7071
vn -0.9447 0.3280 0.0000
vn 0.9447 0.3280 0.0000
vn 0.0000 -1.0000 -0.0001
vn 0.0000 0.3280 0.9447
vn 0.0000 0.3280 -0.9447
vn 0.0000 -1.0000 0.0001
vn 0.7225 0.2198 0.6555
vn 0.9668 0.1938 0.1667
vn 0.2915 0.1999 -0.9354
vn -0.2119 0.2458 -0.9459
vn 0.0208 0.1478 -0.9888
vn -0.3443 0.2264 0.9111
vn -0.0614 0.1727 0.9830
vn -0.7067 0.2190 -0.6727
vn 0.6933 0.1659 -0.7013
vn 0.9118 0.2234 -0.3446
vn 0.9867 0.1296 0.0975
vn 0.3345 0.3236 0.8851
vn -0.9492 0.2239 -0.2211
vn -0.7394 0.1446 0.6575
vn -0.7243 0.2308 0.6497
vn -0.3320 0.3434 0.8785
vn -0.8976 0.2814 -0.3392
vn 0.3418 0.2553 0.9044
vn -0.7249 0.1498 0.6723
vn 0.0649 0.1720 -0.9829
vn 0.9884 0.1497 -0.0246
vn 0.3163 0.4468 0.8368
vn -0.8583 0.3976 -0.3244
vn -0.8925 0.2995 0.3373
vn -0.8868 0.2850 0.3637
vn 0.0742 0.2339 0.9694
vn -0.9126 0.3390 -0.2284
vn -0.3196 0.4274 -0.8457
vn -0.6829 0.3238 -0.6548
vn -0.2290 0.3522 -0.9075
vn -0.3364 0.3072 -0.8902
vn 0.0188 0.2356 -0.9716
vn 0.3388 0.2852 -0.8966
vn 0.3333 0.3330 -0.8820
vn 0.2898 0.3059 -0.9069
vn 0.8798 0.3398 -0.3325
vn 0.9253 0.2790 -0.2570
vn 0.6794 0.2592 -0.6865
vn 0.9048 0.2536 -0.3419
vn 0.9814 0.1901 0.0237
vn 0.8625 0.3871 0.3259
vn 0.9394 0.2886 0.1852
vn 0.9104 0.2299 0.3440
vn 0.6958 0.3250 0.6404
vn 0.1646 0.3215 0.9325
vn -0.8993 0.2750 0.3399
vn -0.9083 0.1838 0.3758
vn -0.9893 0.1445 -0.0172
vn -0.9728 0.2310 -0.0157
vn -0.9845 0.1619 0.0665
vn -0.2257 -0.9727 0.0540
vn 0.1855 -0.9539 0.2358
vn 0.0126 -0.9871 -0.1597
vn -0.0389 -0.9987 0.0313
vn 0.0844 -0.9952 0.0499
vn -0.1721 -0.9492 -0.2635
vn 0.1951 -0.9693 -0.1495
vn 0.0201 -0.9983 0.0543
vn -0.0228 -0.9771 0.2114
vn 0.0426 -0.9938 0.1025
vn -0.3522 -0.9324 0.0812
vn -0.0659 -0.9964 0.0530
vn 0.2196 -0.9065 0.3605
vn -0.0336 -0.9452 0.3246
vn -0.2742 -0.8930 -0.3567
vn 0.3296 -0.9250 -0.1890
vn 0.0229 -0.9718 -0.2348
vn 0.1466 -0.9863 0.0758
vn -0.2100 -0.9756 0.0631
vn 0.1697 -0.9514 0.2571
vn 0.0741 -0.9964 0.0412
vn -0.0176 -0.9771 0.2123
vn -0.2022 -0.9487 -0.2430
vn 0.2031 -0.9691 -0.1399
vn 0.0191 -0.9915 -0.1289
usemtl Material.004
s off
f 2/1/1 880/2/1 1/3/1
f 4/4/1 902/5/1 3/6/1
f 1/3/1 928/7/1 2/1/1
f 887/8/2 892/9/2 4174/10/2
f 881/11/3 894/12/3 4170/13/3
f 9/14/4 896/15/4 10/16/4
f 912/17/3 910/18/3 4166/19/3
f 901/20/2 896/15/2 4162/21/2
f 905/22/3 898/23/3 4158/24/3
f 970/25/2 968/26/2 4154/27/2
f 12/28/4 918/29/4 11/30/4
f 4150/31/2 16/32/2 908/33/2
f 26/34/5 933/35/5 25/36/5
f 925/37/2 944/38/2 4146/39/2
f 934/40/2 951/41/2 4142/42/2
f 940/43/3 921/44/3 4138/45/3
f 939/46/3 942/47/3 4134/48/3
f 945/49/3 954/50/3 4130/51/3
f 18/52/6 942/47/6 19/53/6
f 927/54/3 960/55/3 4126/56/3
f 22/57/6 944/38/6 21/58/6
f 957/59/3 966/60/3 4122/61/3
f 16/32/4 956/62/4 969/63/4
f 32/64/5 971/65/5 31/66/5
f 31/66/5 966/60/5 32/64/5
f 972/67/2 963/68/2 4118/69/2
f 4114/70/2 18/52/2 923/71/2
f 34/72/1 976/73/1 33/74/1
f 36/75/1 998/76/1 35/77/1
f 33/74/1 1024/78/1 34/72/1
f 983/79/2 988/80/2 4110/81/2
f 977/82/3 990/83/3 4106/84/3
f 41/85/4 992/86/4 42/87/4
f 1008/88/3 1006/89/3 4102/90/3
f 997/91/2 992/86/2 4098/92/2
f 1001/93/3 994/94/3 4094/95/3
f 1066/96/2 1064/97/2 4090/98/2
f 44/99/4 1014/100/4 43/101/4
f 4086/102/2 48/103/2 1004/104/2
f 58/105/5 1029/106/5 57/107/5
f 1021/108/2 1040/109/2 4082/110/2
f 1030/111/2 1047/112/2 4078/113/2
f 1036/114/3 1017/115/3 4074/116/3
f 1035/117/3 1038/118/3 4070/119/3
f 1041/120/3 1050/121/3 4066/122/3
f 50/123/6 1038/118/6 51/124/6
f 1023/125/3 1056/126/3 4062/127/3
f 54/128/6 1040/109/6 53/129/6
f 1053/130/3 1062/131/3 4058/132/3
f 48/103/4 1052/133/4 1065/134/4
f 64/135/5 1067/136/5 63/137/5
f 63/137/5 1062/131/5 64/135/5
f 1068/138/2 1059/139/2 4054/140/2
f 4050/141/2 50/123/2 1019/142/2
f 66/143/1 1072/144/1 65/145/1
f 68/146/1 1094/147/1 67/148/1
f 65/145/1 1120/149/1 66/143/1
f 1079/150/2 1084/151/2 4046/152/2
f 1073/153/3 1086/154/3 4042/155/3
f 73/156/4 1088/157/4 74/158/4
f 1104/159/3 1102/160/3 4038/161/3
f 1093/162/2 1088/157/2 4034/163/2
f 1097/164/3 1090/165/3 4030/166/3
f 1162/167/2 1160/168/2 4026/169/2
f 76/170/4 1110/171/4 75/172/4
f 4022/173/2 80/174/2 1100/175/2
f 90/176/5 1125/177/5 89/178/5
f 1117/179/2 1136/180/2 4018/181/2
f 1126/182/2 1143/183/2 4014/184/2
f 1132/185/3 1113/186/3 4010/187/3
f 1131/188/3 1134/189/3 4006/190/3
f 1137/191/3 1146/192/3 4002/193/3
f 82/194/6 1134/189/6 83/195/6
f 1119/196/3 1152/197/3 3998/198/3
f 86/199/6 1136/180/6 85/200/6
f 1149/201/3 1158/202/3 3994/203/3
f 80/174/4 1148/204/4 1161/205/4
f 96/206/5 1163/207/5 95/208/5
f 95/208/5 1158/202/5 96/206/5
f 1164/209/2 1155/210/2 3990/211/2
f 3986/212/2 82/194/2 1115/213/2
f 98/214/1 1168/215/1 97/216/1
f 100/217/1 1190/218/1 99/219/1
f 97/216/1 1216/220/1 98/214/1
f 1175/221/2 1180/222/2 3982/223/2
f 1169/224/3 1182/225/3 3978/226/3
f 105/227/4 1184/228/4 106/229/4
f 1200/230/3 1198/231/3 3974/232/3
f 1189/233/2 1184/228/2 3970/234/2
f 1193/235/3 1186/236/3 3966/237/3
f 1258/238/2 1256/239/2 3962/240/2
f 108/241/4 1206/242/4 107/243/4
f 3958/244/2 112/245/2 1196/246/2
f 122/247/5 1221/248/5 121/249/5
f 1213/250/2 1232/251/2 3954/252/2
f 1222/253/2 1239/254/2 3950/255/2
f 1228/256/3 1209/257/3 3946/258/3
f 1227/259/3 1230/260/3 3942/261/3
f 1233/262/3 1242/263/3 3938/264/3
f 114/265/6 1230/260/6 115/266/6
f 1215/267/3 1248/268/3 3934/269/3
f 118/270/6 1232/251/6 117/271/6
f 1245/272/3 1254/273/3 3930/274/3
f 112/245/4 1244/275/4 1257/276/4
f 128/277/5 1259/278/5 127/279/5
f 127/279/5 1254/273/5 128/277/5
f 1260/280/2 1251/281/2 3926/282/2
f 3922/283/2 114/265/2 1211/284/2
f 130/285/1 1264/286/1 129/287/1
f 132/288/1 1286/289/1 131/290/1
f 129/287/1 1312/291/1 130/285/1
f 1271/292/2 1276/293/2 3918/294/2
f 1265/295/3 1278/296/3 3914/297/3
f 137/298/4 1280/299/4 138/300/4
f 1296/301/3 1294/302/3 3910/303/3
f 1285/304/2 1280/299/2 3906/305/2
f 1289/306/3 1282/307/3 3902/308/3
f 1354/309/2 1352/310/2 3898/311/2
f 140/312/4 1302/313/4 139/314/4
f 3894/315/2 144/316/2 1292/317/2
f 154/318/5 1317/319/5 153/320/5
f 1309/321/2 1328/322/2 3890/323/2
f 1318/324/2 1335/325/2 3886/326/2
f 1324/327/3 1305/328/3 3882/329/3
f 1323/330/3 1326/331/3 3878/332/3
f 1329/333/3 1338/334/3 3874/335/3
f 146/336/6 1326/331/6 147/337/6
f 1311/338/3 1344/339/3 3870/340/3
f 150/341/6 1328/322/6 149/342/6
f 1341/343/3 1350/344/3 3866/345/3
f 144/316/4 1340/346/4 1353/347/4
f 160/348/5 1355/349/5 159/350/5
f 159/350/5 1350/344/5 160/348/5
f 1356/351/2 1347/352/2 3862/353/2
f 3858/354/2 146/336/2 1307/355/2
f 162/356/1 1360/357/1 161/358/1
f 164/359/1 1382/360/1 163/361/1
f 161/358/1 1408/362/1 162/356/1
f 1367/363/2 1372/364/2 3854/365/2
f 1361/366/3 1374/367/3 3850/368/3
f 169/369/4 1376/370/4 170/371/4
f 1392/372/3 1390/373/3 3846/374/3
f 1381/375/2 1376/370/2 3842/376/2
f 1385/377/3 1378/378/3 3838/379/3
f 1450/380/2 1448/381/2 3834/382/2
f 172/383/4 1398/384/4 171/385/4
f 3830/386/2 176/387/2 1388/388/2
f 186/389/5 1413/390/5 185/391/5
f 1405/392/2 1424/393/2 3826/394/2
f 1414/395/2 1431/396/2 3822/397/2
f 1420/398/3 1401/399/3 3818/400/3
f 1419/401/3 1422/402/3 3814/403/3
f 1425/404/3 1434/405/3 3810/406/3
f 178/407/6 1422/402/6 179/408/6
f 1407/409/3 1440/410/3 3806/411/3
f 182/412/6 1424/393/6 181/413/6
f 1437/414/3 1446/415/3 3802/416/3
f 176/387/4 1436/417/4 1449/418/4
f 192/419/5 1451/420/5 191/421/5
f 191/421/5 1446/415/5 192/419/5
f 1452/422/2 1443/423/2 3798/424/2
f 3794/425/2 178/407/2 1403/426/2
f 194/427/1 1456/428/1 193/429/1
f 196/430/1 1478/431/1 195/432/1
f 193/429/1 1504/433/1 194/427/1
f 1463/434/2 1468/435/2 3790/436/2
f 1457/437/3 1470/438/3 3786/439/3
f 201/440/4 1472/441/4 202/442/4
f 1488/443/3 1486/444/3 3782/445/3
f 1477/446/2 1472/441/2 3778/447/2
f 1481/448/3 1474/449/3 3774/450/3
f 1546/451/2 1544/452/2 3770/453/2
f 204/454/4 1494/455/4 203/456/4
f 3766/457/2 208/458/2 1484/459/2
f 218/460/5 1509/461/5 217/462/5
f 1501/463/2 1520/464/2 3762/465/2
f 1510/466/2 1527/467/2 3758/468/2
f 1516/469/3 1497/470/3 3754/471/3
f 1515/472/3 1518/473/3 3750/474/3
f 1521/475/3 1530/476/3 3746/477/3
f 210/478/6 1518/473/6 211/479/6
f 1503/480/3 1536/481/3 3742/482/3
f 214/483/6 1520/464/6 213/484/6
f 1533/485/3 1542/486/3 3738/487/3
f 208/458/4 1532/488/4 1545/489/4
f 224/490/5 1547/491/5 223/492/5
f 223/492/5 1542/486/5 224/490/5
f 1548/493/2 1539/494/2 3734/495/2
f 3730/496/2 210/478/2 1499/497/2
f 226/498/1 1552/499/1 225/500/1
f 228/501/1 1574/502/1 227/503/1
f 225/500/1 1600/504/1 226/498/1
f 1559/505/2 1564/506/2 3726/507/2
f 1553/508/3 1566/509/3 3722/510/3
f 233/511/4 1568/512/4 234/513/4
f 1584/514/3 1582/515/3 3718/516/3
f 1573/517/2 1568/512/2 3714/518/2
f 1577/519/3 1570/520/3 3710/521/3
f 1644/522/2 1640/523/2 3706/524/2
f 236/525/4 1590/526/4 235/527/4
f 3702/528/2 240/529/2 1580/530/2
f 1601/531/5 1613/532/5 3698/533/5
f 1597/534/2 1618/535/2 3694/536/2
f 1592/537/6 245/538/6 1596/539/6
f 1606/540/2 1621/541/2 3690/542/2
f 1612/543/3 1593/544/3 3686/545/3
f 1611/546/3 1616/547/3 3682/548/3
f 237/549/3 1624/550/3 1628/551/3
f 1614/552/6 1621/541/6 241/553/6
f 1599/554/3 1630/555/3 3678/556/3
f 246/557/6 1618/535/6 245/538/6
f 1627/558/3 1634/559/3 3674/560/3
f 1637/561/4 1625/562/4 254/563/4
f 256/564/5 1641/565/5 1635/566/5
f 1640/523/5 1638/567/5 3670/568/5
f 255/569/2 1631/570/2 1645/571/2
f 3666/572/2 242/573/2 1595/574/2
f 4954/575/1 275/576/1 4951/577/1
f 4973/578/1 281/579/1 282/580/1
f 5010/581/1 295/582/1 4999/583/1
f 4959/584/2 4964/585/2 5110/586/2
f 4953/587/3 4966/588/3 5106/589/3
f 4967/590/4 284/591/4 283/592/4
f 4984/593/3 4982/594/3 5102/595/3
f 4973/578/2 4968/596/2 5098/597/2
f 4977/598/3 4970/599/3 5094/600/3
f 5042/601/2 5040/602/2 5090/603/2
f 4985/604/4 288/605/4 4989/606/4
f 4989/606/2 4980/607/2 5086/608/2
f 5001/609/5 289/610/5 5006/611/5
f 4997/612/2 5016/613/2 5082/614/2
f 300/615/4 5008/616/4 4993/617/4
f 290/618/6 4991/619/6 4995/620/6
f 5006/611/2 5023/621/2 5078/622/2
f 5012/623/3 4993/617/3 5074/624/3
f 5011/625/3 5014/626/3 5070/627/3
f 5017/628/3 5026/629/3 5066/630/3
f 5023/621/6 292/631/6 5013/632/6
f 4999/583/3 5032/633/3 5062/634/3
f 5015/635/6 295/582/6 296/636/6
f 5029/637/3 5038/638/3 5058/639/3
f 5027/640/4 301/641/4 5042/601/4
f 5020/642/5 297/643/5 5044/644/5
f 5033/645/1 300/615/1 5017/628/1
f 5037/646/5 301/641/5 302/647/5
f 5044/644/2 5035/648/2 5054/649/2
f 5022/650/2 4995/620/2 5050/651/2
f 332/652/1 333/653/1 331/654/1
f 334/655/4 337/656/4 333/653/4
f 338/657/5 335/658/5 337/656/5
f 336/659/6 331/654/6 335/658/6
f 340/660/6 341/661/6 339/662/6
f 342/663/1 345/664/1 341/661/1
f 346/665/4 343/666/4 345/664/4
f 344/667/5 339/662/5 343/666/5
f 345/664/2 339/662/2 341/661/2
f 342/663/3 344/667/3 346/665/3
f 348/668/5 349/669/5 347/670/5
f 350/671/6 353/672/6 349/669/6
f 354/673/1 351/674/1 353/672/1
f 352/675/4 347/670/4 351/674/4
f 349/669/2 351/674/2 347/670/2
f 350/671/3 352/675/3 354/673/3
f 356/676/5 357/677/5 355/678/5
f 358/679/6 361/680/6 357/677/6
f 362/681/1 359/682/1 361/680/1
f 360/683/4 355/678/4 359/682/4
f 361/680/2 355/678/2 357/677/2
f 358/679/3 360/683/3 362/681/3
f 372/684/6 373/685/6 371/686/6
f 374/687/1 377/688/1 373/685/1
f 378/689/4 375/690/4 377/688/4
f 376/691/5 371/686/5 375/690/5
f 377/688/2 371/686/2 373/685/2
f 374/687/3 376/691/3 378/689/3
f 824/692/1 2592/693/1 823/694/1
f 826/695/1 2614/696/1 825/697/1
f 823/694/1 2640/698/1 824/692/1
f 2599/699/2 2604/700/2 2750/701/2
f 2593/702/3 2606/703/3 2746/704/3
f 831/705/4 2608/706/4 832/707/4
f 2624/708/3 2622/709/3 2742/710/3
f 2613/711/2 2608/706/2 2738/712/2
f 2617/713/3 2610/714/3 2734/715/3
f 2684/716/2 2680/717/2 2730/718/2
f 834/719/4 2630/720/4 833/721/4
f 2726/722/2 838/723/2 2620/724/2
f 2641/725/5 2653/726/5 2722/727/5
f 2637/728/2 2658/729/2 2718/730/2
f 2632/731/6 843/732/6 2636/733/6
f 2646/734/2 2661/735/2 2714/736/2
f 2652/737/3 2633/738/3 2710/739/3
f 2651/740/3 2656/741/3 2706/742/3
f 835/743/3 2664/744/3 2668/745/3
f 2654/746/6 2661/735/6 839/747/6
f 2639/748/3 2670/749/3 2702/750/3
f 844/751/6 2658/729/6 843/732/6
f 2667/752/3 2674/753/3 2698/754/3
f 2677/755/4 2665/756/4 852/757/4
f 854/758/5 2681/759/5 2675/760/5
f 2680/717/5 2678/761/5 2694/762/5
f 853/763/2 2671/764/2 2685/765/2
f 2690/766/2 840/767/2 2635/768/2
f 856/769/1 857/770/1 855/771/1
f 858/772/4 861/773/4 857/770/4
f 862/774/5 859/775/5 861/773/5
f 860/776/6 855/771/6 859/775/6
f 864/777/1 865/778/1 863/779/1
f 866/780/4 869/781/4 865/778/4
f 870/782/5 867/783/5 869/781/5
f 868/784/6 863/779/6 867/783/6
f 872/785/1 873/786/1 871/787/1
f 874/788/4 877/789/4 873/786/4
f 878/790/5 875/791/5 877/789/5
f 876/792/6 871/787/6 875/791/6
f 2688/793/2 843/732/2 2637/728/2
f 2688/793/2 2635/768/2 2636/733/2
f 2647/794/2 2638/795/2 827/796/2
f 2638/795/2 2688/793/2 2637/728/2
f 2648/797/2 2687/798/2 2647/794/2
f 2689/799/2 2688/793/2 2687/798/2
f 849/800/2 2689/799/2 2648/797/2
f 2659/801/2 2690/766/2 2689/799/2
f 2686/802/2 849/800/2 836/803/2
f 2685/765/2 2672/804/2 2686/802/2
f 2692/805/5 852/757/5 2673/806/5
f 2694/762/5 2677/755/5 2692/805/5
f 2675/760/5 2674/753/5 854/758/5
f 2691/807/5 2673/806/5 2674/753/5
f 2676/808/5 2691/807/5 2675/760/5
f 2693/809/5 2692/805/5 2691/807/5
f 853/763/5 2693/809/5 2676/808/5
f 2679/810/5 2694/762/5 2693/809/5
f 2676/808/5 847/811/5 853/763/5
f 2675/760/5 2682/812/5 2676/808/5
f 2665/756/4 2678/761/4 2684/716/4
f 2684/716/4 2678/761/4 851/813/4
f 838/723/4 2666/814/4 2683/815/4
f 2683/815/4 2665/756/4 2684/716/4
f 2696/816/3 852/757/3 2665/756/3
f 2698/754/3 2673/806/3 2696/816/3
f 2621/817/3 2666/814/3 837/818/3
f 2695/819/3 2665/756/3 2666/814/3
f 2622/709/3 2695/819/3 2621/817/3
f 2697/820/3 2696/816/3 2695/819/3
f 2622/709/3 2668/745/3 2697/820/3
f 2697/820/3 2667/752/3 2698/754/3
f 2670/749/6 846/821/6 2657/822/6
f 2669/823/6 2657/822/6 2658/729/6
f 2700/824/3 844/751/3 2643/825/3
f 2702/750/3 2669/823/3 2700/824/3
f 2605/826/3 2644/827/3 828/828/3
f 2699/829/3 2643/825/3 2644/827/3
f 2606/703/3 2699/829/3 2605/826/3
f 2701/830/3 2700/824/3 2699/829/3
f 824/692/3 2701/830/3 2606/703/3
f 2640/698/3 2702/750/3 2701/830/3
f 2661/735/6 2653/726/6 2655/831/6
f 2655/831/6 2653/726/6 842/832/6
f 840/767/6 2656/741/6 841/833/6
f 2662/834/6 2655/831/6 2656/741/6
f 2667/752/3 848/835/3 854/758/3
f 2668/745/3 2663/836/3 2667/752/3
f 2704/837/3 842/832/3 2641/725/3
f 2706/742/3 2655/831/3 2704/837/3
f 2663/836/3 2642/838/3 848/835/3
f 2703/839/3 2641/725/3 2642/838/3
f 2664/744/3 2703/839/3 2663/836/3
f 2705/840/3 2704/837/3 2703/839/3
f 850/841/3 2705/840/3 2664/744/3
f 2652/737/3 2706/742/3 2705/840/3
f 2708/842/3 828/828/3 2644/827/3
f 2710/739/3 2634/843/3 2708/842/3
f 2632/731/3 2643/825/3 844/751/3
f 2707/844/3 2644/827/3 2643/825/3
f 2631/845/3 2707/844/3 2632/731/3
f 2709/846/3 2708/842/3 2707/844/3
f 841/833/3 2709/846/3 2631/845/3
f 2651/740/3 2710/739/3 2709/846/3
f 2712/847/2 840/767/2 2660/848/2
f 2714/736/2 2662/834/2 2712/847/2
f 2672/804/2 2659/801/2 849/800/2
f 2711/849/2 2660/848/2 2659/801/2
f 2671/764/2 2711/849/2 2672/804/2
f 2713/850/2 2712/847/2 2711/849/2
f 847/811/2 2713/850/2 2671/764/2
f 2645/851/2 2714/736/2 2713/850/2
f 840/767/6 2631/845/6 2635/768/6
f 2635/768/6 2632/731/6 2636/733/6
f 2716/852/2 846/821/2 2650/853/2
f 2718/730/2 2657/822/2 2716/852/2
f 2603/854/2 2649/855/2 823/694/2
f 2715/856/2 2650/853/2 2649/855/2
f 2604/700/2 2715/856/2 2603/854/2
f 2717/857/2 2716/852/2 2715/856/2
f 827/796/2 2717/857/2 2604/700/2
f 2638/795/2 2718/730/2 2717/857/2
f 2720/858/5 839/747/5 2646/734/5
f 2722/727/5 2654/746/5 2720/858/5
f 2682/812/5 2645/851/5 847/811/5
f 2719/859/5 2646/734/5 2645/851/5
f 2681/759/5 2719/859/5 2682/812/5
f 2721/860/5 2720/858/5 2719/859/5
f 848/835/5 2721/860/5 2681/759/5
f 2642/838/5 2722/727/5 2721/860/5
f 2724/861/2 836/803/2 2628/862/2
f 2726/722/2 2619/863/2 2724/861/2
f 2615/864/2 2627/865/2 829/866/2
f 2723/867/2 2628/862/2 2627/865/2
f 2616/868/2 2723/867/2 2615/864/2
f 2725/869/2 2724/861/2 2723/867/2
f 2616/868/2 2630/720/2 2725/869/2
f 2725/869/2 2629/870/2 2726/722/2
f 2625/871/4 838/723/4 2629/870/4
f 2626/872/4 2629/870/4 2630/720/4
f 2728/873/2 853/763/2 2685/765/2
f 2730/718/2 2679/810/2 2728/873/2
f 2619/863/2 2686/802/2 836/803/2
f 2727/874/2 2685/765/2 2686/802/2
f 2620/724/2 2727/874/2 2619/863/2
f 2729/875/2 2728/873/2 2727/874/2
f 838/723/2 2729/875/2 2620/724/2
f 2683/815/2 2730/718/2 2729/875/2
f 2732/876/3 831/705/3 2612/877/3
f 2734/715/3 2609/878/3 2732/876/3
f 2597/879/3 2611/880/3 826/695/3
f 2731/881/3 2612/877/3 2611/880/3
f 2598/882/3 2731/881/3 2597/879/3
f 2733/883/3 2732/876/3 2731/881/3
f 830/884/3 2733/883/3 2598/882/3
f 2618/885/3 2734/715/3 2733/883/3
f 2736/886/2 833/721/2 2616/868/2
f 2738/712/2 2607/887/2 2736/886/2
f 2595/888/2 2615/864/2 829/866/2
f 2735/889/2 2616/868/2 2615/864/2
f 2596/890/2 2735/889/2 2595/888/2
f 2737/891/2 2736/886/2 2735/889/2
f 825/697/2 2737/891/2 2596/890/2
f 2614/696/2 2738/712/2 2737/891/2
f 2740/892/3 837/818/3 2625/871/3
f 2742/710/3 2621/817/3 2740/892/3
f 2617/713/3 2626/872/3 834/719/3
f 2739/893/3 2625/871/3 2626/872/3
f 2618/885/3 2739/893/3 2617/713/3
f 2741/894/3 2740/892/3 2739/893/3
f 830/884/3 2741/894/3 2618/885/3
f 2623/895/3 2742/710/3 2741/894/3
f 2610/714/4 833/721/4 2607/887/4
f 2609/878/4 2607/887/4 2608/706/4
f 2744/896/3 828/828/3 2602/897/3
f 2746/704/3 2605/826/3 2744/896/3
f 2598/882/3 2601/898/3 830/884/3
f 2743/899/3 2602/897/3 2601/898/3
f 2597/879/3 2743/899/3 2598/882/3
f 2745/900/3 2744/896/3 2743/899/3
f 2597/879/3 2594/901/3 2745/900/3
f 2594/901/3 2746/704/3 2745/900/3
f 2748/902/2 823/694/2 2592/693/2
f 2750/701/2 2603/854/2 2748/902/2
f 825/697/2 2747/903/2 2591/904/2
f 2591/904/2 2748/902/2 2592/693/2
f 2595/888/2 2747/903/2 2596/890/2
f 2749/905/2 2748/902/2 2747/903/2
f 2595/888/2 2600/906/2 2749/905/2
f 2600/906/2 2750/701/2 2749/905/2
f 2650/853/1 845/907/1 2639/748/1
f 2649/855/1 2639/748/1 2640/698/1
f 2612/877/1 832/707/1 2613/711/1
f 2611/880/1 2613/711/1 2614/696/1
f 2594/901/1 825/697/1 2591/904/1
f 2593/702/1 2591/904/1 2592/693/1
f 3664/908/2 245/538/2 1597/534/2
f 3664/908/2 1595/574/2 1596/539/2
f 1607/909/2 1598/910/2 229/911/2
f 1598/910/2 3664/908/2 1597/534/2
f 1608/912/2 3663/913/2 1607/909/2
f 3665/914/2 3664/908/2 3663/913/2
f 251/915/2 3665/914/2 1608/912/2
f 1619/916/2 3666/572/2 3665/914/2
f 1646/917/2 251/915/2 238/918/2
f 1645/571/2 1632/919/2 1646/917/2
f 3668/920/5 254/563/5 1633/921/5
f 3670/568/5 1637/561/5 3668/920/5
f 1635/566/5 1634/559/5 256/564/5
f 3667/922/5 1633/921/5 1634/559/5
f 1636/923/5 3667/922/5 1635/566/5
f 3669/924/5 3668/920/5 3667/922/5
f 255/569/5 3669/924/5 1636/923/5
f 1639/925/5 3670/568/5 3669/924/5
f 1636/923/5 249/926/5 255/569/5
f 1635/566/5 1642/927/5 1636/923/5
f 1625/562/4 1638/567/4 1644/522/4
f 1644/522/4 1638/567/4 253/928/4
f 240/529/4 1626/929/4 1643/930/4
f 1643/930/4 1625/562/4 1644/522/4
f 3672/931/3 254/563/3 1625/562/3
f 3674/560/3 1633/921/3 3672/931/3
f 1581/932/3 1626/929/3 239/933/3
f 3671/934/3 1625/562/3 1626/929/3
f 1582/515/3 3671/934/3 1581/932/3
f 3673/935/3 3672/931/3 3671/934/3
f 1582/515/3 1628/551/3 3673/935/3
f 3673/935/3 1627/558/3 3674/560/3
f 1630/555/6 248/936/6 1617/937/6
f 1629/938/6 1617/937/6 1618/535/6
f 3676/939/3 246/557/3 1603/940/3
f 3678/556/3 1629/938/3 3676/939/3
f 1565/941/3 1604/942/3 230/943/3
f 3675/944/3 1603/940/3 1604/942/3
f 1566/509/3 3675/944/3 1565/941/3
f 3677/945/3 3676/939/3 3675/944/3
f 226/498/3 3677/945/3 1566/509/3
f 1600/504/3 3678/556/3 3677/945/3
f 1621/541/6 1613/532/6 1615/946/6
f 1615/946/6 1613/532/6 244/947/6
f 242/573/6 1616/547/6 243/948/6
f 1622/949/6 1615/946/6 1616/547/6
f 1627/558/3 250/950/3 256/564/3
f 1628/551/3 1623/951/3 1627/558/3
f 3680/952/3 244/947/3 1601/531/3
f 3682/548/3 1615/946/3 3680/952/3
f 1623/951/3 1602/953/3 250/950/3
f 3679/954/3 1601/531/3 1602/953/3
f 1624/550/3 3679/954/3 1623/951/3
f 3681/955/3 3680/952/3 3679/954/3
f 252/956/3 3681/955/3 1624/550/3
f 1612/543/3 3682/548/3 3681/955/3
f 3684/957/3 230/943/3 1604/942/3
f 3686/545/3 1594/958/3 3684/957/3
f 1592/537/3 1603/940/3 246/557/3
f 3683/959/3 1604/942/3 1603/940/3
f 1591/960/3 3683/959/3 1592/537/3
f 3685/961/3 3684/957/3 3683/959/3
f 243/948/3 3685/961/3 1591/960/3
f 1611/546/3 3686/545/3 3685/961/3
f 3688/962/2 242/573/2 1620/963/2
f 3690/542/2 1622/949/2 3688/962/2
f 1632/919/2 1619/916/2 251/915/2
f 3687/964/2 1620/963/2 1619/916/2
f 1631/570/2 3687/964/2 1632/919/2
f 3689/965/2 3688/962/2 3687/964/2
f 249/926/2 3689/965/2 1631/570/2
f 1605/966/2 3690/542/2 3689/965/2
f 242/573/6 1591/960/6 1595/574/6
f 1595/574/6 1592/537/6 1596/539/6
f 3692/967/2 248/936/2 1610/968/2
f 3694/536/2 1617/937/2 3692/967/2
f 1563/969/2 1609/970/2 225/500/2
f 3691/971/2 1610/968/2 1609/970/2
f 1564/506/2 3691/971/2 1563/969/2
f 3693/972/2 3692/967/2 3691/971/2
f 229/911/2 3693/972/2 1564/506/2
f 1598/910/2 3694/536/2 3693/972/2
f 3696/973/5 241/553/5 1606/540/5
f 3698/533/5 1614/552/5 3696/973/5
f 1642/927/5 1605/966/5 249/926/5
f 3695/974/5 1606/540/5 1605/966/5
f 1641/565/5 3695/974/5 1642/927/5
f 3697/975/5 3696/973/5 3695/974/5
f 250/950/5 3697/975/5 1641/565/5
f 1602/953/5 3698/533/5 3697/975/5
f 3700/976/2 238/918/2 1588/977/2
f 3702/528/2 1579/978/2 3700/976/2
f 1575/979/2 1587/980/2 231/981/2
f 3699/982/2 1588/977/2 1587/980/2
f 1576/983/2 3699/982/2 1575/979/2
f 3701/984/2 3700/976/2 3699/982/2
f 1576/983/2 1590/526/2 3701/984/2
f 3701/984/2 1589/985/2 3702/528/2
f 1585/986/4 240/529/4 1589/985/4
f 1586/987/4 1589/985/4 1590/526/4
f 3704/988/2 255/569/2 1645/571/2
f 3706/524/2 1639/925/2 3704/988/2
f 1579/978/2 1646/917/2 238/918/2
f 3703/989/2 1645/571/2 1646/917/2
f 1580/530/2 3703/989/2 1579/978/2
f 3705/990/2 3704/988/2 3703/989/2
f 240/529/2 3705/990/2 1580/530/2
f 1643/930/2 3706/524/2 3705/990/2
f 3708/991/3 233/511/3 1572/992/3
f 3710/521/3 1569/993/3 3708/991/3
f 1557/994/3 1571/995/3 228/501/3
f 3707/996/3 1572/992/3 1571/995/3
f 1558/997/3 3707/996/3 1557/994/3
f 3709/998/3 3708/991/3 3707/996/3
f 232/999/3 3709/998/3 1558/997/3
f 1578/1000/3 3710/521/3 3709/998/3
f 3712/1001/2 235/527/2 1576/983/2
f 3714/518/2 1567/1002/2 3712/1001/2
f 1555/1003/2 1575/979/2 231/981/2
f 3711/1004/2 1576/983/2 1575/979/2
f 1556/1005/2 3711/1004/2 1555/1003/2
f 3713/1006/2 3712/1001/2 3711/1004/2
f 227/503/2 3713/1006/2 1556/1005/2
f 1574/502/2 3714/518/2 3713/1006/2
f 3716/1007/3 239/933/3 1585/986/3
f 3718/516/3 1581/932/3 3716/1007/3
f 1577/519/3 1586/987/3 236/525/3
f 3715/1008/3 1585/986/3 1586/987/3
f 1578/1000/3 3715/1008/3 1577/519/3
f 3717/1009/3 3716/1007/3 3715/1008/3
f 232/999/3 3717/1009/3 1578/1000/3
f 1583/1010/3 3718/516/3 3717/1009/3
f 1570/520/4 235/527/4 1567/1002/4
f 1569/993/4 1567/1002/4 1568/512/4
f 3720/1011/3 230/943/3 1562/1012/3
f 3722/510/3 1565/941/3 3720/1011/3
f 1558/997/3 1561/1013/3 232/999/3
f 3719/1014/3 1562/1012/3 1561/1013/3
f 1557/994/3 3719/1014/3 1558/997/3
f 3721/1015/3 3720/1011/3 3719/1014/3
f 1557/994/3 1554/1016/3 3721/1015/3
f 1554/1016/3 3722/510/3 3721/1015/3
f 3724/1017/2 225/500/2 1552/499/2
f 3726/507/2 1563/969/2 3724/1017/2
f 227/503/2 3723/1018/2 1551/1019/2
f 1551/1019/2 3724/1017/2 1552/499/2
f 1555/1003/2 3723/1018/2 1556/1005/2
f 3725/1020/2 3724/1017/2 3723/1018/2
f 1555/1003/2 1560/1021/2 3725/1020/2
f 1560/1021/2 3726/507/2 3725/1020/2
f 1610/968/1 247/1022/1 1599/554/1
f 1609/970/1 1599/554/1 1600/504/1
f 1572/992/1 234/513/1 1573/517/1
f 1571/995/1 1573/517/1 1574/502/1
f 1554/1016/1 227/503/1 1551/1019/1
f 1553/508/1 1551/1019/1 1552/499/1
f 3728/1023/2 213/484/2 1501/463/2
f 3728/1023/2 1499/497/2 1500/1024/2
f 1511/1025/2 1502/1026/2 197/1027/2
f 1502/1026/2 3728/1023/2 1501/463/2
f 1512/1028/2 3727/1029/2 1511/1025/2
f 3729/1030/2 3728/1023/2 3727/1029/2
f 219/1031/2 3729/1030/2 1512/1028/2
f 1525/1032/2 3730/496/2 3729/1030/2
f 3732/1033/2 219/1031/2 1537/1034/2
f 3734/495/2 1540/1035/2 3732/1033/2
f 1550/1036/2 1538/1037/2 206/1038/2
f 3731/1039/2 1537/1034/2 1538/1037/2
f 1549/1040/2 3731/1039/2 1550/1036/2
f 3733/1041/2 3732/1033/2 3731/1039/2
f 223/492/2 3733/1041/2 1549/1040/2
f 1547/491/2 3734/495/2 3733/1041/2
f 1544/452/5 222/1042/5 1541/1043/5
f 1543/1044/5 1541/1043/5 1542/486/5
f 1524/1045/5 217/462/5 1548/493/5
f 1523/1046/5 1548/493/5 1547/491/5
f 1531/1047/4 221/1048/4 1546/451/4
f 1545/489/4 1531/1047/4 1546/451/4
f 3736/1049/3 222/1042/3 1531/1047/3
f 3738/487/3 1541/1043/3 3736/1049/3
f 1485/1050/3 1532/488/3 207/1051/3
f 3735/1052/3 1531/1047/3 1532/488/3
f 1486/444/3 3735/1052/3 1485/1050/3
f 3737/1053/3 3736/1049/3 3735/1052/3
f 1486/444/3 1534/1054/3 3737/1053/3
f 3737/1053/3 1533/485/3 3738/487/3
f 1536/481/6 216/1055/6 1519/1056/6
f 1535/1057/6 1519/1056/6 1520/464/6
f 3740/1058/3 214/483/3 1507/1059/3
f 3742/482/3 1535/1057/3 3740/1058/3
f 1469/1060/3 1508/1061/3 198/1062/3
f 3739/1063/3 1507/1059/3 1508/1061/3
f 1470/438/3 3739/1063/3 1469/1060/3
f 3741/1064/3 3740/1058/3 3739/1063/3
f 194/427/3 3741/1064/3 1470/438/3
f 1504/433/3 3742/482/3 3741/1064/3
f 1527/467/6 212/1065/6 1517/1066/6
f 1528/1067/6 1517/1066/6 1518/473/6
f 3744/1068/3 218/460/3 1524/1045/3
f 3746/477/3 1529/1069/3 3744/1068/3
f 1533/485/3 1523/1046/3 224/490/3
f 3743/1070/3 1524/1045/3 1523/1046/3
f 1534/1054/3 3743/1070/3 1533/485/3
f 3745/1071/3 3744/1068/3 3743/1070/3
f 1534/1054/3 1522/1072/3 3745/1071/3
f 3745/1071/3 1521/475/3 3746/477/3
f 3748/1073/3 212/1065/3 1505/1074/3
f 3750/474/3 1517/1066/3 3748/1073/3
f 1529/1069/3 1506/1075/3 218/460/3
f 3747/1076/3 1505/1074/3 1506/1075/3
f 1530/476/3 3747/1076/3 1529/1069/3
f 3749/1077/3 3748/1073/3 3747/1076/3
f 220/1078/3 3749/1077/3 1530/476/3
f 1516/469/3 3750/474/3 3749/1077/3
f 3752/1079/3 198/1062/3 1508/1061/3
f 3754/471/3 1498/1080/3 3752/1079/3
f 1496/1081/3 1507/1059/3 214/483/3
f 3751/1082/3 1508/1061/3 1507/1059/3
f 1495/1083/3 3751/1082/3 1496/1081/3
f 3753/1084/3 3752/1079/3 3751/1082/3
f 211/479/3 3753/1084/3 1495/1083/3
f 1515/472/3 3754/471/3 3753/1084/3
f 3756/1085/2 210/478/2 1526/1086/2
f 3758/468/2 1528/1067/2 3756/1085/2
f 1540/1035/2 1525/1032/2 219/1031/2
f 3755/1087/2 1526/1086/2 1525/1032/2
f 1539/494/2 3755/1087/2 1540/1035/2
f 3757/1088/2 3756/1085/2 3755/1087/2
f 217/462/2 3757/1088/2 1539/494/2
f 1509/461/2 3758/468/2 3757/1088/2
f 1496/1081/6 213/484/6 1500/1024/6
f 1495/1083/6 1500/1024/6 1499/497/6
f 211/479/6 1499/497/6 210/478/6
f 3760/1089/2 216/1055/2 1514/1090/2
f 3762/465/2 1519/1056/2 3760/1089/2
f 1467/1091/2 1513/1092/2 193/429/2
f 3759/1093/2 1514/1090/2 1513/1092/2
f 1468/435/2 3759/1093/2 1467/1091/2
f 3761/1094/2 3760/1089/2 3759/1093/2
f 197/1027/2 3761/1094/2 1468/435/2
f 1502/1026/2 3762/465/2 3761/1094/2
f 1505/1074/5 209/1095/5 1510/466/5
f 1506/1075/5 1510/466/5 1509/461/5
f 3764/1096/2 206/1038/2 1492/1097/2
f 3766/457/2 1483/1098/2 3764/1096/2
f 1479/1099/2 1491/1100/2 199/1101/2
f 3763/1102/2 1492/1097/2 1491/1100/2
f 1480/1103/2 3763/1102/2 1479/1099/2
f 3765/1104/2 3764/1096/2 3763/1102/2
f 1480/1103/2 1494/455/2 3765/1104/2
f 3765/1104/2 1493/1105/2 3766/457/2
f 1489/1106/4 208/458/4 1493/1105/4
f 1490/1107/4 1493/1105/4 1494/455/4
f 3768/1108/2 223/492/2 1549/1040/2
f 3770/453/2 1543/1044/2 3768/1108/2
f 1483/1098/2 1550/1036/2 206/1038/2
f 3767/1109/2 1549/1040/2 1550/1036/2
f 1484/459/2 3767/1109/2 1483/1098/2
f 3769/1110/2 3768/1108/2 3767/1109/2
f 208/458/2 3769/1110/2 1484/459/2
f 1545/489/2 3770/453/2 3769/1110/2
f 3772/1111/3 201/440/3 1476/1112/3
f 3774/450/3 1473/1113/3 3772/1111/3
f 1461/1114/3 1475/1115/3 196/430/3
f 3771/1116/3 1476/1112/3 1475/1115/3
f 1462/1117/3 3771/1116/3 1461/1114/3
f 3773/1118/3 3772/1111/3 3771/1116/3
f 200/1119/3 3773/1118/3 1462/1117/3
f 1482/1120/3 3774/450/3 3773/1118/3
f 3776/1121/2 203/456/2 1480/1103/2
f 3778/447/2 1471/1122/2 3776/1121/2
f 1459/1123/2 1479/1099/2 199/1101/2
f 3775/1124/2 1480/1103/2 1479/1099/2
f 1460/1125/2 3775/1124/2 1459/1123/2
f 3777/1126/2 3776/1121/2 3775/1124/2
f 195/432/2 3777/1126/2 1460/1125/2
f 1478/431/2 3778/447/2 3777/1126/2
f 3780/1127/3 207/1051/3 1489/1106/3
f 3782/445/3 1485/1050/3 3780/1127/3
f 1481/448/3 1490/1107/3 204/454/3
f 3779/1128/3 1489/1106/3 1490/1107/3
f 1482/1120/3 3779/1128/3 1481/448/3
f 3781/1129/3 3780/1127/3 3779/1128/3
f 200/1119/3 3781/1129/3 1482/1120/3
f 1487/1130/3 3782/445/3 3781/1129/3
f 1474/449/4 203/456/4 1471/1122/4
f 1473/1113/4 1471/1122/4 1472/441/4
f 3784/1131/3 198/1062/3 1466/1132/3
f 3786/439/3 1469/1060/3 3784/1131/3
f 1462/1117/3 1465/1133/3 200/1119/3
f 3783/1134/3 1466/1132/3 1465/1133/3
f 1461/1114/3 3783/1134/3 1462/1117/3
f 3785/1135/3 3784/1131/3 3783/1134/3
f 1461/1114/3 1458/1136/3 3785/1135/3
f 1458/1136/3 3786/439/3 3785/1135/3
f 3788/1137/2 193/429/2 1456/428/2
f 3790/436/2 1467/1091/2 3788/1137/2
f 195/432/2 3787/1138/2 1455/1139/2
f 1455/1139/2 3788/1137/2 1456/428/2
f 1459/1123/2 3787/1138/2 1460/1125/2
f 3789/1140/2 3788/1137/2 3787/1138/2
f 1459/1123/2 1464/1141/2 3789/1140/2
f 1464/1141/2 3790/436/2 3789/1140/2
f 1514/1090/1 215/1142/1 1503/480/1
f 1513/1092/1 1503/480/1 1504/433/1
f 1476/1112/1 202/442/1 1477/446/1
f 1475/1115/1 1477/446/1 1478/431/1
f 1458/1136/1 195/432/1 1455/1139/1
f 1457/437/1 1455/1139/1 1456/428/1
f 3792/1143/2 181/413/2 1405/392/2
f 3792/1143/2 1403/426/2 1404/1144/2
f 1415/1145/2 1406/1146/2 165/1147/2
f 1406/1146/2 3792/1143/2 1405/392/2
f 1416/1148/2 3791/1149/2 1415/1145/2
f 3793/1150/2 3792/1143/2 3791/1149/2
f 187/1151/2 3793/1150/2 1416/1148/2
f 1429/1152/2 3794/425/2 3793/1150/2
f 3796/1153/2 187/1151/2 1441/1154/2
f 3798/424/2 1444/1155/2 3796/1153/2
f 1454/1156/2 1442/1157/2 174/1158/2
f 3795/1159/2 1441/1154/2 1442/1157/2
f 1453/1160/2 3795/1159/2 1454/1156/2
f 3797/1161/2 3796/1153/2 3795/1159/2
f 191/421/2 3797/1161/2 1453/1160/2
f 1451/420/2 3798/424/2 3797/1161/2
f 1448/381/5 190/1162/5 1445/1163/5
f 1447/1164/5 1445/1163/5 1446/415/5
f 1428/1165/5 185/391/5 1452/422/5
f 1427/1166/5 1452/422/5 1451/420/5
f 1435/1167/4 189/1168/4 1450/380/4
f 1449/418/4 1435/1167/4 1450/380/4
f 3800/1169/3 190/1162/3 1435/1167/3
f 3802/416/3 1445/1163/3 3800/1169/3
f 1389/1170/3 1436/417/3 175/1171/3
f 3799/1172/3 1435/1167/3 1436/417/3
f 1390/373/3 3799/1172/3 1389/1170/3
f 3801/1173/3 3800/1169/3 3799/1172/3
f 1390/373/3 1438/1174/3 3801/1173/3
f 3801/1173/3 1437/414/3 3802/416/3
f 1440/410/6 184/1175/6 1423/1176/6
f 1439/1177/6 1423/1176/6 1424/393/6
f 3804/1178/3 182/412/3 1411/1179/3
f 3806/411/3 1439/1177/3 3804/1178/3
f 1373/1180/3 1412/1181/3 166/1182/3
f 3803/1183/3 1411/1179/3 1412/1181/3
f 1374/367/3 3803/1183/3 1373/1180/3
f 3805/1184/3 3804/1178/3 3803/1183/3
f 162/356/3 3805/1184/3 1374/367/3
f 1408/362/3 3806/411/3 3805/1184/3
f 1431/396/6 180/1185/6 1421/1186/6
f 1432/1187/6 1421/1186/6 1422/402/6
f 3808/1188/3 186/389/3 1428/1165/3
f 3810/406/3 1433/1189/3 3808/1188/3
f 1437/414/3 1427/1166/3 192/419/3
f 3807/1190/3 1428/1165/3 1427/1166/3
f 1438/1174/3 3807/1190/3 1437/414/3
f 3809/1191/3 3808/1188/3 3807/1190/3
f 1438/1174/3 1426/1192/3 3809/1191/3
f 3809/1191/3 1425/404/3 3810/406/3
f 3812/1193/3 180/1185/3 1409/1194/3
f 3814/403/3 1421/1186/3 3812/1193/3
f 1433/1189/3 1410/1195/3 186/389/3
f 3811/1196/3 1409/1194/3 1410/1195/3
f 1434/405/3 3811/1196/3 1433/1189/3
f 3813/1197/3 3812/1193/3 3811/1196/3
f 188/1198/3 3813/1197/3 1434/405/3
f 1420/398/3 3814/403/3 3813/1197/3
f 3816/1199/3 166/1182/3 1412/1181/3
f 3818/400/3 1402/1200/3 3816/1199/3
f 1400/1201/3 1411/1179/3 182/412/3
f 3815/1202/3 1412/1181/3 1411/1179/3
f 1399/1203/3 3815/1202/3 1400/1201/3
f 3817/1204/3 3816/1199/3 3815/1202/3
f 179/408/3 3817/1204/3 1399/1203/3
f 1419/401/3 3818/400/3 3817/1204/3
f 3820/1205/2 178/407/2 1430/1206/2
f 3822/397/2 1432/1187/2 3820/1205/2
f 1444/1155/2 1429/1152/2 187/1151/2
f 3819/1207/2 1430/1206/2 1429/1152/2
f 1443/423/2 3819/1207/2 1444/1155/2
f 3821/1208/2 3820/1205/2 3819/1207/2
f 185/391/2 3821/1208/2 1443/423/2
f 1413/390/2 3822/397/2 3821/1208/2
f 1400/1201/6 181/413/6 1404/1144/6
f 1399/1203/6 1404/1144/6 1403/426/6
f 179/408/6 1403/426/6 178/407/6
f 3824/1209/2 184/1175/2 1418/1210/2
f 3826/394/2 1423/1176/2 3824/1209/2
f 1371/1211/2 1417/1212/2 161/358/2
f 3823/1213/2 1418/1210/2 1417/1212/2
f 1372/364/2 3823/1213/2 1371/1211/2
f 3825/1214/2 3824/1209/2 3823/1213/2
f 165/1147/2 3825/1214/2 1372/364/2
f 1406/1146/2 3826/394/2 3825/1214/2
f 1409/1194/5 177/1215/5 1414/395/5
f 1410/1195/5 1414/395/5 1413/390/5
f 3828/1216/2 174/1158/2 1396/1217/2
f 3830/386/2 1387/1218/2 3828/1216/2
f 1383/1219/2 1395/1220/2 167/1221/2
f 3827/1222/2 1396/1217/2 1395/1220/2
f 1384/1223/2 3827/1222/2 1383/1219/2
f 3829/1224/2 3828/1216/2 3827/1222/2
f 1384/1223/2 1398/384/2 3829/1224/2
f 3829/1224/2 1397/1225/2 3830/386/2
f 1393/1226/4 176/387/4 1397/1225/4
f 1394/1227/4 1397/1225/4 1398/384/4
f 3832/1228/2 191/421/2 1453/1160/2
f 3834/382/2 1447/1164/2 3832/1228/2
f 1387/1218/2 1454/1156/2 174/1158/2
f 3831/1229/2 1453/1160/2 1454/1156/2
f 1388/388/2 3831/1229/2 1387/1218/2
f 3833/1230/2 3832/1228/2 3831/1229/2
f 176/387/2 3833/1230/2 1388/388/2
f 1449/418/2 3834/382/2 3833/1230/2
f 3836/1231/3 169/369/3 1380/1232/3
f 3838/379/3 1377/1233/3 3836/1231/3
f 1365/1234/3 1379/1235/3 164/359/3
f 3835/1236/3 1380/1232/3 1379/1235/3
f 1366/1237/3 3835/1236/3 1365/1234/3
f 3837/1238/3 3836/1231/3 3835/1236/3
f 168/1239/3 3837/1238/3 1366/1237/3
f 1386/1240/3 3838/379/3 3837/1238/3
f 3840/1241/2 171/385/2 1384/1223/2
f 3842/376/2 1375/1242/2 3840/1241/2
f 1363/1243/2 1383/1219/2 167/1221/2
f 3839/1244/2 1384/1223/2 1383/1219/2
f 1364/1245/2 3839/1244/2 1363/1243/2
f 3841/1246/2 3840/1241/2 3839/1244/2
f 163/361/2 3841/1246/2 1364/1245/2
f 1382/360/2 3842/376/2 3841/1246/2
f 3844/1247/3 175/1171/3 1393/1226/3
f 3846/374/3 1389/1170/3 3844/1247/3
f 1385/377/3 1394/1227/3 172/383/3
f 3843/1248/3 1393/1226/3 1394/1227/3
f 1386/1240/3 3843/1248/3 1385/377/3
f 3845/1249/3 3844/1247/3 3843/1248/3
f 168/1239/3 3845/1249/3 1386/1240/3
f 1391/1250/3 3846/374/3 3845/1249/3
f 1378/378/4 171/385/4 1375/1242/4
f 1377/1233/4 1375/1242/4 1376/370/4
f 3848/1251/3 166/1182/3 1370/1252/3
f 3850/368/3 1373/1180/3 3848/1251/3
f 1366/1237/3 1369/1253/3 168/1239/3
f 3847/1254/3 1370/1252/3 1369/1253/3
f 1365/1234/3 3847/1254/3 1366/1237/3
f 3849/1255/3 3848/1251/3 3847/1254/3
f 1365/1234/3 1362/1256/3 3849/1255/3
f 1362/1256/3 3850/368/3 3849/1255/3
f 3852/1257/2 161/358/2 1360/357/2
f 3854/365/2 1371/1211/2 3852/1257/2
f 163/361/2 3851/1258/2 1359/1259/2
f 1359/1259/2 3852/1257/2 1360/357/2
f 1363/1243/2 3851/1258/2 1364/1245/2
f 3853/1260/2 3852/1257/2 3851/1258/2
f 1363/1243/2 1368/1261/2 3853/1260/2
f 1368/1261/2 3854/365/2 3853/1260/2
f 1418/1210/1 183/1262/1 1407/409/1
f 1417/1212/1 1407/409/1 1408/362/1
f 1380/1232/1 170/371/1 1381/375/1
f 1379/1235/1 1381/375/1 1382/360/1
f 1362/1256/1 163/361/1 1359/1259/1
f 1361/366/1 1359/1259/1 1360/357/1
f 3856/1263/2 149/342/2 1309/321/2
f 3856/1263/2 1307/355/2 1308/1264/2
f 1319/1265/2 1310/1266/2 133/1267/2
f 1310/1266/2 3856/1263/2 1309/321/2
f 1320/1268/2 3855/1269/2 1319/1265/2
f 3857/1270/2 3856/1263/2 3855/1269/2
f 155/1271/2 3857/1270/2 1320/1268/2
f 1333/1272/2 3858/354/2 3857/1270/2
f 3860/1273/2 155/1271/2 1345/1274/2
f 3862/353/2 1348/1275/2 3860/1273/2
f 1358/1276/2 1346/1277/2 142/1278/2
f 3859/1279/2 1345/1274/2 1346/1277/2
f 1357/1280/2 3859/1279/2 1358/1276/2
f 3861/1281/2 3860/1273/2 3859/1279/2
f 159/350/2 3861/1281/2 1357/1280/2
f 1355/349/2 3862/353/2 3861/1281/2
f 1352/310/5 158/1282/5 1349/1283/5
f 1351/1284/5 1349/1283/5 1350/344/5
f 1332/1285/5 153/320/5 1356/351/5
f 1331/1286/5 1356/351/5 1355/349/5
f 1339/1287/4 157/1288/4 1354/309/4
f 1353/347/4 1339/1287/4 1354/309/4
f 3864/1289/3 158/1282/3 1339/1287/3
f 3866/345/3 1349/1283/3 3864/1289/3
f 1293/1290/3 1340/346/3 143/1291/3
f 3863/1292/3 1339/1287/3 1340/346/3
f 1294/302/3 3863/1292/3 1293/1290/3
f 3865/1293/3 3864/1289/3 3863/1292/3
f 1294/302/3 1342/1294/3 3865/1293/3
f 3865/1293/3 1341/343/3 3866/345/3
f 1344/339/6 152/1295/6 1327/1296/6
f 1343/1297/6 1327/1296/6 1328/322/6
f 3868/1298/3 150/341/3 1315/1299/3
f 3870/340/3 1343/1297/3 3868/1298/3
f 1277/1300/3 1316/1301/3 134/1302/3
f 3867/1303/3 1315/1299/3 1316/1301/3
f 1278/296/3 3867/1303/3 1277/1300/3
f 3869/1304/3 3868/1298/3 3867/1303/3
f 130/285/3 3869/1304/3 1278/296/3
f 1312/291/3 3870/340/3 3869/1304/3
f 1335/325/6 148/1305/6 1325/1306/6
f 1336/1307/6 1325/1306/6 1326/331/6
f 3872/1308/3 154/318/3 1332/1285/3
f 3874/335/3 1337/1309/3 3872/1308/3
f 1341/343/3 1331/1286/3 160/348/3
f 3871/1310/3 1332/1285/3 1331/1286/3
f 1342/1294/3 3871/1310/3 1341/343/3
f 3873/1311/3 3872/1308/3 3871/1310/3
f 1342/1294/3 1330/1312/3 3873/1311/3
f 3873/1311/3 1329/333/3 3874/335/3
f 3876/1313/3 148/1305/3 1313/1314/3
f 3878/332/3 1325/1306/3 3876/1313/3
f 1337/1309/3 1314/1315/3 154/318/3
f 3875/1316/3 1313/1314/3 1314/1315/3
f 1338/334/3 3875/1316/3 1337/1309/3
f 3877/1317/3 3876/1313/3 3875/1316/3
f 156/1318/3 3877/1317/3 1338/334/3
f 1324/327/3 3878/332/3 3877/1317/3
f 3880/1319/3 134/1302/3 1316/1301/3
f 3882/329/3 1306/1320/3 3880/1319/3
f 1304/1321/3 1315/1299/3 150/341/3
f 3879/1322/3 1316/1301/3 1315/1299/3
f 1303/1323/3 3879/1322/3 1304/1321/3
f 3881/1324/3 3880/1319/3 3879/1322/3
f 147/337/3 3881/1324/3 1303/1323/3
f 1323/330/3 3882/329/3 3881/1324/3
f 3884/1325/2 146/336/2 1334/1326/2
f 3886/326/2 1336/1307/2 3884/1325/2
f 1348/1275/2 1333/1272/2 155/1271/2
f 3883/1327/2 1334/1326/2 1333/1272/2
f 1347/352/2 3883/1327/2 1348/1275/2
f 3885/1328/2 3884/1325/2 3883/1327/2
f 153/320/2 3885/1328/2 1347/352/2
f 1317/319/2 3886/326/2 3885/1328/2
f 1304/1321/6 149/342/6 1308/1264/6
f 1303/1323/6 1308/1264/6 1307/355/6
f 147/337/6 1307/355/6 146/336/6
f 3888/1329/2 152/1295/2 1322/1330/2
f 3890/323/2 1327/1296/2 3888/1329/2
f 1275/1331/2 1321/1332/2 129/287/2
f 3887/1333/2 1322/1330/2 1321/1332/2
f 1276/293/2 3887/1333/2 1275/1331/2
f 3889/1334/2 3888/1329/2 3887/1333/2
f 133/1267/2 3889/1334/2 1276/293/2
f 1310/1266/2 3890/323/2 3889/1334/2
f 1313/1314/5 145/1335/5 1318/324/5
f 1314/1315/5 1318/324/5 1317/319/5
f 3892/1336/2 142/1278/2 1300/1337/2
f 3894/315/2 1291/1338/2 3892/1336/2
f 1287/1339/2 1299/1340/2 135/1341/2
f 3891/1342/2 1300/1337/2 1299/1340/2
f 1288/1343/2 3891/1342/2 1287/1339/2
f 3893/1344/2 3892/1336/2 3891/1342/2
f 1288/1343/2 1302/313/2 3893/1344/2
f 3893/1344/2 1301/1345/2 3894/315/2
f 1297/1346/4 144/316/4 1301/1345/4
f 1298/1347/4 1301/1345/4 1302/313/4
f 3896/1348/2 159/350/2 1357/1280/2
f 3898/311/2 1351/1284/2 3896/1348/2
f 1291/1338/2 1358/1276/2 142/1278/2
f 3895/1349/2 1357/1280/2 1358/1276/2
f 1292/317/2 3895/1349/2 1291/1338/2
f 3897/1350/2 3896/1348/2 3895/1349/2
f 144/316/2 3897/1350/2 1292/317/2
f 1353/347/2 3898/311/2 3897/1350/2
f 3900/1351/3 137/298/3 1284/1352/3
f 3902/308/3 1281/1353/3 3900/1351/3
f 1269/1354/3 1283/1355/3 132/288/3
f 3899/1356/3 1284/1352/3 1283/1355/3
f 1270/1357/3 3899/1356/3 1269/1354/3
f 3901/1358/3 3900/1351/3 3899/1356/3
f 136/1359/3 3901/1358/3 1270/1357/3
f 1290/1360/3 3902/308/3 3901/1358/3
f 3904/1361/2 139/314/2 1288/1343/2
f 3906/305/2 1279/1362/2 3904/1361/2
f 1267/1363/2 1287/1339/2 135/1341/2
f 3903/1364/2 1288/1343/2 1287/1339/2
f 1268/1365/2 3903/1364/2 1267/1363/2
f 3905/1366/2 3904/1361/2 3903/1364/2
f 131/290/2 3905/1366/2 1268/1365/2
f 1286/289/2 3906/305/2 3905/1366/2
f 3908/1367/3 143/1291/3 1297/1346/3
f 3910/303/3 1293/1290/3 3908/1367/3
f 1289/306/3 1298/1347/3 140/312/3
f 3907/1368/3 1297/1346/3 1298/1347/3
f 1290/1360/3 3907/1368/3 1289/306/3
f 3909/1369/3 3908/1367/3 3907/1368/3
f 136/1359/3 3909/1369/3 1290/1360/3
f 1295/1370/3 3910/303/3 3909/1369/3
f 1282/307/4 139/314/4 1279/1362/4
f 1281/1353/4 1279/1362/4 1280/299/4
f 3912/1371/3 134/1302/3 1274/1372/3
f 3914/297/3 1277/1300/3 3912/1371/3
f 1270/1357/3 1273/1373/3 136/1359/3
f 3911/1374/3 1274/1372/3 1273/1373/3
f 1269/1354/3 3911/1374/3 1270/1357/3
f 3913/1375/3 3912/1371/3 3911/1374/3
f 1269/1354/3 1266/1376/3 3913/1375/3
f 1266/1376/3 3914/297/3 3913/1375/3
f 3916/1377/2 129/287/2 1264/286/2
f 3918/294/2 1275/1331/2 3916/1377/2
f 131/290/2 3915/1378/2 1263/1379/2
f 1263/1379/2 3916/1377/2 1264/286/2
f 1267/1363/2 3915/1378/2 1268/1365/2
f 3917/1380/2 3916/1377/2 3915/1378/2
f 1267/1363/2 1272/1381/2 3917/1380/2
f 1272/1381/2 3918/294/2 3917/1380/2
f 1322/1330/1 151/1382/1 1311/338/1
f 1321/1332/1 1311/338/1 1312/291/1
f 1284/1352/1 138/300/1 1285/304/1
f 1283/1355/1 1285/304/1 1286/289/1
f 1266/1376/1 131/290/1 1263/1379/1
f 1265/295/1 1263/1379/1 1264/286/1
f 3920/1383/2 117/271/2 1213/250/2
f 3920/1383/2 1211/284/2 1212/1384/2
f 1223/1385/2 1214/1386/2 101/1387/2
f 1214/1386/2 3920/1383/2 1213/250/2
f 1224/1388/2 3919/1389/2 1223/1385/2
f 3921/1390/2 3920/1383/2 3919/1389/2
f 123/1391/2 3921/1390/2 1224/1388/2
f 1237/1392/2 3922/283/2 3921/1390/2
f 3924/1393/2 123/1391/2 1249/1394/2
f 3926/282/2 1252/1395/2 3924/1393/2
f 1262/1396/2 1250/1397/2 110/1398/2
f 3923/1399/2 1249/1394/2 1250/1397/2
f 1261/1400/2 3923/1399/2 1262/1396/2
f 3925/1401/2 3924/1393/2 3923/1399/2
f 127/279/2 3925/1401/2 1261/1400/2
f 1259/278/2 3926/282/2 3925/1401/2
f 1256/239/5 126/1402/5 1253/1403/5
f 1255/1404/5 1253/1403/5 1254/273/5
f 1236/1405/5 121/249/5 1260/280/5
f 1235/1406/5 1260/280/5 1259/278/5
f 1243/1407/4 125/1408/4 1258/238/4
f 1257/276/4 1243/1407/4 1258/238/4
f 3928/1409/3 126/1402/3 1243/1407/3
f 3930/274/3 1253/1403/3 3928/1409/3
f 1197/1410/3 1244/275/3 111/1411/3
f 3927/1412/3 1243/1407/3 1244/275/3
f 1198/231/3 3927/1412/3 1197/1410/3
f 3929/1413/3 3928/1409/3 3927/1412/3
f 1198/231/3 1246/1414/3 3929/1413/3
f 3929/1413/3 1245/272/3 3930/274/3
f 1248/268/6 120/1415/6 1231/1416/6
f 1247/1417/6 1231/1416/6 1232/251/6
f 3932/1418/3 118/270/3 1219/1419/3
f 3934/269/3 1247/1417/3 3932/1418/3
f 1181/1420/3 1220/1421/3 102/1422/3
f 3931/1423/3 1219/1419/3 1220/1421/3
f 1182/225/3 3931/1423/3 1181/1420/3
f 3933/1424/3 3932/1418/3 3931/1423/3
f 98/214/3 3933/1424/3 1182/225/3
f 1216/220/3 3934/269/3 3933/1424/3
f 1239/254/6 116/1425/6 1229/1426/6
f 1240/1427/6 1229/1426/6 1230/260/6
f 3936/1428/3 122/247/3 1236/1405/3
f 3938/264/3 1241/1429/3 3936/1428/3
f 1245/272/3 1235/1406/3 128/277/3
f 3935/1430/3 1236/1405/3 1235/1406/3
f 1246/1414/3 3935/1430/3 1245/272/3
f 3937/1431/3 3936/1428/3 3935/1430/3
f 1246/1414/3 1234/1432/3 3937/1431/3
f 3937/1431/3 1233/262/3 3938/264/3
f 3940/1433/3 116/1425/3 1217/1434/3
f 3942/261/3 1229/1426/3 3940/1433/3
f 1241/1429/3 1218/1435/3 122/247/3
f 3939/1436/3 1217/1434/3 1218/1435/3
f 1242/263/3 3939/1436/3 1241/1429/3
f 3941/1437/3 3940/1433/3 3939/1436/3
f 124/1438/3 3941/1437/3 1242/263/3
f 1228/256/3 3942/261/3 3941/1437/3
f 3944/1439/3 102/1422/3 1220/1421/3
f 3946/258/3 1210/1440/3 3944/1439/3
f 1208/1441/3 1219/1419/3 118/270/3
f 3943/1442/3 1220/1421/3 1219/1419/3
f 1207/1443/3 3943/1442/3 1208/1441/3
f 3945/1444/3 3944/1439/3 3943/1442/3
f 115/266/3 3945/1444/3 1207/1443/3
f 1227/259/3 3946/258/3 3945/1444/3
f 3948/1445/2 114/265/2 1238/1446/2
f 3950/255/2 1240/1427/2 3948/1445/2
f 1252/1395/2 1237/1392/2 123/1391/2
f 3947/1447/2 1238/1446/2 1237/1392/2
f 1251/281/2 3947/1447/2 1252/1395/2
f 3949/1448/2 3948/1445/2 3947/1447/2
f 121/249/2 3949/1448/2 1251/281/2
f 1221/248/2 3950/255/2 3949/1448/2
f 1208/1441/6 117/271/6 1212/1384/6
f 1207/1443/6 1212/1384/6 1211/284/6
f 115/266/6 1211/284/6 114/265/6
f 3952/1449/2 120/1415/2 1226/1450/2
f 3954/252/2 1231/1416/2 3952/1449/2
f 1179/1451/2 1225/1452/2 97/216/2
f 3951/1453/2 1226/1450/2 1225/1452/2
f 1180/222/2 3951/1453/2 1179/1451/2
f 3953/1454/2 3952/1449/2 3951/1453/2
f 101/1387/2 3953/1454/2 1180/222/2
f 1214/1386/2 3954/252/2 3953/1454/2
f 1217/1434/5 113/1455/5 1222/253/5
f 1218/1435/5 1222/253/5 1221/248/5
f 3956/1456/2 110/1398/2 1204/1457/2
f 3958/244/2 1195/1458/2 3956/1456/2
f 1191/1459/2 1203/1460/2 103/1461/2
f 3955/1462/2 1204/1457/2 1203/1460/2
f 1192/1463/2 3955/1462/2 1191/1459/2
f 3957/1464/2 3956/1456/2 3955/1462/2
f 1192/1463/2 1206/242/2 3957/1464/2
f 3957/1464/2 1205/1465/2 3958/244/2
f 1201/1466/4 112/245/4 1205/1465/4
f 1202/1467/4 1205/1465/4 1206/242/4
f 3960/1468/2 127/279/2 1261/1400/2
f 3962/240/2 1255/1404/2 3960/1468/2
f 1195/1458/2 1262/1396/2 110/1398/2
f 3959/1469/2 1261/1400/2 1262/1396/2
f 1196/246/2 3959/1469/2 1195/1458/2
f 3961/1470/2 3960/1468/2 3959/1469/2
f 112/245/2 3961/1470/2 1196/246/2
f 1257/276/2 3962/240/2 3961/1470/2
f 3964/1471/3 105/227/3 1188/1472/3
f 3966/237/3 1185/1473/3 3964/1471/3
f 1173/1474/3 1187/1475/3 100/217/3
f 3963/1476/3 1188/1472/3 1187/1475/3
f 1174/1477/3 3963/1476/3 1173/1474/3
f 3965/1478/3 3964/1471/3 3963/1476/3
f 104/1479/3 3965/1478/3 1174/1477/3
f 1194/1480/3 3966/237/3 3965/1478/3
f 3968/1481/2 107/243/2 1192/1463/2
f 3970/234/2 1183/1482/2 3968/1481/2
f 1171/1483/2 1191/1459/2 103/1461/2
f 3967/1484/2 1192/1463/2 1191/1459/2
f 1172/1485/2 3967/1484/2 1171/1483/2
f 3969/1486/2 3968/1481/2 3967/1484/2
f 99/219/2 3969/1486/2 1172/1485/2
f 1190/218/2 3970/234/2 3969/1486/2
f 3972/1487/3 111/1411/3 1201/1466/3
f 3974/232/3 1197/1410/3 3972/1487/3
f 1193/235/3 1202/1467/3 108/241/3
f 3971/1488/3 1201/1466/3 1202/1467/3
f 1194/1480/3 3971/1488/3 1193/235/3
f 3973/1489/3 3972/1487/3 3971/1488/3
f 104/1479/3 3973/1489/3 1194/1480/3
f 1199/1490/3 3974/232/3 3973/1489/3
f 1186/236/4 107/243/4 1183/1482/4
f 1185/1473/4 1183/1482/4 1184/228/4
f 3976/1491/3 102/1422/3 1178/1492/3
f 3978/226/3 1181/1420/3 3976/1491/3
f 1174/1477/3 1177/1493/3 104/1479/3
f 3975/1494/3 1178/1492/3 1177/1493/3
f 1173/1474/3 3975/1494/3 1174/1477/3
f 3977/1495/3 3976/1491/3 3975/1494/3
f 1173/1474/3 1170/1496/3 3977/1495/3
f 1170/1496/3 3978/226/3 3977/1495/3
f 3980/1497/2 97/216/2 1168/215/2
f 3982/223/2 1179/1451/2 3980/1497/2
f 99/219/2 3979/1498/2 1167/1499/2
f 1167/1499/2 3980/1497/2 1168/215/2
f 1171/1483/2 3979/1498/2 1172/1485/2
f 3981/1500/2 3980/1497/2 3979/1498/2
f 1171/1483/2 1176/1501/2 3981/1500/2
f 1176/1501/2 3982/223/2 3981/1500/2
f 1226/1450/1 119/1502/1 1215/267/1
f 1225/1452/1 1215/267/1 1216/220/1
f 1188/1472/1 106/229/1 1189/233/1
f 1187/1475/1 1189/233/1 1190/218/1
f 1170/1496/1 99/219/1 1167/1499/1
f 1169/224/1 1167/1499/1 1168/215/1
f 3984/1503/2 85/200/2 1117/179/2
f 3984/1503/2 1115/213/2 1116/1504/2
f 1127/1505/2 1118/1506/2 69/1507/2
f 1118/1506/2 3984/1503/2 1117/179/2
f 1128/1508/2 3983/1509/2 1127/1505/2
f 3985/1510/2 3984/1503/2 3983/1509/2
f 91/1511/2 3985/1510/2 1128/1508/2
f 1141/1512/2 3986/212/2 3985/1510/2
f 3988/1513/2 91/1511/2 1153/1514/2
f 3990/211/2 1156/1515/2 3988/1513/2
f 1166/1516/2 1154/1517/2 78/1518/2
f 3987/1519/2 1153/1514/2 1154/1517/2
f 1165/1520/2 3987/1519/2 1166/1516/2
f 3989/1521/2 3988/1513/2 3987/1519/2
f 95/208/2 3989/1521/2 1165/1520/2
f 1163/207/2 3990/211/2 3989/1521/2
f 1160/168/5 94/1522/5 1157/1523/5
f 1159/1524/5 1157/1523/5 1158/202/5
f 1140/1525/5 89/178/5 1164/209/5
f 1139/1526/5 1164/209/5 1163/207/5
f 1147/1527/4 93/1528/4 1162/167/4
f 1161/205/4 1147/1527/4 1162/167/4
f 3992/1529/3 94/1522/3 1147/1527/3
f 3994/203/3 1157/1523/3 3992/1529/3
f 1101/1530/3 1148/204/3 79/1531/3
f 3991/1532/3 1147/1527/3 1148/204/3
f 1102/160/3 3991/1532/3 1101/1530/3
f 3993/1533/3 3992/1529/3 3991/1532/3
f 1102/160/3 1150/1534/3 3993/1533/3
f 3993/1533/3 1149/201/3 3994/203/3
f 1152/197/6 88/1535/6 1135/1536/6
f 1151/1537/6 1135/1536/6 1136/180/6
f 3996/1538/3 86/199/3 1123/1539/3
f 3998/198/3 1151/1537/3 3996/1538/3
f 1085/1540/3 1124/1541/3 70/1542/3
f 3995/1543/3 1123/1539/3 1124/1541/3
f 1086/154/3 3995/1543/3 1085/1540/3
f 3997/1544/3 3996/1538/3 3995/1543/3
f 66/143/3 3997/1544/3 1086/154/3
f 1120/149/3 3998/198/3 3997/1544/3
f 1143/183/6 84/1545/6 1133/1546/6
f 1144/1547/6 1133/1546/6 1134/189/6
f 4000/1548/3 90/176/3 1140/1525/3
f 4002/193/3 1145/1549/3 4000/1548/3
f 1149/201/3 1139/1526/3 96/206/3
f 3999/1550/3 1140/1525/3 1139/1526/3
f 1150/1534/3 3999/1550/3 1149/201/3
f 4001/1551/3 4000/1548/3 3999/1550/3
f 1150/1534/3 1138/1552/3 4001/1551/3
f 4001/1551/3 1137/191/3 4002/193/3
f 4004/1553/3 84/1545/3 1121/1554/3
f 4006/190/3 1133/1546/3 4004/1553/3
f 1145/1549/3 1122/1555/3 90/176/3
f 4003/1556/3 1121/1554/3 1122/1555/3
f 1146/192/3 4003/1556/3 1145/1549/3
f 4005/1557/3 4004/1553/3 4003/1556/3
f 92/1558/3 4005/1557/3 1146/192/3
f 1132/185/3 4006/190/3 4005/1557/3
f 4008/1559/3 70/1542/3 1124/1541/3
f 4010/187/3 1114/1560/3 4008/1559/3
f 1112/1561/3 1123/1539/3 86/199/3
f 4007/1562/3 1124/1541/3 1123/1539/3
f 1111/1563/3 4007/1562/3 1112/1561/3
f 4009/1564/3 4008/1559/3 4007/1562/3
f 83/195/3 4009/1564/3 1111/1563/3
f 1131/188/3 4010/187/3 4009/1564/3
f 4012/1565/2 82/194/2 1142/1566/2
f 4014/184/2 1144/1547/2 4012/1565/2
f 1156/1515/2 1141/1512/2 91/1511/2
f 4011/1567/2 1142/1566/2 1141/1512/2
f 1155/210/2 4011/1567/2 1156/1515/2
f 4013/1568/2 4012/1565/2 4011/1567/2
f 89/178/2 4013/1568/2 1155/210/2
f 1125/177/2 4014/184/2 4013/1568/2
f 1112/1561/6 85/200/6 1116/1504/6
f 1111/1563/6 1116/1504/6 1115/213/6
f 83/195/6 1115/213/6 82/194/6
f 4016/1569/2 88/1535/2 1130/1570/2
f 4018/181/2 1135/1536/2 4016/1569/2
f 1083/1571/2 1129/1572/2 65/145/2
f 4015/1573/2 1130/1570/2 1129/1572/2
f 1084/151/2 4015/1573/2 1083/1571/2
f 4017/1574/2 4016/1569/2 4015/1573/2
f 69/1507/2 4017/1574/2 1084/151/2
f 1118/1506/2 4018/181/2 4017/1574/2
f 1121/1554/5 81/1575/5 1126/182/5
f 1122/1555/5 1126/182/5 1125/177/5
f 4020/1576/2 78/1518/2 1108/1577/2
f 4022/173/2 1099/1578/2 4020/1576/2
f 1095/1579/2 1107/1580/2 71/1581/2
f 4019/1582/2 1108/1577/2 1107/1580/2
f 1096/1583/2 4019/1582/2 1095/1579/2
f 4021/1584/2 4020/1576/2 4019/1582/2
f 1096/1583/2 1110/171/2 4021/1584/2
f 4021/1584/2 1109/1585/2 4022/173/2
f 1105/1586/4 80/174/4 1109/1585/4
f 1106/1587/4 1109/1585/4 1110/171/4
f 4024/1588/2 95/208/2 1165/1520/2
f 4026/169/2 1159/1524/2 4024/1588/2
f 1099/1578/2 1166/1516/2 78/1518/2
f 4023/1589/2 1165/1520/2 1166/1516/2
f 1100/175/2 4023/1589/2 1099/1578/2
f 4025/1590/2 4024/1588/2 4023/1589/2
f 80/174/2 4025/1590/2 1100/175/2
f 1161/205/2 4026/169/2 4025/1590/2
f 4028/1591/3 73/156/3 1092/1592/3
f 4030/166/3 1089/1593/3 4028/1591/3
f 1077/1594/3 1091/1595/3 68/146/3
f 4027/1596/3 1092/1592/3 1091/1595/3
f 1078/1597/3 4027/1596/3 1077/1594/3
f 4029/1598/3 4028/1591/3 4027/1596/3
f 72/1599/3 4029/1598/3 1078/1597/3
f 1098/1600/3 4030/166/3 4029/1598/3
f 4032/1601/2 75/172/2 1096/1583/2
f 4034/163/2 1087/1602/2 4032/1601/2
f 1075/1603/2 1095/1579/2 71/1581/2
f 4031/1604/2 1096/1583/2 1095/1579/2
f 1076/1605/2 4031/1604/2 1075/1603/2
f 4033/1606/2 4032/1601/2 4031/1604/2
f 67/148/2 4033/1606/2 1076/1605/2
f 1094/147/2 4034/163/2 4033/1606/2
f 4036/1607/3 79/1531/3 1105/1586/3
f 4038/161/3 1101/1530/3 4036/1607/3
f 1097/164/3 1106/1587/3 76/170/3
f 4035/1608/3 1105/1586/3 1106/1587/3
f 1098/1600/3 4035/1608/3 1097/164/3
f 4037/1609/3 4036/1607/3 4035/1608/3
f 72/1599/3 4037/1609/3 1098/1600/3
f 1103/1610/3 4038/161/3 4037/1609/3
f 1090/165/4 75/172/4 1087/1602/4
f 1089/1593/4 1087/1602/4 1088/157/4
f 4040/1611/3 70/1542/3 1082/1612/3
f 4042/155/3 1085/1540/3 4040/1611/3
f 1078/1597/3 1081/1613/3 72/1599/3
f 4039/1614/3 1082/1612/3 1081/1613/3
f 1077/1594/3 4039/1614/3 1078/1597/3
f 4041/1615/3 4040/1611/3 4039/1614/3
f 1077/1594/3 1074/1616/3 4041/1615/3
f 1074/1616/3 4042/155/3 4041/1615/3
f 4044/1617/2 65/145/2 1072/144/2
f 4046/152/2 1083/1571/2 4044/1617/2
f 67/148/2 4043/1618/2 1071/1619/2
f 1071/1619/2 4044/1617/2 1072/144/2
f 1075/1603/2 4043/1618/2 1076/1605/2
f 4045/1620/2 4044/1617/2 4043/1618/2
f 1075/1603/2 1080/1621/2 4045/1620/2
f 1080/1621/2 4046/152/2 4045/1620/2
f 1130/1570/1 87/1622/1 1119/196/1
f 1129/1572/1 1119/196/1 1120/149/1
f 1092/1592/1 74/158/1 1093/162/1
f 1091/1595/1 1093/162/1 1094/147/1
f 1074/1616/1 67/148/1 1071/1619/1
f 1073/153/1 1071/1619/1 1072/144/1
f 4048/1623/2 53/129/2 1021/108/2
f 4048/1623/2 1019/142/2 1020/1624/2
f 1031/1625/2 1022/1626/2 37/1627/2
f 1022/1626/2 4048/1623/2 1021/108/2
f 1032/1628/2 4047/1629/2 1031/1625/2
f 4049/1630/2 4048/1623/2 4047/1629/2
f 59/1631/2 4049/1630/2 1032/1628/2
f 1045/1632/2 4050/141/2 4049/1630/2
f 4052/1633/2 59/1631/2 1057/1634/2
f 4054/140/2 1060/1635/2 4052/1633/2
f 1070/1636/2 1058/1637/2 46/1638/2
f 4051/1639/2 1057/1634/2 1058/1637/2
f 1069/1640/2 4051/1639/2 1070/1636/2
f 4053/1641/2 4052/1633/2 4051/1639/2
f 63/137/2 4053/1641/2 1069/1640/2
f 1067/136/2 4054/140/2 4053/1641/2
f 1064/97/5 62/1642/5 1061/1643/5
f 1063/1644/5 1061/1643/5 1062/131/5
f 1044/1645/5 57/107/5 1068/138/5
f 1043/1646/5 1068/138/5 1067/136/5
f 1051/1647/4 61/1648/4 1066/96/4
f 1065/134/4 1051/1647/4 1066/96/4
f 4056/1649/3 62/1642/3 1051/1647/3
f 4058/132/3 1061/1643/3 4056/1649/3
f 1005/1650/3 1052/133/3 47/1651/3
f 4055/1652/3 1051/1647/3 1052/133/3
f 1006/89/3 4055/1652/3 1005/1650/3
f 4057/1653/3 4056/1649/3 4055/1652/3
f 1006/89/3 1054/1654/3 4057/1653/3
f 4057/1653/3 1053/130/3 4058/132/3
f 1056/126/6 56/1655/6 1039/1656/6
f 1055/1657/6 1039/1656/6 1040/109/6
f 4060/1658/3 54/128/3 1027/1659/3
f 4062/127/3 1055/1657/3 4060/1658/3
f 989/1660/3 1028/1661/3 38/1662/3
f 4059/1663/3 1027/1659/3 1028/1661/3
f 990/83/3 4059/1663/3 989/1660/3
f 4061/1664/3 4060/1658/3 4059/1663/3
f 34/72/3 4061/1664/3 990/83/3
f 1024/78/3 4062/127/3 4061/1664/3
f 1047/112/6 52/1665/6 1037/1666/6
f 1048/1667/6 1037/1666/6 1038/118/6
f 4064/1668/3 58/105/3 1044/1645/3
f 4066/122/3 1049/1669/3 4064/1668/3
f 1053/130/3 1043/1646/3 64/135/3
f 4063/1670/3 1044/1645/3 1043/1646/3
f 1054/1654/3 4063/1670/3 1053/130/3
f 4065/1671/3 4064/1668/3 4063/1670/3
f 1054/1654/3 1042/1672/3 4065/1671/3
f 4065/1671/3 1041/120/3 4066/122/3
f 4068/1673/3 52/1665/3 1025/1674/3
f 4070/119/3 1037/1666/3 4068/1673/3
f 1049/1669/3 1026/1675/3 58/105/3
f 4067/1676/3 1025/1674/3 1026/1675/3
f 1050/121/3 4067/1676/3 1049/1669/3
f 4069/1677/3 4068/1673/3 4067/1676/3
f 60/1678/3 4069/1677/3 1050/121/3
f 1036/114/3 4070/119/3 4069/1677/3
f 4072/1679/3 38/1662/3 1028/1661/3
f 4074/116/3 1018/1680/3 4072/1679/3
f 1016/1681/3 1027/1659/3 54/128/3
f 4071/1682/3 1028/1661/3 1027/1659/3
f 1015/1683/3 4071/1682/3 1016/1681/3
f 4073/1684/3 4072/1679/3 4071/1682/3
f 51/124/3 4073/1684/3 1015/1683/3
f 1035/117/3 4074/116/3 4073/1684/3
f 4076/1685/2 50/123/2 1046/1686/2
f 4078/113/2 1048/1667/2 4076/1685/2
f 1060/1635/2 1045/1632/2 59/1631/2
f 4075/1687/2 1046/1686/2 1045/1632/2
f 1059/139/2 4075/1687/2 1060/1635/2
f 4077/1688/2 4076/1685/2 4075/1687/2
f 57/107/2 4077/1688/2 1059/139/2
f 1029/106/2 4078/113/2 4077/1688/2
f 1016/1681/6 53/129/6 1020/1624/6
f 1015/1683/6 1020/1624/6 1019/142/6
f 51/124/6 1019/142/6 50/123/6
f 4080/1689/2 56/1655/2 1034/1690/2
f 4082/110/2 1039/1656/2 4080/1689/2
f 987/1691/2 1033/1692/2 33/74/2
f 4079/1693/2 1034/1690/2 1033/1692/2
f 988/80/2 4079/1693/2 987/1691/2
f 4081/1694/2 4080/1689/2 4079/1693/2
f 37/1627/2 4081/1694/2 988/80/2
f 1022/1626/2 4082/110/2 4081/1694/2
f 1025/1674/5 49/1695/5 1030/111/5
f 1026/1675/5 1030/111/5 1029/106/5
f 4084/1696/2 46/1638/2 1012/1697/2
f 4086/102/2 1003/1698/2 4084/1696/2
f 999/1699/2 1011/1700/2 39/1701/2
f 4083/1702/2 1012/1697/2 1011/1700/2
f 1000/1703/2 4083/1702/2 999/1699/2
f 4085/1704/2 4084/1696/2 4083/1702/2
f 1000/1703/2 1014/100/2 4085/1704/2
f 4085/1704/2 1013/1705/2 4086/102/2
f 1009/1706/4 48/103/4 1013/1705/4
f 1010/1707/4 1013/1705/4 1014/100/4
f 4088/1708/2 63/137/2 1069/1640/2
f 4090/98/2 1063/1644/2 4088/1708/2
f 1003/1698/2 1070/1636/2 46/1638/2
f 4087/1709/2 1069/1640/2 1070/1636/2
f 1004/104/2 4087/1709/2 1003/1698/2
f 4089/1710/2 4088/1708/2 4087/1709/2
f 48/103/2 4089/1710/2 1004/104/2
f 1065/134/2 4090/98/2 4089/1710/2
f 4092/1711/3 41/85/3 996/1712/3
f 4094/95/3 993/1713/3 4092/1711/3
f 981/1714/3 995/1715/3 36/75/3
f 4091/1716/3 996/1712/3 995/1715/3
f 982/1717/3 4091/1716/3 981/1714/3
f 4093/1718/3 4092/1711/3 4091/1716/3
f 40/1719/3 4093/1718/3 982/1717/3
f 1002/1720/3 4094/95/3 4093/1718/3
f 4096/1721/2 43/101/2 1000/1703/2
f 4098/92/2 991/1722/2 4096/1721/2
f 979/1723/2 999/1699/2 39/1701/2
f 4095/1724/2 1000/1703/2 999/1699/2
f 980/1725/2 4095/1724/2 979/1723/2
f 4097/1726/2 4096/1721/2 4095/1724/2
f 35/77/2 4097/1726/2 980/1725/2
f 998/76/2 4098/92/2 4097/1726/2
f 4100/1727/3 47/1651/3 1009/1706/3
f 4102/90/3 1005/1650/3 4100/1727/3
f 1001/93/3 1010/1707/3 44/99/3
f 4099/1728/3 1009/1706/3 1010/1707/3
f 1002/1720/3 4099/1728/3 1001/93/3
f 4101/1729/3 4100/1727/3 4099/1728/3
f 40/1719/3 4101/1729/3 1002/1720/3
f 1007/1730/3 4102/90/3 4101/1729/3
f 994/94/4 43/101/4 991/1722/4
f 993/1713/4 991/1722/4 992/86/4
f 4104/1731/3 38/1662/3 986/1732/3
f 4106/84/3 989/1660/3 4104/1731/3
f 982/1717/3 985/1733/3 40/1719/3
f 4103/1734/3 986/1732/3 985/1733/3
f 981/1714/3 4103/1734/3 982/1717/3
f 4105/1735/3 4104/1731/3 4103/1734/3
f 981/1714/3 978/1736/3 4105/1735/3
f 978/1736/3 4106/84/3 4105/1735/3
f 4108/1737/2 33/74/2 976/73/2
f 4110/81/2 987/1691/2 4108/1737/2
f 35/77/2 4107/1738/2 975/1739/2
f 975/1739/2 4108/1737/2 976/73/2
f 979/1723/2 4107/1738/2 980/1725/2
f 4109/1740/2 4108/1737/2 4107/1738/2
f 979/1723/2 984/1741/2 4109/1740/2
f 984/1741/2 4110/81/2 4109/1740/2
f 1034/1690/1 55/1742/1 1023/125/1
f 1033/1692/1 1023/125/1 1024/78/1
f 996/1712/1 42/87/1 997/91/1
f 995/1715/1 997/91/1 998/76/1
f 978/1736/1 35/77/1 975/1739/1
f 977/82/1 975/1739/1 976/73/1
f 4112/1743/2 21/58/2 925/37/2
f 4112/1743/2 923/71/2 924/1744/2
f 935/1745/2 926/1746/2 5/1747/2
f 926/1746/2 4112/1743/2 925/37/2
f 936/1748/2 4111/1749/2 935/1745/2
f 4113/1750/2 4112/1743/2 4111/1749/2
f 27/1751/2 4113/1750/2 936/1748/2
f 949/1752/2 4114/70/2 4113/1750/2
f 4116/1753/2 27/1751/2 961/1754/2
f 4118/69/2 964/1755/2 4116/1753/2
f 974/1756/2 962/1757/2 14/1758/2
f 4115/1759/2 961/1754/2 962/1757/2
f 973/1760/2 4115/1759/2 974/1756/2
f 4117/1761/2 4116/1753/2 4115/1759/2
f 31/66/2 4117/1761/2 973/1760/2
f 971/65/2 4118/69/2 4117/1761/2
f 968/26/5 30/1762/5 965/1763/5
f 967/1764/5 965/1763/5 966/60/5
f 948/1765/5 25/36/5 972/67/5
f 947/1766/5 972/67/5 971/65/5
f 955/1767/4 29/1768/4 970/25/4
f 969/63/4 955/1767/4 970/25/4
f 4120/1769/3 30/1762/3 955/1767/3
f 4122/61/3 965/1763/3 4120/1769/3
f 909/1770/3 956/62/3 15/1771/3
f 4119/1772/3 955/1767/3 956/62/3
f 910/18/3 4119/1772/3 909/1770/3
f 4121/1773/3 4120/1769/3 4119/1772/3
f 910/18/3 958/1774/3 4121/1773/3
f 4121/1773/3 957/59/3 4122/61/3
f 960/55/6 24/1775/6 943/1776/6
f 959/1777/6 943/1776/6 944/38/6
f 4124/1778/3 22/57/3 931/1779/3
f 4126/56/3 959/1777/3 4124/1778/3
f 893/1780/3 932/1781/3 6/1782/3
f 4123/1783/3 931/1779/3 932/1781/3
f 894/12/3 4123/1783/3 893/1780/3
f 4125/1784/3 4124/1778/3 4123/1783/3
f 2/1/3 4125/1784/3 894/12/3
f 928/7/3 4126/56/3 4125/1784/3
f 951/41/6 20/1785/6 941/1786/6
f 952/1787/6 941/1786/6 942/47/6
f 4128/1788/3 26/34/3 948/1765/3
f 4130/51/3 953/1789/3 4128/1788/3
f 957/59/3 947/1766/3 32/64/3
f 4127/1790/3 948/1765/3 947/1766/3
f 958/1774/3 4127/1790/3 957/59/3
f 4129/1791/3 4128/1788/3 4127/1790/3
f 958/1774/3 946/1792/3 4129/1791/3
f 4129/1791/3 945/49/3 4130/51/3
f 4132/1793/3 20/1785/3 929/1794/3
f 4134/48/3 941/1786/3 4132/1793/3
f 953/1789/3 930/1795/3 26/34/3
f 4131/1796/3 929/1794/3 930/1795/3
f 954/50/3 4131/1796/3 953/1789/3
f 4133/1797/3 4132/1793/3 4131/1796/3
f 28/1798/3 4133/1797/3 954/50/3
f 940/43/3 4134/48/3 4133/1797/3
f 4136/1799/3 6/1782/3 932/1781/3
f 4138/45/3 922/1800/3 4136/1799/3
f 920/1801/3 931/1779/3 22/57/3
f 4135/1802/3 932/1781/3 931/1779/3
f 919/1803/3 4135/1802/3 920/1801/3
f 4137/1804/3 4136/1799/3 4135/1802/3
f 19/53/3 4137/1804/3 919/1803/3
f 939/46/3 4138/45/3 4137/1804/3
f 4140/1805/2 18/52/2 950/1806/2
f 4142/42/2 952/1787/2 4140/1805/2
f 964/1755/2 949/1752/2 27/1751/2
f 4139/1807/2 950/1806/2 949/1752/2
f 963/68/2 4139/1807/2 964/1755/2
f 4141/1808/2 4140/1805/2 4139/1807/2
f 25/36/2 4141/1808/2 963/68/2
f 933/35/2 4142/42/2 4141/1808/2
f 920/1801/6 21/58/6 924/1744/6
f 919/1803/6 924/1744/6 923/71/6
f 19/53/6 923/71/6 18/52/6
f 4144/1809/2 24/1775/2 938/1810/2
f 4146/39/2 943/1776/2 4144/1809/2
f 891/1811/2 937/1812/2 1/3/2
f 4143/1813/2 938/1810/2 937/1812/2
f 892/9/2 4143/1813/2 891/1811/2
f 4145/1814/2 4144/1809/2 4143/1813/2
f 5/1747/2 4145/1814/2 892/9/2
f 926/1746/2 4146/39/2 4145/1814/2
f 929/1794/5 17/1815/5 934/40/5
f 930/1795/5 934/40/5 933/35/5
f 4148/1816/2 14/1758/2 916/1817/2
f 4150/31/2 907/1818/2 4148/1816/2
f 903/1819/2 915/1820/2 7/1821/2
f 4147/1822/2 916/1817/2 915/1820/2
f 904/1823/2 4147/1822/2 903/1819/2
f 4149/1824/2 4148/1816/2 4147/1822/2
f 904/1823/2 918/29/2 4149/1824/2
f 4149/1824/2 917/1825/2 4150/31/2
f 913/1826/4 16/32/4 917/1825/4
f 914/1827/4 917/1825/4 918/29/4
f 4152/1828/2 31/66/2 973/1760/2
f 4154/27/2 967/1764/2 4152/1828/2
f 907/1818/2 974/1756/2 14/1758/2
f 4151/1829/2 973/1760/2 974/1756/2
f 908/33/2 4151/1829/2 907/1818/2
f 4153/1830/2 4152/1828/2 4151/1829/2
f 16/32/2 4153/1830/2 908/33/2
f 969/63/2 4154/27/2 4153/1830/2
f 4156/1831/3 9/14/3 900/1832/3
f 4158/24/3 897/1833/3 4156/1831/3
f 885/1834/3 899/1835/3 4/4/3
f 4155/1836/3 900/1832/3 899/1835/3
f 886/1837/3 4155/1836/3 885/1834/3
f 4157/1838/3 4156/1831/3 4155/1836/3
f 8/1839/3 4157/1838/3 886/1837/3
f 906/1840/3 4158/24/3 4157/1838/3
f 4160/1841/2 11/30/2 904/1823/2
f 4162/21/2 895/1842/2 4160/1841/2
f 883/1843/2 903/1819/2 7/1821/2
f 4159/1844/2 904/1823/2 903/1819/2
f 884/1845/2 4159/1844/2 883/1843/2
f 4161/1846/2 4160/1841/2 4159/1844/2
f 3/6/2 4161/1846/2 884/1845/2
f 902/5/2 4162/21/2 4161/1846/2
f 4164/1847/3 15/1771/3 913/1826/3
f 4166/19/3 909/1770/3 4164/1847/3
f 905/22/3 914/1827/3 12/28/3
f 4163/1848/3 913/1826/3 914/1827/3
f 906/1840/3 4163/1848/3 905/22/3
f 4165/1849/3 4164/1847/3 4163/1848/3
f 8/1839/3 4165/1849/3 906/1840/3
f 911/1850/3 4166/19/3 4165/1849/3
f 898/23/4 11/30/4 895/1842/4
f 897/1833/4 895/1842/4 896/15/4
f 4168/1851/3 6/1782/3 890/1852/3
f 4170/13/3 893/1780/3 4168/1851/3
f 886/1837/3 889/1853/3 8/1839/3
f 4167/1854/3 890/1852/3 889/1853/3
f 885/1834/3 4167/1854/3 886/1837/3
f 4169/1855/3 4168/1851/3 4167/1854/3
f 885/1834/3 882/1856/3 4169/1855/3
f 882/1856/3 4170/13/3 4169/1855/3
f 4172/1857/2 1/3/2 880/2/2
f 4174/10/2 891/1811/2 4172/1857/2
f 3/6/2 4171/1858/2 879/1859/2
f 879/1859/2 4172/1857/2 880/2/2
f 883/1843/2 4171/1858/2 884/1845/2
f 4173/1860/2 4172/1857/2 4171/1858/2
f 883/1843/2 888/1861/2 4173/1860/2
f 888/1861/2 4174/10/2 4173/1860/2
f 938/1810/1 23/1862/1 927/54/1
f 937/1812/1 927/54/1 928/7/1
f 900/1832/1 10/16/1 901/20/1
f 899/1835/1 901/20/1 902/5/1
f 882/1856/1 3/6/1 879/1859/1
f 881/11/1 879/1859/1 880/2/1
f 5048/1863/2 293/1864/2 4997/612/2
f 5050/651/2 4996/1865/2 5048/1863/2
f 5007/1866/2 4998/1867/2 277/1868/2
f 5047/1869/2 4997/612/2 4998/1867/2
f 5008/616/2 5047/1869/2 5007/1866/2
f 5049/1870/2 5048/1863/2 5047/1869/2
f 299/1871/2 5049/1870/2 5008/616/2
f 5021/1872/2 5050/651/2 5049/1870/2
f 5052/1873/2 299/1871/2 5033/645/2
f 5054/649/2 5036/1874/2 5052/1873/2
f 5046/1875/2 5034/1876/2 286/1877/2
f 5051/1878/2 5033/645/2 5034/1876/2
f 5045/1879/2 5051/1878/2 5046/1875/2
f 5053/1880/2 5052/1873/2 5051/1878/2
f 303/1881/2 5053/1880/2 5045/1879/2
f 5043/1882/2 5054/649/2 5053/1880/2
f 304/1883/5 5039/1884/5 5038/638/5
f 5038/638/5 5040/602/5 5037/646/5
f 286/1877/1 5018/1885/1 285/1886/1
f 5034/1876/1 5017/628/1 5018/1885/1
f 304/1883/5 5043/1882/5 303/1881/5
f 5019/1887/5 5044/644/5 5043/1882/5
f 287/1888/4 5041/1889/4 288/605/4
f 5028/1890/4 5042/601/4 5041/1889/4
f 5056/1891/3 302/647/3 5027/640/3
f 5058/639/3 5037/646/3 5056/1891/3
f 4981/1892/3 5028/1890/3 287/1888/3
f 5055/1893/3 5027/640/3 5028/1890/3
f 4982/594/3 5055/1893/3 4981/1892/3
f 5057/1894/3 5056/1891/3 5055/1893/3
f 285/1886/3 5057/1894/3 4982/594/3
f 5030/1895/3 5058/639/3 5057/1894/3
f 293/1864/6 5031/1896/6 5016/613/6
f 5016/613/6 5032/633/6 5015/635/6
f 5060/1897/3 294/1898/3 5003/1899/3
f 5062/634/3 5031/1896/3 5060/1897/3
f 4965/1900/3 5004/1901/3 278/1902/3
f 5059/1903/3 5003/1899/3 5004/1901/3
f 4966/588/3 5059/1903/3 4965/1900/3
f 5061/1904/3 5060/1897/3 5059/1903/3
f 274/1905/3 5061/1904/3 4966/588/3
f 5000/1906/3 5062/634/3 5061/1904/3
f 290/618/6 5014/626/6 291/1907/6
f 5024/1908/6 5013/632/6 5014/626/6
f 5064/1909/3 298/1910/3 5020/642/3
f 5066/630/3 5025/1911/3 5064/1909/3
f 5029/637/3 5019/1887/3 304/1883/3
f 5063/1912/3 5020/642/3 5019/1887/3
f 5030/1895/3 5063/1912/3 5029/637/3
f 5065/1913/3 5064/1909/3 5063/1912/3
f 285/1886/3 5065/1913/3 5030/1895/3
f 5018/1885/3 5066/630/3 5065/1913/3
f 5068/1914/3 292/631/3 5001/609/3
f 5070/627/3 5013/632/3 5068/1914/3
f 5025/1911/3 5002/1915/3 298/1910/3
f 5067/1916/3 5001/609/3 5002/1915/3
f 5026/629/3 5067/1916/3 5025/1911/3
f 5069/1917/3 5068/1914/3 5067/1916/3
f 300/615/3 5069/1917/3 5026/629/3
f 5012/623/3 5070/627/3 5069/1917/3
f 5072/1918/3 278/1902/3 5004/1901/3
f 5074/624/3 4994/1919/3 5072/1918/3
f 4992/1920/3 5003/1899/3 294/1898/3
f 5071/1921/3 5004/1901/3 5003/1899/3
f 4991/619/3 5071/1921/3 4992/1920/3
f 5073/1922/3 5072/1918/3 5071/1921/3
f 291/1907/3 5073/1922/3 4991/619/3
f 5011/625/3 5074/624/3 5073/1922/3
f 5076/1923/2 290/618/2 5022/650/2
f 5078/622/2 5024/1908/2 5076/1923/2
f 5036/1874/2 5021/1872/2 299/1871/2
f 5075/1924/2 5022/650/2 5021/1872/2
f 5035/648/2 5075/1924/2 5036/1874/2
f 5077/1925/2 5076/1923/2 5075/1924/2
f 297/643/2 5077/1925/2 5035/648/2
f 5005/1926/2 5078/622/2 5077/1925/2
f 4996/1865/6 294/1898/6 293/1864/6
f 4995/620/6 4992/1920/6 4996/1865/6
f 4994/1919/4 277/1868/4 278/1902/4
f 4993/617/4 5007/1866/4 4994/1919/4
f 5080/1927/2 296/636/2 5010/581/2
f 5082/614/2 5015/635/2 5080/1927/2
f 4963/1928/2 5009/1929/2 273/1930/2
f 5079/1931/2 5010/581/2 5009/1929/2
f 4964/585/2 5079/1931/2 4963/1928/2
f 5081/1932/2 5080/1927/2 5079/1931/2
f 277/1868/2 5081/1932/2 4964/585/2
f 4998/1867/2 5082/614/2 5081/1932/2
f 298/1910/5 5005/1926/5 297/643/5
f 5002/1915/5 5006/611/5 5005/1926/5
f 5084/1933/2 286/1877/2 4988/1934/2
f 5086/608/2 4979/1935/2 5084/1933/2
f 4975/1936/2 4987/1937/2 279/1938/2
f 5083/1939/2 4988/1934/2 4987/1937/2
f 4976/1940/2 5083/1939/2 4975/1936/2
f 5085/1941/2 5084/1933/2 5083/1939/2
f 283/592/2 5085/1941/2 4976/1940/2
f 4990/1942/2 5086/608/2 5085/1941/2
f 284/591/4 4990/1942/4 283/592/4
f 4986/1943/4 4989/606/4 4990/1942/4
f 5088/1944/2 303/1881/2 5045/1879/2
f 5090/603/2 5039/1884/2 5088/1944/2
f 4979/1935/2 5046/1875/2 286/1877/2
f 5087/1945/2 5045/1879/2 5046/1875/2
f 4980/607/2 5087/1945/2 4979/1935/2
f 5089/1946/2 5088/1944/2 5087/1945/2
f 288/605/2 5089/1946/2 4980/607/2
f 5041/1889/2 5090/603/2 5089/1946/2
f 5092/1947/3 281/579/3 4972/1948/3
f 5094/600/3 4969/1949/3 5092/1947/3
f 4957/1950/3 4971/1951/3 276/1952/3
f 5091/1953/3 4972/1948/3 4971/1951/3
f 4958/1954/3 5091/1953/3 4957/1950/3
f 5093/1955/3 5092/1947/3 5091/1953/3
f 280/1956/3 5093/1955/3 4958/1954/3
f 4978/1957/3 5094/600/3 5093/1955/3
f 5096/1958/2 283/592/2 4976/1940/2
f 5098/597/2 4967/590/2 5096/1958/2
f 4955/1959/2 4975/1936/2 279/1938/2
f 5095/1960/2 4976/1940/2 4975/1936/2
f 4956/1961/2 5095/1960/2 4955/1959/2
f 5097/1962/2 5096/1958/2 5095/1960/2
f 275/576/2 5097/1962/2 4956/1961/2
f 4974/1963/2 5098/597/2 5097/1962/2
f 5100/1964/3 287/1888/3 4985/604/3
f 5102/595/3 4981/1892/3 5100/1964/3
f 4977/598/3 4986/1943/3 284/591/3
f 5099/1965/3 4985/604/3 4986/1943/3
f 4978/1957/3 5099/1965/3 4977/598/3
f 5101/1966/3 5100/1964/3 5099/1965/3
f 280/1956/3 5101/1966/3 4978/1957/3
f 4983/1967/3 5102/595/3 5101/1966/3
f 282/580/4 4969/1949/4 4968/596/4
f 4968/596/4 4970/599/4 4967/590/4
f 5104/1968/3 278/1902/3 4962/1969/3
f 5104/1968/3 4966/588/3 4965/1900/3
f 4958/1954/3 4961/1970/3 280/1956/3
f 5103/1971/3 4962/1969/3 4961/1970/3
f 4957/1950/3 5103/1971/3 4958/1954/3
f 5103/1971/3 5106/589/3 5104/1968/3
f 276/1952/3 5105/1972/3 4957/1950/3
f 4954/575/3 5106/589/3 5105/1972/3
f 5108/1973/2 273/1930/2 4952/1974/2
f 5108/1973/2 4964/585/2 4963/1928/2
f 4956/1961/2 4951/577/2 275/576/2
f 5107/1975/2 4952/1974/2 4951/577/2
f 4955/1959/2 5107/1975/2 4956/1961/2
f 5107/1975/2 5110/586/2 5108/1973/2
f 279/1938/2 5109/1976/2 4955/1959/2
f 4960/1977/2 5110/586/2 5109/1976/2
f 273/1930/1 5000/1906/1 274/1905/1
f 5009/1929/1 4999/583/1 5000/1906/1
f 275/576/1 4971/1951/1 4974/1963/1
f 4974/1963/1 4972/1948/1 4973/578/1
f 274/1905/1 4952/1974/1 273/1930/1
f 4953/587/1 4951/577/1 4952/1974/1
f 2/1/1 881/11/1 880/2/1
f 4/4/1 899/1835/1 902/5/1
f 1/3/1 937/1812/1 928/7/1
f 887/8/2 5/1747/2 892/9/2
f 881/11/3 2/1/3 894/12/3
f 9/14/4 897/1833/4 896/15/4
f 912/17/3 13/1978/3 910/18/3
f 901/20/2 10/16/2 896/15/2
f 905/22/3 12/28/3 898/23/3
f 970/25/2 29/1768/2 968/26/2
f 12/28/4 914/1827/4 918/29/4
f 4150/31/2 917/1825/2 16/32/2
f 26/34/5 930/1795/5 933/35/5
f 925/37/2 21/58/2 944/38/2
f 934/40/2 17/1815/2 951/41/2
f 940/43/3 28/1798/3 921/44/3
f 939/46/3 19/53/3 942/47/3
f 945/49/3 28/1798/3 954/50/3
f 18/52/6 952/1787/6 942/47/6
f 927/54/3 23/1862/3 960/55/3
f 22/57/6 959/1777/6 944/38/6
f 957/59/3 32/64/3 966/60/3
f 16/32/4 15/1771/4 956/62/4
f 32/64/5 947/1766/5 971/65/5
f 31/66/5 967/1764/5 966/60/5
f 972/67/2 25/36/2 963/68/2
f 4114/70/2 950/1806/2 18/52/2
f 34/72/1 977/82/1 976/73/1
f 36/75/1 995/1715/1 998/76/1
f 33/74/1 1033/1692/1 1024/78/1
f 983/79/2 37/1627/2 988/80/2
f 977/82/3 34/72/3 990/83/3
f 41/85/4 993/1713/4 992/86/4
f 1008/88/3 45/1979/3 1006/89/3
f 997/91/2 42/87/2 992/86/2
f 1001/93/3 44/99/3 994/94/3
f 1066/96/2 61/1648/2 1064/97/2
f 44/99/4 1010/1707/4 1014/100/4
f 4086/102/2 1013/1705/2 48/103/2
f 58/105/5 1026/1675/5 1029/106/5
f 1021/108/2 53/129/2 1040/109/2
f 1030/111/2 49/1695/2 1047/112/2
f 1036/114/3 60/1678/3 1017/115/3
f 1035/117/3 51/124/3 1038/118/3
f 1041/120/3 60/1678/3 1050/121/3
f 50/123/6 1048/1667/6 1038/118/6
f 1023/125/3 55/1742/3 1056/126/3
f 54/128/6 1055/1657/6 1040/109/6
f 1053/130/3 64/135/3 1062/131/3
f 48/103/4 47/1651/4 1052/133/4
f 64/135/5 1043/1646/5 1067/136/5
f 63/137/5 1063/1644/5 1062/131/5
f 1068/138/2 57/107/2 1059/139/2
f 4050/141/2 1046/1686/2 50/123/2
f 66/143/1 1073/153/1 1072/144/1
f 68/146/1 1091/1595/1 1094/147/1
f 65/145/1 1129/1572/1 1120/149/1
f 1079/150/2 69/1507/2 1084/151/2
f 1073/153/3 66/143/3 1086/154/3
f 73/156/4 1089/1593/4 1088/157/4
f 1104/159/3 77/1980/3 1102/160/3
f 1093/162/2 74/158/2 1088/157/2
f 1097/164/3 76/170/3 1090/165/3
f 1162/167/2 93/1528/2 1160/168/2
f 76/170/4 1106/1587/4 1110/171/4
f 4022/173/2 1109/1585/2 80/174/2
f 90/176/5 1122/1555/5 1125/177/5
f 1117/179/2 85/200/2 1136/180/2
f 1126/182/2 81/1575/2 1143/183/2
f 1132/185/3 92/1558/3 1113/186/3
f 1131/188/3 83/195/3 1134/189/3
f 1137/191/3 92/1558/3 1146/192/3
f 82/194/6 1144/1547/6 1134/189/6
f 1119/196/3 87/1622/3 1152/197/3
f 86/199/6 1151/1537/6 1136/180/6
f 1149/201/3 96/206/3 1158/202/3
f 80/174/4 79/1531/4 1148/204/4
f 96/206/5 1139/1526/5 1163/207/5
f 95/208/5 1159/1524/5 1158/202/5
f 1164/209/2 89/178/2 1155/210/2
f 3986/212/2 1142/1566/2 82/194/2
f 98/214/1 1169/224/1 1168/215/1
f 100/217/1 1187/1475/1 1190/218/1
f 97/216/1 1225/1452/1 1216/220/1
f 1175/221/2 101/1387/2 1180/222/2
f 1169/224/3 98/214/3 1182/225/3
f 105/227/4 1185/1473/4 1184/228/4
f 1200/230/3 109/1981/3 1198/231/3
f 1189/233/2 106/229/2 1184/228/2
f 1193/235/3 108/241/3 1186/236/3
f 1258/238/2 125/1408/2 1256/239/2
f 108/241/4 1202/1467/4 1206/242/4
f 3958/244/2 1205/1465/2 112/245/2
f 122/247/5 1218/1435/5 1221/248/5
f 1213/250/2 117/271/2 1232/251/2
f 1222/253/2 113/1455/2 1239/254/2
f 1228/256/3 124/1438/3 1209/257/3
f 1227/259/3 115/266/3 1230/260/3
f 1233/262/3 124/1438/3 1242/263/3
f 114/265/6 1240/1427/6 1230/260/6
f 1215/267/3 119/1502/3 1248/268/3
f 118/270/6 1247/1417/6 1232/251/6
f 1245/272/3 128/277/3 1254/273/3
f 112/245/4 111/1411/4 1244/275/4
f 128/277/5 1235/1406/5 1259/278/5
f 127/279/5 1255/1404/5 1254/273/5
f 1260/280/2 121/249/2 1251/281/2
f 3922/283/2 1238/1446/2 114/265/2
f 130/285/1 1265/295/1 1264/286/1
f 132/288/1 1283/1355/1 1286/289/1
f 129/287/1 1321/1332/1 1312/291/1
f 1271/292/2 133/1267/2 1276/293/2
f 1265/295/3 130/285/3 1278/296/3
f 137/298/4 1281/1353/4 1280/299/4
f 1296/301/3 141/1982/3 1294/302/3
f 1285/304/2 138/300/2 1280/299/2
f 1289/306/3 140/312/3 1282/307/3
f 1354/309/2 157/1288/2 1352/310/2
f 140/312/4 1298/1347/4 1302/313/4
f 3894/315/2 1301/1345/2 144/316/2
f 154/318/5 1314/1315/5 1317/319/5
f 1309/321/2 149/342/2 1328/322/2
f 1318/324/2 145/1335/2 1335/325/2
f 1324/327/3 156/1318/3 1305/328/3
f 1323/330/3 147/337/3 1326/331/3
f 1329/333/3 156/1318/3 1338/334/3
f 146/336/6 1336/1307/6 1326/331/6
f 1311/338/3 151/1382/3 1344/339/3
f 150/341/6 1343/1297/6 1328/322/6
f 1341/343/3 160/348/3 1350/344/3
f 144/316/4 143/1291/4 1340/346/4
f 160/348/5 1331/1286/5 1355/349/5
f 159/350/5 1351/1284/5 1350/344/5
f 1356/351/2 153/320/2 1347/352/2
f 3858/354/2 1334/1326/2 146/336/2
f 162/356/1 1361/366/1 1360/357/1
f 164/359/1 1379/1235/1 1382/360/1
f 161/358/1 1417/1212/1 1408/362/1
f 1367/363/2 165/1147/2 1372/364/2
f 1361/366/3 162/356/3 1374/367/3
f 169/369/4 1377/1233/4 1376/370/4
f 1392/372/3 173/1983/3 1390/373/3
f 1381/375/2 170/371/2 1376/370/2
f 1385/377/3 172/383/3 1378/378/3
f 1450/380/2 189/1168/2 1448/381/2
f 172/383/4 1394/1227/4 1398/384/4
f 3830/386/2 1397/1225/2 176/387/2
f 186/389/5 1410/1195/5 1413/390/5
f 1405/392/2 181/413/2 1424/393/2
f 1414/395/2 177/1215/2 1431/396/2
f 1420/398/3 188/1198/3 1401/399/3
f 1419/401/3 179/408/3 1422/402/3
f 1425/404/3 188/1198/3 1434/405/3
f 178/407/6 1432/1187/6 1422/402/6
f 1407/409/3 183/1262/3 1440/410/3
f 182/412/6 1439/1177/6 1424/393/6
f 1437/414/3 192/419/3 1446/415/3
f 176/387/4 175/1171/4 1436/417/4
f 192/419/5 1427/1166/5 1451/420/5
f 191/421/5 1447/1164/5 1446/415/5
f 1452/422/2 185/391/2 1443/423/2
f 3794/425/2 1430/1206/2 178/407/2
f 194/427/1 1457/437/1 1456/428/1
f 196/430/1 1475/1115/1 1478/431/1
f 193/429/1 1513/1092/1 1504/433/1
f 1463/434/2 197/1027/2 1468/435/2
f 1457/437/3 194/427/3 1470/438/3
f 201/440/4 1473/1113/4 1472/441/4
f 1488/443/3 205/1984/3 1486/444/3
f 1477/446/2 202/442/2 1472/441/2
f 1481/448/3 204/454/3 1474/449/3
f 1546/451/2 221/1048/2 1544/452/2
f 204/454/4 1490/1107/4 1494/455/4
f 3766/457/2 1493/1105/2 208/458/2
f 218/460/5 1506/1075/5 1509/461/5
f 1501/463/2 213/484/2 1520/464/2
f 1510/466/2 209/1095/2 1527/467/2
f 1516/469/3 220/1078/3 1497/470/3
f 1515/472/3 211/479/3 1518/473/3
f 1521/475/3 220/1078/3 1530/476/3
f 210/478/6 1528/1067/6 1518/473/6
f 1503/480/3 215/1142/3 1536/481/3
f 214/483/6 1535/1057/6 1520/464/6
f 1533/485/3 224/490/3 1542/486/3
f 208/458/4 207/1051/4 1532/488/4
f 224/490/5 1523/1046/5 1547/491/5
f 223/492/5 1543/1044/5 1542/486/5
f 1548/493/2 217/462/2 1539/494/2
f 3730/496/2 1526/1086/2 210/478/2
f 226/498/1 1553/508/1 1552/499/1
f 228/501/1 1571/995/1 1574/502/1
f 225/500/1 1609/970/1 1600/504/1
f 1559/505/2 229/911/2 1564/506/2
f 1553/508/3 226/498/3 1566/509/3
f 233/511/4 1569/993/4 1568/512/4
f 1584/514/3 237/549/3 1582/515/3
f 1573/517/2 234/513/2 1568/512/2
f 1577/519/3 236/525/3 1570/520/3
f 1644/522/2 253/928/2 1640/523/2
f 236/525/4 1586/987/4 1590/526/4
f 3702/528/2 1589/985/2 240/529/2
f 1601/531/5 244/947/5 1613/532/5
f 1597/534/2 245/538/2 1618/535/2
f 1592/537/6 246/557/6 245/538/6
f 1606/540/2 241/553/2 1621/541/2
f 1612/543/3 252/956/3 1593/544/3
f 1611/546/3 243/948/3 1616/547/3
f 237/549/3 252/956/3 1624/550/3
f 1599/554/3 247/1022/3 1630/555/3
f 246/557/6 1629/938/6 1618/535/6
f 1627/558/3 256/564/3 1634/559/3
f 256/564/5 250/950/5 1641/565/5
f 1640/523/5 253/928/5 1638/567/5
f 255/569/2 249/926/2 1631/570/2
f 3666/572/2 1620/963/2 242/573/2
f 4954/575/1 276/1952/1 275/576/1
f 4973/578/1 4972/1948/1 281/579/1
f 5010/581/1 296/636/1 295/582/1
f 4959/584/2 277/1868/2 4964/585/2
f 4953/587/3 274/1905/3 4966/588/3
f 4967/590/4 4970/599/4 284/591/4
f 4984/593/3 285/1886/3 4982/594/3
f 4973/578/2 282/580/2 4968/596/2
f 4977/598/3 284/591/3 4970/599/3
f 5042/601/2 301/641/2 5040/602/2
f 4985/604/4 287/1888/4 288/605/4
f 4989/606/2 288/605/2 4980/607/2
f 5001/609/5 292/631/5 289/610/5
f 4997/612/2 293/1864/2 5016/613/2
f 300/615/4 299/1871/4 5008/616/4
f 290/618/6 291/1907/6 4991/619/6
f 5006/611/2 289/610/2 5023/621/2
f 5012/623/3 300/615/3 4993/617/3
f 5011/625/3 291/1907/3 5014/626/3
f 5017/628/3 300/615/3 5026/629/3
f 5023/621/6 289/610/6 292/631/6
f 4999/583/3 295/582/3 5032/633/3
f 5015/635/6 5032/633/6 295/582/6
f 5029/637/3 304/1883/3 5038/638/3
f 5027/640/4 302/647/4 301/641/4
f 5020/642/5 298/1910/5 297/643/5
f 5033/645/1 299/1871/1 300/615/1
f 5037/646/5 5040/602/5 301/641/5
f 5044/644/2 297/643/2 5035/648/2
f 5022/650/2 290/618/2 4995/620/2
f 332/652/1 334/655/1 333/653/1
f 334/655/4 338/657/4 337/656/4
f 338/657/5 336/659/5 335/658/5
f 336/659/6 332/652/6 331/654/6
f 340/660/6 342/663/6 341/661/6
f 342/663/1 346/665/1 345/664/1
f 346/665/4 344/667/4 343/666/4
f 344/667/5 340/660/5 339/662/5
f 345/664/2 343/666/2 339/662/2
f 342/663/3 340/660/3 344/667/3
f 348/668/5 350/671/5 349/669/5
f 350/671/6 354/673/6 353/672/6
f 354/673/1 352/675/1 351/674/1
f 352/675/4 348/668/4 347/670/4
f 349/669/2 353/672/2 351/674/2
f 350/671/3 348/668/3 352/675/3
f 356/676/5 358/679/5 357/677/5
f 358/679/6 362/681/6 361/680/6
f 362/681/1 360/683/1 359/682/1
f 360/683/4 356/676/4 355/678/4
f 361/680/2 359/682/2 355/678/2
f 358/679/3 356/676/3 360/683/3
f 372/684/6 374/687/6 373/685/6
f 374/687/1 378/689/1 377/688/1
f 378/689/4 376/691/4 375/690/4
f 376/691/5 372/684/5 371/686/5
f 377/688/2 375/690/2 371/686/2
f 374/687/3 372/684/3 376/691/3
f 824/692/1 2593/702/1 2592/693/1
f 826/695/1 2611/880/1 2614/696/1
f 823/694/1 2649/855/1 2640/698/1
f 2599/699/2 827/796/2 2604/700/2
f 2593/702/3 824/692/3 2606/703/3
f 831/705/4 2609/878/4 2608/706/4
f 2624/708/3 835/743/3 2622/709/3
f 2613/711/2 832/707/2 2608/706/2
f 2617/713/3 834/719/3 2610/714/3
f 2684/716/2 851/813/2 2680/717/2
f 834/719/4 2626/872/4 2630/720/4
f 2726/722/2 2629/870/2 838/723/2
f 2641/725/5 842/832/5 2653/726/5
f 2637/728/2 843/732/2 2658/729/2
f 2632/731/6 844/751/6 843/732/6
f 2646/734/2 839/747/2 2661/735/2
f 2652/737/3 850/841/3 2633/738/3
f 2651/740/3 841/833/3 2656/741/3
f 835/743/3 850/841/3 2664/744/3
f 2639/748/3 845/907/3 2670/749/3
f 844/751/6 2669/823/6 2658/729/6
f 2667/752/3 854/758/3 2674/753/3
f 854/758/5 848/835/5 2681/759/5
f 2680/717/5 851/813/5 2678/761/5
f 853/763/2 847/811/2 2671/764/2
f 2690/766/2 2660/848/2 840/767/2
f 856/769/1 858/772/1 857/770/1
f 858/772/4 862/774/4 861/773/4
f 862/774/5 860/776/5 859/775/5
f 860/776/6 856/769/6 855/771/6
f 864/777/1 866/780/1 865/778/1
f 866/780/4 870/782/4 869/781/4
f 870/782/5 868/784/5 867/783/5
f 868/784/6 864/777/6 863/779/6
f 872/785/1 874/788/1 873/786/1
f 874/788/4 878/790/4 877/789/4
f 878/790/5 876/792/5 875/791/5
f 876/792/6 872/785/6 871/787/6
f 2688/793/2 2636/733/2 843/732/2
f 2688/793/2 2690/766/2 2635/768/2
f 2647/794/2 2687/798/2 2638/795/2
f 2638/795/2 2687/798/2 2688/793/2
f 2648/797/2 2689/799/2 2687/798/2
f 2689/799/2 2690/766/2 2688/793/2
f 849/800/2 2659/801/2 2689/799/2
f 2659/801/2 2660/848/2 2690/766/2
f 2686/802/2 2672/804/2 849/800/2
f 2685/765/2 2671/764/2 2672/804/2
f 2692/805/5 2677/755/5 852/757/5
f 2694/762/5 2678/761/5 2677/755/5
f 2675/760/5 2691/807/5 2674/753/5
f 2691/807/5 2692/805/5 2673/806/5
f 2676/808/5 2693/809/5 2691/807/5
f 2693/809/5 2694/762/5 2692/805/5
f 853/763/5 2679/810/5 2693/809/5
f 2679/810/5 2680/717/5 2694/762/5
f 2676/808/5 2682/812/5 847/811/5
f 2675/760/5 2681/759/5 2682/812/5
f 2665/756/4 2677/755/4 2678/761/4
f 838/723/4 837/818/4 2666/814/4
f 2683/815/4 2666/814/4 2665/756/4
f 2696/816/3 2673/806/3 852/757/3
f 2698/754/3 2674/753/3 2673/806/3
f 2621/817/3 2695/819/3 2666/814/3
f 2695/819/3 2696/816/3 2665/756/3
f 2622/709/3 2697/820/3 2695/819/3
f 2697/820/3 2698/754/3 2696/816/3
f 2622/709/3 835/743/3 2668/745/3
f 2697/820/3 2668/745/3 2667/752/3
f 2670/749/6 845/907/6 846/821/6
f 2669/823/6 2670/749/6 2657/822/6
f 2700/824/3 2669/823/3 844/751/3
f 2702/750/3 2670/749/3 2669/823/3
f 2605/826/3 2699/829/3 2644/827/3
f 2699/829/3 2700/824/3 2643/825/3
f 2606/703/3 2701/830/3 2699/829/3
f 2701/830/3 2702/750/3 2700/824/3
f 824/692/3 2640/698/3 2701/830/3
f 2640/698/3 2639/748/3 2702/750/3
f 2661/735/6 2654/746/6 2653/726/6
f 840/767/6 2662/834/6 2656/741/6
f 2662/834/6 2661/735/6 2655/831/6
f 2667/752/3 2663/836/3 848/835/3
f 2668/745/3 2664/744/3 2663/836/3
f 2704/837/3 2655/831/3 842/832/3
f 2706/742/3 2656/741/3 2655/831/3
f 2663/836/3 2703/839/3 2642/838/3
f 2703/839/3 2704/837/3 2641/725/3
f 2664/744/3 2705/840/3 2703/839/3
f 2705/840/3 2706/742/3 2704/837/3
f 850/841/3 2652/737/3 2705/840/3
f 2652/737/3 2651/740/3 2706/742/3
f 2708/842/3 2634/843/3 828/828/3
f 2710/739/3 2633/738/3 2634/843/3
f 2632/731/3 2707/844/3 2643/825/3
f 2707/844/3 2708/842/3 2644/827/3
f 2631/845/3 2709/846/3 2707/844/3
f 2709/846/3 2710/739/3 2708/842/3
f 841/833/3 2651/740/3 2709/846/3
f 2651/740/3 2652/737/3 2710/739/3
f 2712/847/2 2662/834/2 840/767/2
f 2714/736/2 2661/735/2 2662/834/2
f 2672/804/2 2711/849/2 2659/801/2
f 2711/849/2 2712/847/2 2660/848/2
f 2671/764/2 2713/850/2 2711/849/2
f 2713/850/2 2714/736/2 2712/847/2
f 847/811/2 2645/851/2 2713/850/2
f 2645/851/2 2646/734/2 2714/736/2
f 840/767/6 841/833/6 2631/845/6
f 2635/768/6 2631/845/6 2632/731/6
f 2716/852/2 2657/822/2 846/821/2
f 2718/730/2 2658/729/2 2657/822/2
f 2603/854/2 2715/856/2 2649/855/2
f 2715/856/2 2716/852/2 2650/853/2
f 2604/700/2 2717/857/2 2715/856/2
f 2717/857/2 2718/730/2 2716/852/2
f 827/796/2 2638/795/2 2717/857/2
f 2638/795/2 2637/728/2 2718/730/2
f 2720/858/5 2654/746/5 839/747/5
f 2722/727/5 2653/726/5 2654/746/5
f 2682/812/5 2719/859/5 2645/851/5
f 2719/859/5 2720/858/5 2646/734/5
f 2681/759/5 2721/860/5 2719/859/5
f 2721/860/5 2722/727/5 2720/858/5
f 848/835/5 2642/838/5 2721/860/5
f 2642/838/5 2641/725/5 2722/727/5
f 2724/861/2 2619/863/2 836/803/2
f 2726/722/2 2620/724/2 2619/863/2
f 2615/864/2 2723/867/2 2627/865/2
f 2723/867/2 2724/861/2 2628/862/2
f 2616/868/2 2725/869/2 2723/867/2
f 2725/869/2 2726/722/2 2724/861/2
f 2616/868/2 833/721/2 2630/720/2
f 2725/869/2 2630/720/2 2629/870/2
f 2625/871/4 837/818/4 838/723/4
f 2626/872/4 2625/871/4 2629/870/4
f 2728/873/2 2679/810/2 853/763/2
f 2730/718/2 2680/717/2 2679/810/2
f 2619/863/2 2727/874/2 2686/802/2
f 2727/874/2 2728/873/2 2685/765/2
f 2620/724/2 2729/875/2 2727/874/2
f 2729/875/2 2730/718/2 2728/873/2
f 838/723/2 2683/815/2 2729/875/2
f 2683/815/2 2684/716/2 2730/718/2
f 2732/876/3 2609/878/3 831/705/3
f 2734/715/3 2610/714/3 2609/878/3
f 2597/879/3 2731/881/3 2611/880/3
f 2731/881/3 2732/876/3 2612/877/3
f 2598/882/3 2733/883/3 2731/881/3
f 2733/883/3 2734/715/3 2732/876/3
f 830/884/3 2618/885/3 2733/883/3
f 2618/885/3 2617/713/3 2734/715/3
f 2736/886/2 2607/887/2 833/721/2
f 2738/712/2 2608/706/2 2607/887/2
f 2595/888/2 2735/889/2 2615/864/2
f 2735/889/2 2736/886/2 2616/868/2
f 2596/890/2 2737/891/2 2735/889/2
f 2737/891/2 2738/712/2 2736/886/2
f 825/697/2 2614/696/2 2737/891/2
f 2614/696/2 2613/711/2 2738/712/2
f 2740/892/3 2621/817/3 837/818/3
f 2742/710/3 2622/709/3 2621/817/3
f 2617/713/3 2739/893/3 2626/872/3
f 2739/893/3 2740/892/3 2625/871/3
f 2618/885/3 2741/894/3 2739/893/3
f 2741/894/3 2742/710/3 2740/892/3
f 830/884/3 2623/895/3 2741/894/3
f 2623/895/3 2624/708/3 2742/710/3
f 2610/714/4 834/719/4 833/721/4
f 2609/878/4 2610/714/4 2607/887/4
f 2744/896/3 2605/826/3 828/828/3
f 2746/704/3 2606/703/3 2605/826/3
f 2598/882/3 2743/899/3 2601/898/3
f 2743/899/3 2744/896/3 2602/897/3
f 2597/879/3 2745/900/3 2743/899/3
f 2745/900/3 2746/704/3 2744/896/3
f 2597/879/3 826/695/3 2594/901/3
f 2594/901/3 2593/702/3 2746/704/3
f 2748/902/2 2603/854/2 823/694/2
f 2750/701/2 2604/700/2 2603/854/2
f 825/697/2 2596/890/2 2747/903/2
f 2591/904/2 2747/903/2 2748/902/2
f 2595/888/2 2749/905/2 2747/903/2
f 2749/905/2 2750/701/2 2748/902/2
f 2595/888/2 829/866/2 2600/906/2
f 2600/906/2 2599/699/2 2750/701/2
f 2650/853/1 846/821/1 845/907/1
f 2649/855/1 2650/853/1 2639/748/1
f 2612/877/1 831/705/1 832/707/1
f 2611/880/1 2612/877/1 2613/711/1
f 2594/901/1 826/695/1 825/697/1
f 2593/702/1 2594/901/1 2591/904/1
f 3664/908/2 1596/539/2 245/538/2
f 3664/908/2 3666/572/2 1595/574/2
f 1607/909/2 3663/913/2 1598/910/2
f 1598/910/2 3663/913/2 3664/908/2
f 1608/912/2 3665/914/2 3663/913/2
f 3665/914/2 3666/572/2 3664/908/2
f 251/915/2 1619/916/2 3665/914/2
f 1619/916/2 1620/963/2 3666/572/2
f 1646/917/2 1632/919/2 251/915/2
f 1645/571/2 1631/570/2 1632/919/2
f 3668/920/5 1637/561/5 254/563/5
f 3670/568/5 1638/567/5 1637/561/5
f 1635/566/5 3667/922/5 1634/559/5
f 3667/922/5 3668/920/5 1633/921/5
f 1636/923/5 3669/924/5 3667/922/5
f 3669/924/5 3670/568/5 3668/920/5
f 255/569/5 1639/925/5 3669/924/5
f 1639/925/5 1640/523/5 3670/568/5
f 1636/923/5 1642/927/5 249/926/5
f 1635/566/5 1641/565/5 1642/927/5
f 1625/562/4 1637/561/4 1638/567/4
f 240/529/4 239/933/4 1626/929/4
f 1643/930/4 1626/929/4 1625/562/4
f 3672/931/3 1633/921/3 254/563/3
f 3674/560/3 1634/559/3 1633/921/3
f 1581/932/3 3671/934/3 1626/929/3
f 3671/934/3 3672/931/3 1625/562/3
f 1582/515/3 3673/935/3 3671/934/3
f 3673/935/3 3674/560/3 3672/931/3
f 1582/515/3 237/549/3 1628/551/3
f 3673/935/3 1628/551/3 1627/558/3
f 1630/555/6 247/1022/6 248/936/6
f 1629/938/6 1630/555/6 1617/937/6
f 3676/939/3 1629/938/3 246/557/3
f 3678/556/3 1630/555/3 1629/938/3
f 1565/941/3 3675/944/3 1604/942/3
f 3675/944/3 3676/939/3 1603/940/3
f 1566/509/3 3677/945/3 3675/944/3
f 3677/945/3 3678/556/3 3676/939/3
f 226/498/3 1600/504/3 3677/945/3
f 1600/504/3 1599/554/3 3678/556/3
f 1621/541/6 1614/552/6 1613/532/6
f 242/573/6 1622/949/6 1616/547/6
f 1622/949/6 1621/541/6 1615/946/6
f 1627/558/3 1623/951/3 250/950/3
f 1628/551/3 1624/550/3 1623/951/3
f 3680/952/3 1615/946/3 244/947/3
f 3682/548/3 1616/547/3 1615/946/3
f 1623/951/3 3679/954/3 1602/953/3
f 3679/954/3 3680/952/3 1601/531/3
f 1624/550/3 3681/955/3 3679/954/3
f 3681/955/3 3682/548/3 3680/952/3
f 252/956/3 1612/543/3 3681/955/3
f 1612/543/3 1611/546/3 3682/548/3
f 3684/957/3 1594/958/3 230/943/3
f 3686/545/3 1593/544/3 1594/958/3
f 1592/537/3 3683/959/3 1603/940/3
f 3683/959/3 3684/957/3 1604/942/3
f 1591/960/3 3685/961/3 3683/959/3
f 3685/961/3 3686/545/3 3684/957/3
f 243/948/3 1611/546/3 3685/961/3
f 1611/546/3 1612/543/3 3686/545/3
f 3688/962/2 1622/949/2 242/573/2
f 3690/542/2 1621/541/2 1622/949/2
f 1632/919/2 3687/964/2 1619/916/2
f 3687/964/2 3688/962/2 1620/963/2
f 1631/570/2 3689/965/2 3687/964/2
f 3689/965/2 3690/542/2 3688/962/2
f 249/926/2 1605/966/2 3689/965/2
f 1605/966/2 1606/540/2 3690/542/2
f 242/573/6 243/948/6 1591/960/6
f 1595/574/6 1591/960/6 1592/537/6
f 3692/967/2 1617/937/2 248/936/2
f 3694/536/2 1618/535/2 1617/937/2
f 1563/969/2 3691/971/2 1609/970/2
f 3691/971/2 3692/967/2 1610/968/2
f 1564/506/2 3693/972/2 3691/971/2
f 3693/972/2 3694/536/2 3692/967/2
f 229/911/2 1598/910/2 3693/972/2
f 1598/910/2 1597/534/2 3694/536/2
f 3696/973/5 1614/552/5 241/553/5
f 3698/533/5 1613/532/5 1614/552/5
f 1642/927/5 3695/974/5 1605/966/5
f 3695/974/5 3696/973/5 1606/540/5
f 1641/565/5 3697/975/5 3695/974/5
f 3697/975/5 3698/533/5 3696/973/5
f 250/950/5 1602/953/5 3697/975/5
f 1602/953/5 1601/531/5 3698/533/5
f 3700/976/2 1579/978/2 238/918/2
f 3702/528/2 1580/530/2 1579/978/2
f 1575/979/2 3699/982/2 1587/980/2
f 3699/982/2 3700/976/2 1588/977/2
f 1576/983/2 3701/984/2 3699/982/2
f 3701/984/2 3702/528/2 3700/976/2
f 1576/983/2 235/527/2 1590/526/2
f 3701/984/2 1590/526/2 1589/985/2
f 1585/986/4 239/933/4 240/529/4
f 1586/987/4 1585/986/4 1589/985/4
f 3704/988/2 1639/925/2 255/569/2
f 3706/524/2 1640/523/2 1639/925/2
f 1579/978/2 3703/989/2 1646/917/2
f 3703/989/2 3704/988/2 1645/571/2
f 1580/530/2 3705/990/2 3703/989/2
f 3705/990/2 3706/524/2 3704/988/2
f 240/529/2 1643/930/2 3705/990/2
f 1643/930/2 1644/522/2 3706/524/2
f 3708/991/3 1569/993/3 233/511/3
f 3710/521/3 1570/520/3 1569/993/3
f 1557/994/3 3707/996/3 1571/995/3
f 3707/996/3 3708/991/3 1572/992/3
f 1558/997/3 3709/998/3 3707/996/3
f 3709/998/3 3710/521/3 3708/991/3
f 232/999/3 1578/1000/3 3709/998/3
f 1578/1000/3 1577/519/3 3710/521/3
f 3712/1001/2 1567/1002/2 235/527/2
f 3714/518/2 1568/512/2 1567/1002/2
f 1555/1003/2 3711/1004/2 1575/979/2
f 3711/1004/2 3712/1001/2 1576/983/2
f 1556/1005/2 3713/1006/2 3711/1004/2
f 3713/1006/2 3714/518/2 3712/1001/2
f 227/503/2 1574/502/2 3713/1006/2
f 1574/502/2 1573/517/2 3714/518/2
f 3716/1007/3 1581/932/3 239/933/3
f 3718/516/3 1582/515/3 1581/932/3
f 1577/519/3 3715/1008/3 1586/987/3
f 3715/1008/3 3716/1007/3 1585/986/3
f 1578/1000/3 3717/1009/3 3715/1008/3
f 3717/1009/3 3718/516/3 3716/1007/3
f 232/999/3 1583/1010/3 3717/1009/3
f 1583/1010/3 1584/514/3 3718/516/3
f 1570/520/4 236/525/4 235/527/4
f 1569/993/4 1570/520/4 1567/1002/4
f 3720/1011/3 1565/941/3 230/943/3
f 3722/510/3 1566/509/3 1565/941/3
f 1558/997/3 3719/1014/3 1561/1013/3
f 3719/1014/3 3720/1011/3 1562/1012/3
f 1557/994/3 3721/1015/3 3719/1014/3
f 3721/1015/3 3722/510/3 3720/1011/3
f 1557/994/3 228/501/3 1554/1016/3
f 1554/1016/3 1553/508/3 3722/510/3
f 3724/1017/2 1563/969/2 225/500/2
f 3726/507/2 1564/506/2 1563/969/2
f 227/503/2 1556/1005/2 3723/1018/2
f 1551/1019/2 3723/1018/2 3724/1017/2
f 1555/1003/2 3725/1020/2 3723/1018/2
f 3725/1020/2 3726/507/2 3724/1017/2
f 1555/1003/2 231/981/2 1560/1021/2
f 1560/1021/2 1559/505/2 3726/507/2
f 1610/968/1 248/936/1 247/1022/1
f 1609/970/1 1610/968/1 1599/554/1
f 1572/992/1 233/511/1 234/513/1
f 1571/995/1 1572/992/1 1573/517/1
f 1554/1016/1 228/501/1 227/503/1
f 1553/508/1 1554/1016/1 1551/1019/1
f 3728/1023/2 1500/1024/2 213/484/2
f 3728/1023/2 3730/496/2 1499/497/2
f 1511/1025/2 3727/1029/2 1502/1026/2
f 1502/1026/2 3727/1029/2 3728/1023/2
f 1512/1028/2 3729/1030/2 3727/1029/2
f 3729/1030/2 3730/496/2 3728/1023/2
f 219/1031/2 1525/1032/2 3729/1030/2
f 1525/1032/2 1526/1086/2 3730/496/2
f 3732/1033/2 1540/1035/2 219/1031/2
f 3734/495/2 1539/494/2 1540/1035/2
f 1550/1036/2 3731/1039/2 1538/1037/2
f 3731/1039/2 3732/1033/2 1537/1034/2
f 1549/1040/2 3733/1041/2 3731/1039/2
f 3733/1041/2 3734/495/2 3732/1033/2
f 223/492/2 1547/491/2 3733/1041/2
f 1547/491/2 1548/493/2 3734/495/2
f 1544/452/5 221/1048/5 222/1042/5
f 1543/1044/5 1544/452/5 1541/1043/5
f 1524/1045/5 218/460/5 217/462/5
f 1523/1046/5 1524/1045/5 1548/493/5
f 1531/1047/4 222/1042/4 221/1048/4
f 1545/489/4 1532/488/4 1531/1047/4
f 3736/1049/3 1541/1043/3 222/1042/3
f 3738/487/3 1542/486/3 1541/1043/3
f 1485/1050/3 3735/1052/3 1532/488/3
f 3735/1052/3 3736/1049/3 1531/1047/3
f 1486/444/3 3737/1053/3 3735/1052/3
f 3737/1053/3 3738/487/3 3736/1049/3
f 1486/444/3 205/1984/3 1534/1054/3
f 3737/1053/3 1534/1054/3 1533/485/3
f 1536/481/6 215/1142/6 216/1055/6
f 1535/1057/6 1536/481/6 1519/1056/6
f 3740/1058/3 1535/1057/3 214/483/3
f 3742/482/3 1536/481/3 1535/1057/3
f 1469/1060/3 3739/1063/3 1508/1061/3
f 3739/1063/3 3740/1058/3 1507/1059/3
f 1470/438/3 3741/1064/3 3739/1063/3
f 3741/1064/3 3742/482/3 3740/1058/3
f 194/427/3 1504/433/3 3741/1064/3
f 1504/433/3 1503/480/3 3742/482/3
f 1527/467/6 209/1095/6 212/1065/6
f 1528/1067/6 1527/467/6 1517/1066/6
f 3744/1068/3 1529/1069/3 218/460/3
f 3746/477/3 1530/476/3 1529/1069/3
f 1533/485/3 3743/1070/3 1523/1046/3
f 3743/1070/3 3744/1068/3 1524/1045/3
f 1534/1054/3 3745/1071/3 3743/1070/3
f 3745/1071/3 3746/477/3 3744/1068/3
f 1534/1054/3 205/1984/3 1522/1072/3
f 3745/1071/3 1522/1072/3 1521/475/3
f 3748/1073/3 1517/1066/3 212/1065/3
f 3750/474/3 1518/473/3 1517/1066/3
f 1529/1069/3 3747/1076/3 1506/1075/3
f 3747/1076/3 3748/1073/3 1505/1074/3
f 1530/476/3 3749/1077/3 3747/1076/3
f 3749/1077/3 3750/474/3 3748/1073/3
f 220/1078/3 1516/469/3 3749/1077/3
f 1516/469/3 1515/472/3 3750/474/3
f 3752/1079/3 1498/1080/3 198/1062/3
f 3754/471/3 1497/470/3 1498/1080/3
f 1496/1081/3 3751/1082/3 1507/1059/3
f 3751/1082/3 3752/1079/3 1508/1061/3
f 1495/1083/3 3753/1084/3 3751/1082/3
f 3753/1084/3 3754/471/3 3752/1079/3
f 211/479/3 1515/472/3 3753/1084/3
f 1515/472/3 1516/469/3 3754/471/3
f 3756/1085/2 1528/1067/2 210/478/2
f 3758/468/2 1527/467/2 1528/1067/2
f 1540/1035/2 3755/1087/2 1525/1032/2
f 3755/1087/2 3756/1085/2 1526/1086/2
f 1539/494/2 3757/1088/2 3755/1087/2
f 3757/1088/2 3758/468/2 3756/1085/2
f 217/462/2 1509/461/2 3757/1088/2
f 1509/461/2 1510/466/2 3758/468/2
f 1496/1081/6 214/483/6 213/484/6
f 1495/1083/6 1496/1081/6 1500/1024/6
f 211/479/6 1495/1083/6 1499/497/6
f 3760/1089/2 1519/1056/2 216/1055/2
f 3762/465/2 1520/464/2 1519/1056/2
f 1467/1091/2 3759/1093/2 1513/1092/2
f 3759/1093/2 3760/1089/2 1514/1090/2
f 1468/435/2 3761/1094/2 3759/1093/2
f 3761/1094/2 3762/465/2 3760/1089/2
f 197/1027/2 1502/1026/2 3761/1094/2
f 1502/1026/2 1501/463/2 3762/465/2
f 1505/1074/5 212/1065/5 209/1095/5
f 1506/1075/5 1505/1074/5 1510/466/5
f 3764/1096/2 1483/1098/2 206/1038/2
f 3766/457/2 1484/459/2 1483/1098/2
f 1479/1099/2 3763/1102/2 1491/1100/2
f 3763/1102/2 3764/1096/2 1492/1097/2
f 1480/1103/2 3765/1104/2 3763/1102/2
f 3765/1104/2 3766/457/2 3764/1096/2
f 1480/1103/2 203/456/2 1494/455/2
f 3765/1104/2 1494/455/2 1493/1105/2
f 1489/1106/4 207/1051/4 208/458/4
f 1490/1107/4 1489/1106/4 1493/1105/4
f 3768/1108/2 1543/1044/2 223/492/2
f 3770/453/2 1544/452/2 1543/1044/2
f 1483/1098/2 3767/1109/2 1550/1036/2
f 3767/1109/2 3768/1108/2 1549/1040/2
f 1484/459/2 3769/1110/2 3767/1109/2
f 3769/1110/2 3770/453/2 3768/1108/2
f 208/458/2 1545/489/2 3769/1110/2
f 1545/489/2 1546/451/2 3770/453/2
f 3772/1111/3 1473/1113/3 201/440/3
f 3774/450/3 1474/449/3 1473/1113/3
f 1461/1114/3 3771/1116/3 1475/1115/3
f 3771/1116/3 3772/1111/3 1476/1112/3
f 1462/1117/3 3773/1118/3 3771/1116/3
f 3773/1118/3 3774/450/3 3772/1111/3
f 200/1119/3 1482/1120/3 3773/1118/3
f 1482/1120/3 1481/448/3 3774/450/3
f 3776/1121/2 1471/1122/2 203/456/2
f 3778/447/2 1472/441/2 1471/1122/2
f 1459/1123/2 3775/1124/2 1479/1099/2
f 3775/1124/2 3776/1121/2 1480/1103/2
f 1460/1125/2 3777/1126/2 3775/1124/2
f 3777/1126/2 3778/447/2 3776/1121/2
f 195/432/2 1478/431/2 3777/1126/2
f 1478/431/2 1477/446/2 3778/447/2
f 3780/1127/3 1485/1050/3 207/1051/3
f 3782/445/3 1486/444/3 1485/1050/3
f 1481/448/3 3779/1128/3 1490/1107/3
f 3779/1128/3 3780/1127/3 1489/1106/3
f 1482/1120/3 3781/1129/3 3779/1128/3
f 3781/1129/3 3782/445/3 3780/1127/3
f 200/1119/3 1487/1130/3 3781/1129/3
f 1487/1130/3 1488/443/3 3782/445/3
f 1474/449/4 204/454/4 203/456/4
f 1473/1113/4 1474/449/4 1471/1122/4
f 3784/1131/3 1469/1060/3 198/1062/3
f 3786/439/3 1470/438/3 1469/1060/3
f 1462/1117/3 3783/1134/3 1465/1133/3
f 3783/1134/3 3784/1131/3 1466/1132/3
f 1461/1114/3 3785/1135/3 3783/1134/3
f 3785/1135/3 3786/439/3 3784/1131/3
f 1461/1114/3 196/430/3 1458/1136/3
f 1458/1136/3 1457/437/3 3786/439/3
f 3788/1137/2 1467/1091/2 193/429/2
f 3790/436/2 1468/435/2 1467/1091/2
f 195/432/2 1460/1125/2 3787/1138/2
f 1455/1139/2 3787/1138/2 3788/1137/2
f 1459/1123/2 3789/1140/2 3787/1138/2
f 3789/1140/2 3790/436/2 3788/1137/2
f 1459/1123/2 199/1101/2 1464/1141/2
f 1464/1141/2 1463/434/2 3790/436/2
f 1514/1090/1 216/1055/1 215/1142/1
f 1513/1092/1 1514/1090/1 1503/480/1
f 1476/1112/1 201/440/1 202/442/1
f 1475/1115/1 1476/1112/1 1477/446/1
f 1458/1136/1 196/430/1 195/432/1
f 1457/437/1 1458/1136/1 1455/1139/1
f 3792/1143/2 1404/1144/2 181/413/2
f 3792/1143/2 3794/425/2 1403/426/2
f 1415/1145/2 3791/1149/2 1406/1146/2
f 1406/1146/2 3791/1149/2 3792/1143/2
f 1416/1148/2 3793/1150/2 3791/1149/2
f 3793/1150/2 3794/425/2 3792/1143/2
f 187/1151/2 1429/1152/2 3793/1150/2
f 1429/1152/2 1430/1206/2 3794/425/2
f 3796/1153/2 1444/1155/2 187/1151/2
f 3798/424/2 1443/423/2 1444/1155/2
f 1454/1156/2 3795/1159/2 1442/1157/2
f 3795/1159/2 3796/1153/2 1441/1154/2
f 1453/1160/2 3797/1161/2 3795/1159/2
f 3797/1161/2 3798/424/2 3796/1153/2
f 191/421/2 1451/420/2 3797/1161/2
f 1451/420/2 1452/422/2 3798/424/2
f 1448/381/5 189/1168/5 190/1162/5
f 1447/1164/5 1448/381/5 1445/1163/5
f 1428/1165/5 186/389/5 185/391/5
f 1427/1166/5 1428/1165/5 1452/422/5
f 1435/1167/4 190/1162/4 189/1168/4
f 1449/418/4 1436/417/4 1435/1167/4
f 3800/1169/3 1445/1163/3 190/1162/3
f 3802/416/3 1446/415/3 1445/1163/3
f 1389/1170/3 3799/1172/3 1436/417/3
f 3799/1172/3 3800/1169/3 1435/1167/3
f 1390/373/3 3801/1173/3 3799/1172/3
f 3801/1173/3 3802/416/3 3800/1169/3
f 1390/373/3 173/1983/3 1438/1174/3
f 3801/1173/3 1438/1174/3 1437/414/3
f 1440/410/6 183/1262/6 184/1175/6
f 1439/1177/6 1440/410/6 1423/1176/6
f 3804/1178/3 1439/1177/3 182/412/3
f 3806/411/3 1440/410/3 1439/1177/3
f 1373/1180/3 3803/1183/3 1412/1181/3
f 3803/1183/3 3804/1178/3 1411/1179/3
f 1374/367/3 3805/1184/3 3803/1183/3
f 3805/1184/3 3806/411/3 3804/1178/3
f 162/356/3 1408/362/3 3805/1184/3
f 1408/362/3 1407/409/3 3806/411/3
f 1431/396/6 177/1215/6 180/1185/6
f 1432/1187/6 1431/396/6 1421/1186/6
f 3808/1188/3 1433/1189/3 186/389/3
f 3810/406/3 1434/405/3 1433/1189/3
f 1437/414/3 3807/1190/3 1427/1166/3
f 3807/1190/3 3808/1188/3 1428/1165/3
f 1438/1174/3 3809/1191/3 3807/1190/3
f 3809/1191/3 3810/406/3 3808/1188/3
f 1438/1174/3 173/1983/3 1426/1192/3
f 3809/1191/3 1426/1192/3 1425/404/3
f 3812/1193/3 1421/1186/3 180/1185/3
f 3814/403/3 1422/402/3 1421/1186/3
f 1433/1189/3 3811/1196/3 1410/1195/3
f 3811/1196/3 3812/1193/3 1409/1194/3
f 1434/405/3 3813/1197/3 3811/1196/3
f 3813/1197/3 3814/403/3 3812/1193/3
f 188/1198/3 1420/398/3 3813/1197/3
f 1420/398/3 1419/401/3 3814/403/3
f 3816/1199/3 1402/1200/3 166/1182/3
f 3818/400/3 1401/399/3 1402/1200/3
f 1400/1201/3 3815/1202/3 1411/1179/3
f 3815/1202/3 3816/1199/3 1412/1181/3
f 1399/1203/3 3817/1204/3 3815/1202/3
f 3817/1204/3 3818/400/3 3816/1199/3
f 179/408/3 1419/401/3 3817/1204/3
f 1419/401/3 1420/398/3 3818/400/3
f 3820/1205/2 1432/1187/2 178/407/2
f 3822/397/2 1431/396/2 1432/1187/2
f 1444/1155/2 3819/1207/2 1429/1152/2
f 3819/1207/2 3820/1205/2 1430/1206/2
f 1443/423/2 3821/1208/2 3819/1207/2
f 3821/1208/2 3822/397/2 3820/1205/2
f 185/391/2 1413/390/2 3821/1208/2
f 1413/390/2 1414/395/2 3822/397/2
f 1400/1201/6 182/412/6 181/413/6
f 1399/1203/6 1400/1201/6 1404/1144/6
f 179/408/6 1399/1203/6 1403/426/6
f 3824/1209/2 1423/1176/2 184/1175/2
f 3826/394/2 1424/393/2 1423/1176/2
f 1371/1211/2 3823/1213/2 1417/1212/2
f 3823/1213/2 3824/1209/2 1418/1210/2
f 1372/364/2 3825/1214/2 3823/1213/2
f 3825/1214/2 3826/394/2 3824/1209/2
f 165/1147/2 1406/1146/2 3825/1214/2
f 1406/1146/2 1405/392/2 3826/394/2
f 1409/1194/5 180/1185/5 177/1215/5
f 1410/1195/5 1409/1194/5 1414/395/5
f 3828/1216/2 1387/1218/2 174/1158/2
f 3830/386/2 1388/388/2 1387/1218/2
f 1383/1219/2 3827/1222/2 1395/1220/2
f 3827/1222/2 3828/1216/2 1396/1217/2
f 1384/1223/2 3829/1224/2 3827/1222/2
f 3829/1224/2 3830/386/2 3828/1216/2
f 1384/1223/2 171/385/2 1398/384/2
f 3829/1224/2 1398/384/2 1397/1225/2
f 1393/1226/4 175/1171/4 176/387/4
f 1394/1227/4 1393/1226/4 1397/1225/4
f 3832/1228/2 1447/1164/2 191/421/2
f 3834/382/2 1448/381/2 1447/1164/2
f 1387/1218/2 3831/1229/2 1454/1156/2
f 3831/1229/2 3832/1228/2 1453/1160/2
f 1388/388/2 3833/1230/2 3831/1229/2
f 3833/1230/2 3834/382/2 3832/1228/2
f 176/387/2 1449/418/2 3833/1230/2
f 1449/418/2 1450/380/2 3834/382/2
f 3836/1231/3 1377/1233/3 169/369/3
f 3838/379/3 1378/378/3 1377/1233/3
f 1365/1234/3 3835/1236/3 1379/1235/3
f 3835/1236/3 3836/1231/3 1380/1232/3
f 1366/1237/3 3837/1238/3 3835/1236/3
f 3837/1238/3 3838/379/3 3836/1231/3
f 168/1239/3 1386/1240/3 3837/1238/3
f 1386/1240/3 1385/377/3 3838/379/3
f 3840/1241/2 1375/1242/2 171/385/2
f 3842/376/2 1376/370/2 1375/1242/2
f 1363/1243/2 3839/1244/2 1383/1219/2
f 3839/1244/2 3840/1241/2 1384/1223/2
f 1364/1245/2 3841/1246/2 3839/1244/2
f 3841/1246/2 3842/376/2 3840/1241/2
f 163/361/2 1382/360/2 3841/1246/2
f 1382/360/2 1381/375/2 3842/376/2
f 3844/1247/3 1389/1170/3 175/1171/3
f 3846/374/3 1390/373/3 1389/1170/3
f 1385/377/3 3843/1248/3 1394/1227/3
f 3843/1248/3 3844/1247/3 1393/1226/3
f 1386/1240/3 3845/1249/3 3843/1248/3
f 3845/1249/3 3846/374/3 3844/1247/3
f 168/1239/3 1391/1250/3 3845/1249/3
f 1391/1250/3 1392/372/3 3846/374/3
f 1378/378/4 172/383/4 171/385/4
f 1377/1233/4 1378/378/4 1375/1242/4
f 3848/1251/3 1373/1180/3 166/1182/3
f 3850/368/3 1374/367/3 1373/1180/3
f 1366/1237/3 3847/1254/3 1369/1253/3
f 3847/1254/3 3848/1251/3 1370/1252/3
f 1365/1234/3 3849/1255/3 3847/1254/3
f 3849/1255/3 3850/368/3 3848/1251/3
f 1365/1234/3 164/359/3 1362/1256/3
f 1362/1256/3 1361/366/3 3850/368/3
f 3852/1257/2 1371/1211/2 161/358/2
f 3854/365/2 1372/364/2 1371/1211/2
f 163/361/2 1364/1245/2 3851/1258/2
f 1359/1259/2 3851/1258/2 3852/1257/2
f 1363/1243/2 3853/1260/2 3851/1258/2
f 3853/1260/2 3854/365/2 3852/1257/2
f 1363/1243/2 167/1221/2 1368/1261/2
f 1368/1261/2 1367/363/2 3854/365/2
f 1418/1210/1 184/1175/1 183/1262/1
f 1417/1212/1 1418/1210/1 1407/409/1
f 1380/1232/1 169/369/1 170/371/1
f 1379/1235/1 1380/1232/1 1381/375/1
f 1362/1256/1 164/359/1 163/361/1
f 1361/366/1 1362/1256/1 1359/1259/1
f 3856/1263/2 1308/1264/2 149/342/2
f 3856/1263/2 3858/354/2 1307/355/2
f 1319/1265/2 3855/1269/2 1310/1266/2
f 1310/1266/2 3855/1269/2 3856/1263/2
f 1320/1268/2 3857/1270/2 3855/1269/2
f 3857/1270/2 3858/354/2 3856/1263/2
f 155/1271/2 1333/1272/2 3857/1270/2
f 1333/1272/2 1334/1326/2 3858/354/2
f 3860/1273/2 1348/1275/2 155/1271/2
f 3862/353/2 1347/352/2 1348/1275/2
f 1358/1276/2 3859/1279/2 1346/1277/2
f 3859/1279/2 3860/1273/2 1345/1274/2
f 1357/1280/2 3861/1281/2 3859/1279/2
f 3861/1281/2 3862/353/2 3860/1273/2
f 159/350/2 1355/349/2 3861/1281/2
f 1355/349/2 1356/351/2 3862/353/2
f 1352/310/5 157/1288/5 158/1282/5
f 1351/1284/5 1352/310/5 1349/1283/5
f 1332/1285/5 154/318/5 153/320/5
f 1331/1286/5 1332/1285/5 1356/351/5
f 1339/1287/4 158/1282/4 157/1288/4
f 1353/347/4 1340/346/4 1339/1287/4
f 3864/1289/3 1349/1283/3 158/1282/3
f 3866/345/3 1350/344/3 1349/1283/3
f 1293/1290/3 3863/1292/3 1340/346/3
f 3863/1292/3 3864/1289/3 1339/1287/3
f 1294/302/3 3865/1293/3 3863/1292/3
f 3865/1293/3 3866/345/3 3864/1289/3
f 1294/302/3 141/1982/3 1342/1294/3
f 3865/1293/3 1342/1294/3 1341/343/3
f 1344/339/6 151/1382/6 152/1295/6
f 1343/1297/6 1344/339/6 1327/1296/6
f 3868/1298/3 1343/1297/3 150/341/3
f 3870/340/3 1344/339/3 1343/1297/3
f 1277/1300/3 3867/1303/3 1316/1301/3
f 3867/1303/3 3868/1298/3 1315/1299/3
f 1278/296/3 3869/1304/3 3867/1303/3
f 3869/1304/3 3870/340/3 3868/1298/3
f 130/285/3 1312/291/3 3869/1304/3
f 1312/291/3 1311/338/3 3870/340/3
f 1335/325/6 145/1335/6 148/1305/6
f 1336/1307/6 1335/325/6 1325/1306/6
f 3872/1308/3 1337/1309/3 154/318/3
f 3874/335/3 1338/334/3 1337/1309/3
f 1341/343/3 3871/1310/3 1331/1286/3
f 3871/1310/3 3872/1308/3 1332/1285/3
f 1342/1294/3 3873/1311/3 3871/1310/3
f 3873/1311/3 3874/335/3 3872/1308/3
f 1342/1294/3 141/1982/3 1330/1312/3
f 3873/1311/3 1330/1312/3 1329/333/3
f 3876/1313/3 1325/1306/3 148/1305/3
f 3878/332/3 1326/331/3 1325/1306/3
f 1337/1309/3 3875/1316/3 1314/1315/3
f 3875/1316/3 3876/1313/3 1313/1314/3
f 1338/334/3 3877/1317/3 3875/1316/3
f 3877/1317/3 3878/332/3 3876/1313/3
f 156/1318/3 1324/327/3 3877/1317/3
f 1324/327/3 1323/330/3 3878/332/3
f 3880/1319/3 1306/1320/3 134/1302/3
f 3882/329/3 1305/328/3 1306/1320/3
f 1304/1321/3 3879/1322/3 1315/1299/3
f 3879/1322/3 3880/1319/3 1316/1301/3
f 1303/1323/3 3881/1324/3 3879/1322/3
f 3881/1324/3 3882/329/3 3880/1319/3
f 147/337/3 1323/330/3 3881/1324/3
f 1323/330/3 1324/327/3 3882/329/3
f 3884/1325/2 1336/1307/2 146/336/2
f 3886/326/2 1335/325/2 1336/1307/2
f 1348/1275/2 3883/1327/2 1333/1272/2
f 3883/1327/2 3884/1325/2 1334/1326/2
f 1347/352/2 3885/1328/2 3883/1327/2
f 3885/1328/2 3886/326/2 3884/1325/2
f 153/320/2 1317/319/2 3885/1328/2
f 1317/319/2 1318/324/2 3886/326/2
f 1304/1321/6 150/341/6 149/342/6
f 1303/1323/6 1304/1321/6 1308/1264/6
f 147/337/6 1303/1323/6 1307/355/6
f 3888/1329/2 1327/1296/2 152/1295/2
f 3890/323/2 1328/322/2 1327/1296/2
f 1275/1331/2 3887/1333/2 1321/1332/2
f 3887/1333/2 3888/1329/2 1322/1330/2
f 1276/293/2 3889/1334/2 3887/1333/2
f 3889/1334/2 3890/323/2 3888/1329/2
f 133/1267/2 1310/1266/2 3889/1334/2
f 1310/1266/2 1309/321/2 3890/323/2
f 1313/1314/5 148/1305/5 145/1335/5
f 1314/1315/5 1313/1314/5 1318/324/5
f 3892/1336/2 1291/1338/2 142/1278/2
f 3894/315/2 1292/317/2 1291/1338/2
f 1287/1339/2 3891/1342/2 1299/1340/2
f 3891/1342/2 3892/1336/2 1300/1337/2
f 1288/1343/2 3893/1344/2 3891/1342/2
f 3893/1344/2 3894/315/2 3892/1336/2
f 1288/1343/2 139/314/2 1302/313/2
f 3893/1344/2 1302/313/2 1301/1345/2
f 1297/1346/4 143/1291/4 144/316/4
f 1298/1347/4 1297/1346/4 1301/1345/4
f 3896/1348/2 1351/1284/2 159/350/2
f 3898/311/2 1352/310/2 1351/1284/2
f 1291/1338/2 3895/1349/2 1358/1276/2
f 3895/1349/2 3896/1348/2 1357/1280/2
f 1292/317/2 3897/1350/2 3895/1349/2
f 3897/1350/2 3898/311/2 3896/1348/2
f 144/316/2 1353/347/2 3897/1350/2
f 1353/347/2 1354/309/2 3898/311/2
f 3900/1351/3 1281/1353/3 137/298/3
f 3902/308/3 1282/307/3 1281/1353/3
f 1269/1354/3 3899/1356/3 1283/1355/3
f 3899/1356/3 3900/1351/3 1284/1352/3
f 1270/1357/3 3901/1358/3 3899/1356/3
f 3901/1358/3 3902/308/3 3900/1351/3
f 136/1359/3 1290/1360/3 3901/1358/3
f 1290/1360/3 1289/306/3 3902/308/3
f 3904/1361/2 1279/1362/2 139/314/2
f 3906/305/2 1280/299/2 1279/1362/2
f 1267/1363/2 3903/1364/2 1287/1339/2
f 3903/1364/2 3904/1361/2 1288/1343/2
f 1268/1365/2 3905/1366/2 3903/1364/2
f 3905/1366/2 3906/305/2 3904/1361/2
f 131/290/2 1286/289/2 3905/1366/2
f 1286/289/2 1285/304/2 3906/305/2
f 3908/1367/3 1293/1290/3 143/1291/3
f 3910/303/3 1294/302/3 1293/1290/3
f 1289/306/3 3907/1368/3 1298/1347/3
f 3907/1368/3 3908/1367/3 1297/1346/3
f 1290/1360/3 3909/1369/3 3907/1368/3
f 3909/1369/3 3910/303/3 3908/1367/3
f 136/1359/3 1295/1370/3 3909/1369/3
f 1295/1370/3 1296/301/3 3910/303/3
f 1282/307/4 140/312/4 139/314/4
f 1281/1353/4 1282/307/4 1279/1362/4
f 3912/1371/3 1277/1300/3 134/1302/3
f 3914/297/3 1278/296/3 1277/1300/3
f 1270/1357/3 3911/1374/3 1273/1373/3
f 3911/1374/3 3912/1371/3 1274/1372/3
f 1269/1354/3 3913/1375/3 3911/1374/3
f 3913/1375/3 3914/297/3 3912/1371/3
f 1269/1354/3 132/288/3 1266/1376/3
f 1266/1376/3 1265/295/3 3914/297/3
f 3916/1377/2 1275/1331/2 129/287/2
f 3918/294/2 1276/293/2 1275/1331/2
f 131/290/2 1268/1365/2 3915/1378/2
f 1263/1379/2 3915/1378/2 3916/1377/2
f 1267/1363/2 3917/1380/2 3915/1378/2
f 3917/1380/2 3918/294/2 3916/1377/2
f 1267/1363/2 135/1341/2 1272/1381/2
f 1272/1381/2 1271/292/2 3918/294/2
f 1322/1330/1 152/1295/1 151/1382/1
f 1321/1332/1 1322/1330/1 1311/338/1
f 1284/1352/1 137/298/1 138/300/1
f 1283/1355/1 1284/1352/1 1285/304/1
f 1266/1376/1 132/288/1 131/290/1
f 1265/295/1 1266/1376/1 1263/1379/1
f 3920/1383/2 1212/1384/2 117/271/2
f 3920/1383/2 3922/283/2 1211/284/2
f 1223/1385/2 3919/1389/2 1214/1386/2
f 1214/1386/2 3919/1389/2 3920/1383/2
f 1224/1388/2 3921/1390/2 3919/1389/2
f 3921/1390/2 3922/283/2 3920/1383/2
f 123/1391/2 1237/1392/2 3921/1390/2
f 1237/1392/2 1238/1446/2 3922/283/2
f 3924/1393/2 1252/1395/2 123/1391/2
f 3926/282/2 1251/281/2 1252/1395/2
f 1262/1396/2 3923/1399/2 1250/1397/2
f 3923/1399/2 3924/1393/2 1249/1394/2
f 1261/1400/2 3925/1401/2 3923/1399/2
f 3925/1401/2 3926/282/2 3924/1393/2
f 127/279/2 1259/278/2 3925/1401/2
f 1259/278/2 1260/280/2 3926/282/2
f 1256/239/5 125/1408/5 126/1402/5
f 1255/1404/5 1256/239/5 1253/1403/5
f 1236/1405/5 122/247/5 121/249/5
f 1235/1406/5 1236/1405/5 1260/280/5
f 1243/1407/4 126/1402/4 125/1408/4
f 1257/276/4 1244/275/4 1243/1407/4
f 3928/1409/3 1253/1403/3 126/1402/3
f 3930/274/3 1254/273/3 1253/1403/3
f 1197/1410/3 3927/1412/3 1244/275/3
f 3927/1412/3 3928/1409/3 1243/1407/3
f 1198/231/3 3929/1413/3 3927/1412/3
f 3929/1413/3 3930/274/3 3928/1409/3
f 1198/231/3 109/1981/3 1246/1414/3
f 3929/1413/3 1246/1414/3 1245/272/3
f 1248/268/6 119/1502/6 120/1415/6
f 1247/1417/6 1248/268/6 1231/1416/6
f 3932/1418/3 1247/1417/3 118/270/3
f 3934/269/3 1248/268/3 1247/1417/3
f 1181/1420/3 3931/1423/3 1220/1421/3
f 3931/1423/3 3932/1418/3 1219/1419/3
f 1182/225/3 3933/1424/3 3931/1423/3
f 3933/1424/3 3934/269/3 3932/1418/3
f 98/214/3 1216/220/3 3933/1424/3
f 1216/220/3 1215/267/3 3934/269/3
f 1239/254/6 113/1455/6 116/1425/6
f 1240/1427/6 1239/254/6 1229/1426/6
f 3936/1428/3 1241/1429/3 122/247/3
f 3938/264/3 1242/263/3 1241/1429/3
f 1245/272/3 3935/1430/3 1235/1406/3
f 3935/1430/3 3936/1428/3 1236/1405/3
f 1246/1414/3 3937/1431/3 3935/1430/3
f 3937/1431/3 3938/264/3 3936/1428/3
f 1246/1414/3 109/1981/3 1234/1432/3
f 3937/1431/3 1234/1432/3 1233/262/3
f 3940/1433/3 1229/1426/3 116/1425/3
f 3942/261/3 1230/260/3 1229/1426/3
f 1241/1429/3 3939/1436/3 1218/1435/3
f 3939/1436/3 3940/1433/3 1217/1434/3
f 1242/263/3 3941/1437/3 3939/1436/3
f 3941/1437/3 3942/261/3 3940/1433/3
f 124/1438/3 1228/256/3 3941/1437/3
f 1228/256/3 1227/259/3 3942/261/3
f 3944/1439/3 1210/1440/3 102/1422/3
f 3946/258/3 1209/257/3 1210/1440/3
f 1208/1441/3 3943/1442/3 1219/1419/3
f 3943/1442/3 3944/1439/3 1220/1421/3
f 1207/1443/3 3945/1444/3 3943/1442/3
f 3945/1444/3 3946/258/3 3944/1439/3
f 115/266/3 1227/259/3 3945/1444/3
f 1227/259/3 1228/256/3 3946/258/3
f 3948/1445/2 1240/1427/2 114/265/2
f 3950/255/2 1239/254/2 1240/1427/2
f 1252/1395/2 3947/1447/2 1237/1392/2
f 3947/1447/2 3948/1445/2 1238/1446/2
f 1251/281/2 3949/1448/2 3947/1447/2
f 3949/1448/2 3950/255/2 3948/1445/2
f 121/249/2 1221/248/2 3949/1448/2
f 1221/248/2 1222/253/2 3950/255/2
f 1208/1441/6 118/270/6 117/271/6
f 1207/1443/6 1208/1441/6 1212/1384/6
f 115/266/6 1207/1443/6 1211/284/6
f 3952/1449/2 1231/1416/2 120/1415/2
f 3954/252/2 1232/251/2 1231/1416/2
f 1179/1451/2 3951/1453/2 1225/1452/2
f 3951/1453/2 3952/1449/2 1226/1450/2
f 1180/222/2 3953/1454/2 3951/1453/2
f 3953/1454/2 3954/252/2 3952/1449/2
f 101/1387/2 1214/1386/2 3953/1454/2
f 1214/1386/2 1213/250/2 3954/252/2
f 1217/1434/5 116/1425/5 113/1455/5
f 1218/1435/5 1217/1434/5 1222/253/5
f 3956/1456/2 1195/1458/2 110/1398/2
f 3958/244/2 1196/246/2 1195/1458/2
f 1191/1459/2 3955/1462/2 1203/1460/2
f 3955/1462/2 3956/1456/2 1204/1457/2
f 1192/1463/2 3957/1464/2 3955/1462/2
f 3957/1464/2 3958/244/2 3956/1456/2
f 1192/1463/2 107/243/2 1206/242/2
f 3957/1464/2 1206/242/2 1205/1465/2
f 1201/1466/4 111/1411/4 112/245/4
f 1202/1467/4 1201/1466/4 1205/1465/4
f 3960/1468/2 1255/1404/2 127/279/2
f 3962/240/2 1256/239/2 1255/1404/2
f 1195/1458/2 3959/1469/2 1262/1396/2
f 3959/1469/2 3960/1468/2 1261/1400/2
f 1196/246/2 3961/1470/2 3959/1469/2
f 3961/1470/2 3962/240/2 3960/1468/2
f 112/245/2 1257/276/2 3961/1470/2
f 1257/276/2 1258/238/2 3962/240/2
f 3964/1471/3 1185/1473/3 105/227/3
f 3966/237/3 1186/236/3 1185/1473/3
f 1173/1474/3 3963/1476/3 1187/1475/3
f 3963/1476/3 3964/1471/3 1188/1472/3
f 1174/1477/3 3965/1478/3 3963/1476/3
f 3965/1478/3 3966/237/3 3964/1471/3
f 104/1479/3 1194/1480/3 3965/1478/3
f 1194/1480/3 1193/235/3 3966/237/3
f 3968/1481/2 1183/1482/2 107/243/2
f 3970/234/2 1184/228/2 1183/1482/2
f 1171/1483/2 3967/1484/2 1191/1459/2
f 3967/1484/2 3968/1481/2 1192/1463/2
f 1172/1485/2 3969/1486/2 3967/1484/2
f 3969/1486/2 3970/234/2 3968/1481/2
f 99/219/2 1190/218/2 3969/1486/2
f 1190/218/2 1189/233/2 3970/234/2
f 3972/1487/3 1197/1410/3 111/1411/3
f 3974/232/3 1198/231/3 1197/1410/3
f 1193/235/3 3971/1488/3 1202/1467/3
f 3971/1488/3 3972/1487/3 1201/1466/3
f 1194/1480/3 3973/1489/3 3971/1488/3
f 3973/1489/3 3974/232/3 3972/1487/3
f 104/1479/3 1199/1490/3 3973/1489/3
f 1199/1490/3 1200/230/3 3974/232/3
f 1186/236/4 108/241/4 107/243/4
f 1185/1473/4 1186/236/4 1183/1482/4
f 3976/1491/3 1181/1420/3 102/1422/3
f 3978/226/3 1182/225/3 1181/1420/3
f 1174/1477/3 3975/1494/3 1177/1493/3
f 3975/1494/3 3976/1491/3 1178/1492/3
f 1173/1474/3 3977/1495/3 3975/1494/3
f 3977/1495/3 3978/226/3 3976/1491/3
f 1173/1474/3 100/217/3 1170/1496/3
f 1170/1496/3 1169/224/3 3978/226/3
f 3980/1497/2 1179/1451/2 97/216/2
f 3982/223/2 1180/222/2 1179/1451/2
f 99/219/2 1172/1485/2 3979/1498/2
f 1167/1499/2 3979/1498/2 3980/1497/2
f 1171/1483/2 3981/1500/2 3979/1498/2
f 3981/1500/2 3982/223/2 3980/1497/2
f 1171/1483/2 103/1461/2 1176/1501/2
f 1176/1501/2 1175/221/2 3982/223/2
f 1226/1450/1 120/1415/1 119/1502/1
f 1225/1452/1 1226/1450/1 1215/267/1
f 1188/1472/1 105/227/1 106/229/1
f 1187/1475/1 1188/1472/1 1189/233/1
f 1170/1496/1 100/217/1 99/219/1
f 1169/224/1 1170/1496/1 1167/1499/1
f 3984/1503/2 1116/1504/2 85/200/2
f 3984/1503/2 3986/212/2 1115/213/2
f 1127/1505/2 3983/1509/2 1118/1506/2
f 1118/1506/2 3983/1509/2 3984/1503/2
f 1128/1508/2 3985/1510/2 3983/1509/2
f 3985/1510/2 3986/212/2 3984/1503/2
f 91/1511/2 1141/1512/2 3985/1510/2
f 1141/1512/2 1142/1566/2 3986/212/2
f 3988/1513/2 1156/1515/2 91/1511/2
f 3990/211/2 1155/210/2 1156/1515/2
f 1166/1516/2 3987/1519/2 1154/1517/2
f 3987/1519/2 3988/1513/2 1153/1514/2
f 1165/1520/2 3989/1521/2 3987/1519/2
f 3989/1521/2 3990/211/2 3988/1513/2
f 95/208/2 1163/207/2 3989/1521/2
f 1163/207/2 1164/209/2 3990/211/2
f 1160/168/5 93/1528/5 94/1522/5
f 1159/1524/5 1160/168/5 1157/1523/5
f 1140/1525/5 90/176/5 89/178/5
f 1139/1526/5 1140/1525/5 1164/209/5
f 1147/1527/4 94/1522/4 93/1528/4
f 1161/205/4 1148/204/4 1147/1527/4
f 3992/1529/3 1157/1523/3 94/1522/3
f 3994/203/3 1158/202/3 1157/1523/3
f 1101/1530/3 3991/1532/3 1148/204/3
f 3991/1532/3 3992/1529/3 1147/1527/3
f 1102/160/3 3993/1533/3 3991/1532/3
f 3993/1533/3 3994/203/3 3992/1529/3
f 1102/160/3 77/1980/3 1150/1534/3
f 3993/1533/3 1150/1534/3 1149/201/3
f 1152/197/6 87/1622/6 88/1535/6
f 1151/1537/6 1152/197/6 1135/1536/6
f 3996/1538/3 1151/1537/3 86/199/3
f 3998/198/3 1152/197/3 1151/1537/3
f 1085/1540/3 3995/1543/3 1124/1541/3
f 3995/1543/3 3996/1538/3 1123/1539/3
f 1086/154/3 3997/1544/3 3995/1543/3
f 3997/1544/3 3998/198/3 3996/1538/3
f 66/143/3 1120/149/3 3997/1544/3
f 1120/149/3 1119/196/3 3998/198/3
f 1143/183/6 81/1575/6 84/1545/6
f 1144/1547/6 1143/183/6 1133/1546/6
f 4000/1548/3 1145/1549/3 90/176/3
f 4002/193/3 1146/192/3 1145/1549/3
f 1149/201/3 3999/1550/3 1139/1526/3
f 3999/1550/3 4000/1548/3 1140/1525/3
f 1150/1534/3 4001/1551/3 3999/1550/3
f 4001/1551/3 4002/193/3 4000/1548/3
f 1150/1534/3 77/1980/3 1138/1552/3
f 4001/1551/3 1138/1552/3 1137/191/3
f 4004/1553/3 1133/1546/3 84/1545/3
f 4006/190/3 1134/189/3 1133/1546/3
f 1145/1549/3 4003/1556/3 1122/1555/3
f 4003/1556/3 4004/1553/3 1121/1554/3
f 1146/192/3 4005/1557/3 4003/1556/3
f 4005/1557/3 4006/190/3 4004/1553/3
f 92/1558/3 1132/185/3 4005/1557/3
f 1132/185/3 1131/188/3 4006/190/3
f 4008/1559/3 1114/1560/3 70/1542/3
f 4010/187/3 1113/186/3 1114/1560/3
f 1112/1561/3 4007/1562/3 1123/1539/3
f 4007/1562/3 4008/1559/3 1124/1541/3
f 1111/1563/3 4009/1564/3 4007/1562/3
f 4009/1564/3 4010/187/3 4008/1559/3
f 83/195/3 1131/188/3 4009/1564/3
f 1131/188/3 1132/185/3 4010/187/3
f 4012/1565/2 1144/1547/2 82/194/2
f 4014/184/2 1143/183/2 1144/1547/2
f 1156/1515/2 4011/1567/2 1141/1512/2
f 4011/1567/2 4012/1565/2 1142/1566/2
f 1155/210/2 4013/1568/2 4011/1567/2
f 4013/1568/2 4014/184/2 4012/1565/2
f 89/178/2 1125/177/2 4013/1568/2
f 1125/177/2 1126/182/2 4014/184/2
f 1112/1561/6 86/199/6 85/200/6
f 1111/1563/6 1112/1561/6 1116/1504/6
f 83/195/6 1111/1563/6 1115/213/6
f 4016/1569/2 1135/1536/2 88/1535/2
f 4018/181/2 1136/180/2 1135/1536/2
f 1083/1571/2 4015/1573/2 1129/1572/2
f 4015/1573/2 4016/1569/2 1130/1570/2
f 1084/151/2 4017/1574/2 4015/1573/2
f 4017/1574/2 4018/181/2 4016/1569/2
f 69/1507/2 1118/1506/2 4017/1574/2
f 1118/1506/2 1117/179/2 4018/181/2
f 1121/1554/5 84/1545/5 81/1575/5
f 1122/1555/5 1121/1554/5 1126/182/5
f 4020/1576/2 1099/1578/2 78/1518/2
f 4022/173/2 1100/175/2 1099/1578/2
f 1095/1579/2 4019/1582/2 1107/1580/2
f 4019/1582/2 4020/1576/2 1108/1577/2
f 1096/1583/2 4021/1584/2 4019/1582/2
f 4021/1584/2 4022/173/2 4020/1576/2
f 1096/1583/2 75/172/2 1110/171/2
f 4021/1584/2 1110/171/2 1109/1585/2
f 1105/1586/4 79/1531/4 80/174/4
f 1106/1587/4 1105/1586/4 1109/1585/4
f 4024/1588/2 1159/1524/2 95/208/2
f 4026/169/2 1160/168/2 1159/1524/2
f 1099/1578/2 4023/1589/2 1166/1516/2
f 4023/1589/2 4024/1588/2 1165/1520/2
f 1100/175/2 4025/1590/2 4023/1589/2
f 4025/1590/2 4026/169/2 4024/1588/2
f 80/174/2 1161/205/2 4025/1590/2
f 1161/205/2 1162/167/2 4026/169/2
f 4028/1591/3 1089/1593/3 73/156/3
f 4030/166/3 1090/165/3 1089/1593/3
f 1077/1594/3 4027/1596/3 1091/1595/3
f 4027/1596/3 4028/1591/3 1092/1592/3
f 1078/1597/3 4029/1598/3 4027/1596/3
f 4029/1598/3 4030/166/3 4028/1591/3
f 72/1599/3 1098/1600/3 4029/1598/3
f 1098/1600/3 1097/164/3 4030/166/3
f 4032/1601/2 1087/1602/2 75/172/2
f 4034/163/2 1088/157/2 1087/1602/2
f 1075/1603/2 4031/1604/2 1095/1579/2
f 4031/1604/2 4032/1601/2 1096/1583/2
f 1076/1605/2 4033/1606/2 4031/1604/2
f 4033/1606/2 4034/163/2 4032/1601/2
f 67/148/2 1094/147/2 4033/1606/2
f 1094/147/2 1093/162/2 4034/163/2
f 4036/1607/3 1101/1530/3 79/1531/3
f 4038/161/3 1102/160/3 1101/1530/3
f 1097/164/3 4035/1608/3 1106/1587/3
f 4035/1608/3 4036/1607/3 1105/1586/3
f 1098/1600/3 4037/1609/3 4035/1608/3
f 4037/1609/3 4038/161/3 4036/1607/3
f 72/1599/3 1103/1610/3 4037/1609/3
f 1103/1610/3 1104/159/3 4038/161/3
f 1090/165/4 76/170/4 75/172/4
f 1089/1593/4 1090/165/4 1087/1602/4
f 4040/1611/3 1085/1540/3 70/1542/3
f 4042/155/3 1086/154/3 1085/1540/3
f 1078/1597/3 4039/1614/3 1081/1613/3
f 4039/1614/3 4040/1611/3 1082/1612/3
f 1077/1594/3 4041/1615/3 4039/1614/3
f 4041/1615/3 4042/155/3 4040/1611/3
f 1077/1594/3 68/146/3 1074/1616/3
f 1074/1616/3 1073/153/3 4042/155/3
f 4044/1617/2 1083/1571/2 65/145/2
f 4046/152/2 1084/151/2 1083/1571/2
f 67/148/2 1076/1605/2 4043/1618/2
f 1071/1619/2 4043/1618/2 4044/1617/2
f 1075/1603/2 4045/1620/2 4043/1618/2
f 4045/1620/2 4046/152/2 4044/1617/2
f 1075/1603/2 71/1581/2 1080/1621/2
f 1080/1621/2 1079/150/2 4046/152/2
f 1130/1570/1 88/1535/1 87/1622/1
f 1129/1572/1 1130/1570/1 1119/196/1
f 1092/1592/1 73/156/1 74/158/1
f 1091/1595/1 1092/1592/1 1093/162/1
f 1074/1616/1 68/146/1 67/148/1
f 1073/153/1 1074/1616/1 1071/1619/1
f 4048/1623/2 1020/1624/2 53/129/2
f 4048/1623/2 4050/141/2 1019/142/2
f 1031/1625/2 4047/1629/2 1022/1626/2
f 1022/1626/2 4047/1629/2 4048/1623/2
f 1032/1628/2 4049/1630/2 4047/1629/2
f 4049/1630/2 4050/141/2 4048/1623/2
f 59/1631/2 1045/1632/2 4049/1630/2
f 1045/1632/2 1046/1686/2 4050/141/2
f 4052/1633/2 1060/1635/2 59/1631/2
f 4054/140/2 1059/139/2 1060/1635/2
f 1070/1636/2 4051/1639/2 1058/1637/2
f 4051/1639/2 4052/1633/2 1057/1634/2
f 1069/1640/2 4053/1641/2 4051/1639/2
f 4053/1641/2 4054/140/2 4052/1633/2
f 63/137/2 1067/136/2 4053/1641/2
f 1067/136/2 1068/138/2 4054/140/2
f 1064/97/5 61/1648/5 62/1642/5
f 1063/1644/5 1064/97/5 1061/1643/5
f 1044/1645/5 58/105/5 57/107/5
f 1043/1646/5 1044/1645/5 1068/138/5
f 1051/1647/4 62/1642/4 61/1648/4
f 1065/134/4 1052/133/4 1051/1647/4
f 4056/1649/3 1061/1643/3 62/1642/3
f 4058/132/3 1062/131/3 1061/1643/3
f 1005/1650/3 4055/1652/3 1052/133/3
f 4055/1652/3 4056/1649/3 1051/1647/3
f 1006/89/3 4057/1653/3 4055/1652/3
f 4057/1653/3 4058/132/3 4056/1649/3
f 1006/89/3 45/1979/3 1054/1654/3
f 4057/1653/3 1054/1654/3 1053/130/3
f 1056/126/6 55/1742/6 56/1655/6
f 1055/1657/6 1056/126/6 1039/1656/6
f 4060/1658/3 1055/1657/3 54/128/3
f 4062/127/3 1056/126/3 1055/1657/3
f 989/1660/3 4059/1663/3 1028/1661/3
f 4059/1663/3 4060/1658/3 1027/1659/3
f 990/83/3 4061/1664/3 4059/1663/3
f 4061/1664/3 4062/127/3 4060/1658/3
f 34/72/3 1024/78/3 4061/1664/3
f 1024/78/3 1023/125/3 4062/127/3
f 1047/112/6 49/1695/6 52/1665/6
f 1048/1667/6 1047/112/6 1037/1666/6
f 4064/1668/3 1049/1669/3 58/105/3
f 4066/122/3 1050/121/3 1049/1669/3
f 1053/130/3 4063/1670/3 1043/1646/3
f 4063/1670/3 4064/1668/3 1044/1645/3
f 1054/1654/3 4065/1671/3 4063/1670/3
f 4065/1671/3 4066/122/3 4064/1668/3
f 1054/1654/3 45/1979/3 1042/1672/3
f 4065/1671/3 1042/1672/3 1041/120/3
f 4068/1673/3 1037/1666/3 52/1665/3
f 4070/119/3 1038/118/3 1037/1666/3
f 1049/1669/3 4067/1676/3 1026/1675/3
f 4067/1676/3 4068/1673/3 1025/1674/3
f 1050/121/3 4069/1677/3 4067/1676/3
f 4069/1677/3 4070/119/3 4068/1673/3
f 60/1678/3 1036/114/3 4069/1677/3
f 1036/114/3 1035/117/3 4070/119/3
f 4072/1679/3 1018/1680/3 38/1662/3
f 4074/116/3 1017/115/3 1018/1680/3
f 1016/1681/3 4071/1682/3 1027/1659/3
f 4071/1682/3 4072/1679/3 1028/1661/3
f 1015/1683/3 4073/1684/3 4071/1682/3
f 4073/1684/3 4074/116/3 4072/1679/3
f 51/124/3 1035/117/3 4073/1684/3
f 1035/117/3 1036/114/3 4074/116/3
f 4076/1685/2 1048/1667/2 50/123/2
f 4078/113/2 1047/112/2 1048/1667/2
f 1060/1635/2 4075/1687/2 1045/1632/2
f 4075/1687/2 4076/1685/2 1046/1686/2
f 1059/139/2 4077/1688/2 4075/1687/2
f 4077/1688/2 4078/113/2 4076/1685/2
f 57/107/2 1029/106/2 4077/1688/2
f 1029/106/2 1030/111/2 4078/113/2
f 1016/1681/6 54/128/6 53/129/6
f 1015/1683/6 1016/1681/6 1020/1624/6
f 51/124/6 1015/1683/6 1019/142/6
f 4080/1689/2 1039/1656/2 56/1655/2
f 4082/110/2 1040/109/2 1039/1656/2
f 987/1691/2 4079/1693/2 1033/1692/2
f 4079/1693/2 4080/1689/2 1034/1690/2
f 988/80/2 4081/1694/2 4079/1693/2
f 4081/1694/2 4082/110/2 4080/1689/2
f 37/1627/2 1022/1626/2 4081/1694/2
f 1022/1626/2 1021/108/2 4082/110/2
f 1025/1674/5 52/1665/5 49/1695/5
f 1026/1675/5 1025/1674/5 1030/111/5
f 4084/1696/2 1003/1698/2 46/1638/2
f 4086/102/2 1004/104/2 1003/1698/2
f 999/1699/2 4083/1702/2 1011/1700/2
f 4083/1702/2 4084/1696/2 1012/1697/2
f 1000/1703/2 4085/1704/2 4083/1702/2
f 4085/1704/2 4086/102/2 4084/1696/2
f 1000/1703/2 43/101/2 1014/100/2
f 4085/1704/2 1014/100/2 1013/1705/2
f 1009/1706/4 47/1651/4 48/103/4
f 1010/1707/4 1009/1706/4 1013/1705/4
f 4088/1708/2 1063/1644/2 63/137/2
f 4090/98/2 1064/97/2 1063/1644/2
f 1003/1698/2 4087/1709/2 1070/1636/2
f 4087/1709/2 4088/1708/2 1069/1640/2
f 1004/104/2 4089/1710/2 4087/1709/2
f 4089/1710/2 4090/98/2 4088/1708/2
f 48/103/2 1065/134/2 4089/1710/2
f 1065/134/2 1066/96/2 4090/98/2
f 4092/1711/3 993/1713/3 41/85/3
f 4094/95/3 994/94/3 993/1713/3
f 981/1714/3 4091/1716/3 995/1715/3
f 4091/1716/3 4092/1711/3 996/1712/3
f 982/1717/3 4093/1718/3 4091/1716/3
f 4093/1718/3 4094/95/3 4092/1711/3
f 40/1719/3 1002/1720/3 4093/1718/3
f 1002/1720/3 1001/93/3 4094/95/3
f 4096/1721/2 991/1722/2 43/101/2
f 4098/92/2 992/86/2 991/1722/2
f 979/1723/2 4095/1724/2 999/1699/2
f 4095/1724/2 4096/1721/2 1000/1703/2
f 980/1725/2 4097/1726/2 4095/1724/2
f 4097/1726/2 4098/92/2 4096/1721/2
f 35/77/2 998/76/2 4097/1726/2
f 998/76/2 997/91/2 4098/92/2
f 4100/1727/3 1005/1650/3 47/1651/3
f 4102/90/3 1006/89/3 1005/1650/3
f 1001/93/3 4099/1728/3 1010/1707/3
f 4099/1728/3 4100/1727/3 1009/1706/3
f 1002/1720/3 4101/1729/3 4099/1728/3
f 4101/1729/3 4102/90/3 4100/1727/3
f 40/1719/3 1007/1730/3 4101/1729/3
f 1007/1730/3 1008/88/3 4102/90/3
f 994/94/4 44/99/4 43/101/4
f 993/1713/4 994/94/4 991/1722/4
f 4104/1731/3 989/1660/3 38/1662/3
f 4106/84/3 990/83/3 989/1660/3
f 982/1717/3 4103/1734/3 985/1733/3
f 4103/1734/3 4104/1731/3 986/1732/3
f 981/1714/3 4105/1735/3 4103/1734/3
f 4105/1735/3 4106/84/3 4104/1731/3
f 981/1714/3 36/75/3 978/1736/3
f 978/1736/3 977/82/3 4106/84/3
f 4108/1737/2 987/1691/2 33/74/2
f 4110/81/2 988/80/2 987/1691/2
f 35/77/2 980/1725/2 4107/1738/2
f 975/1739/2 4107/1738/2 4108/1737/2
f 979/1723/2 4109/1740/2 4107/1738/2
f 4109/1740/2 4110/81/2 4108/1737/2
f 979/1723/2 39/1701/2 984/1741/2
f 984/1741/2 983/79/2 4110/81/2
f 1034/1690/1 56/1655/1 55/1742/1
f 1033/1692/1 1034/1690/1 1023/125/1
f 996/1712/1 41/85/1 42/87/1
f 995/1715/1 996/1712/1 997/91/1
f 978/1736/1 36/75/1 35/77/1
f 977/82/1 978/1736/1 975/1739/1
f 4112/1743/2 924/1744/2 21/58/2
f 4112/1743/2 4114/70/2 923/71/2
f 935/1745/2 4111/1749/2 926/1746/2
f 926/1746/2 4111/1749/2 4112/1743/2
f 936/1748/2 4113/1750/2 4111/1749/2
f 4113/1750/2 4114/70/2 4112/1743/2
f 27/1751/2 949/1752/2 4113/1750/2
f 949/1752/2 950/1806/2 4114/70/2
f 4116/1753/2 964/1755/2 27/1751/2
f 4118/69/2 963/68/2 964/1755/2
f 974/1756/2 4115/1759/2 962/1757/2
f 4115/1759/2 4116/1753/2 961/1754/2
f 973/1760/2 4117/1761/2 4115/1759/2
f 4117/1761/2 4118/69/2 4116/1753/2
f 31/66/2 971/65/2 4117/1761/2
f 971/65/2 972/67/2 4118/69/2
f 968/26/5 29/1768/5 30/1762/5
f 967/1764/5 968/26/5 965/1763/5
f 948/1765/5 26/34/5 25/36/5
f 947/1766/5 948/1765/5 972/67/5
f 955/1767/4 30/1762/4 29/1768/4
f 969/63/4 956/62/4 955/1767/4
f 4120/1769/3 965/1763/3 30/1762/3
f 4122/61/3 966/60/3 965/1763/3
f 909/1770/3 4119/1772/3 956/62/3
f 4119/1772/3 4120/1769/3 955/1767/3
f 910/18/3 4121/1773/3 4119/1772/3
f 4121/1773/3 4122/61/3 4120/1769/3
f 910/18/3 13/1978/3 958/1774/3
f 4121/1773/3 958/1774/3 957/59/3
f 960/55/6 23/1862/6 24/1775/6
f 959/1777/6 960/55/6 943/1776/6
f 4124/1778/3 959/1777/3 22/57/3
f 4126/56/3 960/55/3 959/1777/3
f 893/1780/3 4123/1783/3 932/1781/3
f 4123/1783/3 4124/1778/3 931/1779/3
f 894/12/3 4125/1784/3 4123/1783/3
f 4125/1784/3 4126/56/3 4124/1778/3
f 2/1/3 928/7/3 4125/1784/3
f 928/7/3 927/54/3 4126/56/3
f 951/41/6 17/1815/6 20/1785/6
f 952/1787/6 951/41/6 941/1786/6
f 4128/1788/3 953/1789/3 26/34/3
f 4130/51/3 954/50/3 953/1789/3
f 957/59/3 4127/1790/3 947/1766/3
f 4127/1790/3 4128/1788/3 948/1765/3
f 958/1774/3 4129/1791/3 4127/1790/3
f 4129/1791/3 4130/51/3 4128/1788/3
f 958/1774/3 13/1978/3 946/1792/3
f 4129/1791/3 946/1792/3 945/49/3
f 4132/1793/3 941/1786/3 20/1785/3
f 4134/48/3 942/47/3 941/1786/3
f 953/1789/3 4131/1796/3 930/1795/3
f 4131/1796/3 4132/1793/3 929/1794/3
f 954/50/3 4133/1797/3 4131/1796/3
f 4133/1797/3 4134/48/3 4132/1793/3
f 28/1798/3 940/43/3 4133/1797/3
f 940/43/3 939/46/3 4134/48/3
f 4136/1799/3 922/1800/3 6/1782/3
f 4138/45/3 921/44/3 922/1800/3
f 920/1801/3 4135/1802/3 931/1779/3
f 4135/1802/3 4136/1799/3 932/1781/3
f 919/1803/3 4137/1804/3 4135/1802/3
f 4137/1804/3 4138/45/3 4136/1799/3
f 19/53/3 939/46/3 4137/1804/3
f 939/46/3 940/43/3 4138/45/3
f 4140/1805/2 952/1787/2 18/52/2
f 4142/42/2 951/41/2 952/1787/2
f 964/1755/2 4139/1807/2 949/1752/2
f 4139/1807/2 4140/1805/2 950/1806/2
f 963/68/2 4141/1808/2 4139/1807/2
f 4141/1808/2 4142/42/2 4140/1805/2
f 25/36/2 933/35/2 4141/1808/2
f 933/35/2 934/40/2 4142/42/2
f 920/1801/6 22/57/6 21/58/6
f 919/1803/6 920/1801/6 924/1744/6
f 19/53/6 919/1803/6 923/71/6
f 4144/1809/2 943/1776/2 24/1775/2
f 4146/39/2 944/38/2 943/1776/2
f 891/1811/2 4143/1813/2 937/1812/2
f 4143/1813/2 4144/1809/2 938/1810/2
f 892/9/2 4145/1814/2 4143/1813/2
f 4145/1814/2 4146/39/2 4144/1809/2
f 5/1747/2 926/1746/2 4145/1814/2
f 926/1746/2 925/37/2 4146/39/2
f 929/1794/5 20/1785/5 17/1815/5
f 930/1795/5 929/1794/5 934/40/5
f 4148/1816/2 907/1818/2 14/1758/2
f 4150/31/2 908/33/2 907/1818/2
f 903/1819/2 4147/1822/2 915/1820/2
f 4147/1822/2 4148/1816/2 916/1817/2
f 904/1823/2 4149/1824/2 4147/1822/2
f 4149/1824/2 4150/31/2 4148/1816/2
f 904/1823/2 11/30/2 918/29/2
f 4149/1824/2 918/29/2 917/1825/2
f 913/1826/4 15/1771/4 16/32/4
f 914/1827/4 913/1826/4 917/1825/4
f 4152/1828/2 967/1764/2 31/66/2
f 4154/27/2 968/26/2 967/1764/2
f 907/1818/2 4151/1829/2 974/1756/2
f 4151/1829/2 4152/1828/2 973/1760/2
f 908/33/2 4153/1830/2 4151/1829/2
f 4153/1830/2 4154/27/2 4152/1828/2
f 16/32/2 969/63/2 4153/1830/2
f 969/63/2 970/25/2 4154/27/2
f 4156/1831/3 897/1833/3 9/14/3
f 4158/24/3 898/23/3 897/1833/3
f 885/1834/3 4155/1836/3 899/1835/3
f 4155/1836/3 4156/1831/3 900/1832/3
f 886/1837/3 4157/1838/3 4155/1836/3
f 4157/1838/3 4158/24/3 4156/1831/3
f 8/1839/3 906/1840/3 4157/1838/3
f 906/1840/3 905/22/3 4158/24/3
f 4160/1841/2 895/1842/2 11/30/2
f 4162/21/2 896/15/2 895/1842/2
f 883/1843/2 4159/1844/2 903/1819/2
f 4159/1844/2 4160/1841/2 904/1823/2
f 884/1845/2 4161/1846/2 4159/1844/2
f 4161/1846/2 4162/21/2 4160/1841/2
f 3/6/2 902/5/2 4161/1846/2
f 902/5/2 901/20/2 4162/21/2
f 4164/1847/3 909/1770/3 15/1771/3
f 4166/19/3 910/18/3 909/1770/3
f 905/22/3 4163/1848/3 914/1827/3
f 4163/1848/3 4164/1847/3 913/1826/3
f 906/1840/3 4165/1849/3 4163/1848/3
f 4165/1849/3 4166/19/3 4164/1847/3
f 8/1839/3 911/1850/3 4165/1849/3
f 911/1850/3 912/17/3 4166/19/3
f 898/23/4 12/28/4 11/30/4
f 897/1833/4 898/23/4 895/1842/4
f 4168/1851/3 893/1780/3 6/1782/3
f 4170/13/3 894/12/3 893/1780/3
f 886/1837/3 4167/1854/3 889/1853/3
f 4167/1854/3 4168/1851/3 890/1852/3
f 885/1834/3 4169/1855/3 4167/1854/3
f 4169/1855/3 4170/13/3 4168/1851/3
f 885/1834/3 4/4/3 882/1856/3
f 882/1856/3 881/11/3 4170/13/3
f 4172/1857/2 891/1811/2 1/3/2
f 4174/10/2 892/9/2 891/1811/2
f 3/6/2 884/1845/2 4171/1858/2
f 879/1859/2 4171/1858/2 4172/1857/2
f 883/1843/2 4173/1860/2 4171/1858/2
f 4173/1860/2 4174/10/2 4172/1857/2
f 883/1843/2 7/1821/2 888/1861/2
f 888/1861/2 887/8/2 4174/10/2
f 938/1810/1 24/1775/1 23/1862/1
f 937/1812/1 938/1810/1 927/54/1
f 900/1832/1 9/14/1 10/16/1
f 899/1835/1 900/1832/1 901/20/1
f 882/1856/1 4/4/1 3/6/1
f 881/11/1 882/1856/1 879/1859/1
f 5048/1863/2 4996/1865/2 293/1864/2
f 5050/651/2 4995/620/2 4996/1865/2
f 5007/1866/2 5047/1869/2 4998/1867/2
f 5047/1869/2 5048/1863/2 4997/612/2
f 5008/616/2 5049/1870/2 5047/1869/2
f 5049/1870/2 5050/651/2 5048/1863/2
f 299/1871/2 5021/1872/2 5049/1870/2
f 5021/1872/2 5022/650/2 5050/651/2
f 5052/1873/2 5036/1874/2 299/1871/2
f 5054/649/2 5035/648/2 5036/1874/2
f 5046/1875/2 5051/1878/2 5034/1876/2
f 5051/1878/2 5052/1873/2 5033/645/2
f 5045/1879/2 5053/1880/2 5051/1878/2
f 5053/1880/2 5054/649/2 5052/1873/2
f 303/1881/2 5043/1882/2 5053/1880/2
f 5043/1882/2 5044/644/2 5054/649/2
f 304/1883/5 303/1881/5 5039/1884/5
f 5038/638/5 5039/1884/5 5040/602/5
f 286/1877/1 5034/1876/1 5018/1885/1
f 5034/1876/1 5033/645/1 5017/628/1
f 304/1883/5 5019/1887/5 5043/1882/5
f 5019/1887/5 5020/642/5 5044/644/5
f 287/1888/4 5028/1890/4 5041/1889/4
f 5028/1890/4 5027/640/4 5042/601/4
f 5056/1891/3 5037/646/3 302/647/3
f 5058/639/3 5038/638/3 5037/646/3
f 4981/1892/3 5055/1893/3 5028/1890/3
f 5055/1893/3 5056/1891/3 5027/640/3
f 4982/594/3 5057/1894/3 5055/1893/3
f 5057/1894/3 5058/639/3 5056/1891/3
f 285/1886/3 5030/1895/3 5057/1894/3
f 5030/1895/3 5029/637/3 5058/639/3
f 293/1864/6 294/1898/6 5031/1896/6
f 5016/613/6 5031/1896/6 5032/633/6
f 5060/1897/3 5031/1896/3 294/1898/3
f 5062/634/3 5032/633/3 5031/1896/3
f 4965/1900/3 5059/1903/3 5004/1901/3
f 5059/1903/3 5060/1897/3 5003/1899/3
f 4966/588/3 5061/1904/3 5059/1903/3
f 5061/1904/3 5062/634/3 5060/1897/3
f 274/1905/3 5000/1906/3 5061/1904/3
f 5000/1906/3 4999/583/3 5062/634/3
f 290/618/6 5024/1908/6 5014/626/6
f 5024/1908/6 5023/621/6 5013/632/6
f 5064/1909/3 5025/1911/3 298/1910/3
f 5066/630/3 5026/629/3 5025/1911/3
f 5029/637/3 5063/1912/3 5019/1887/3
f 5063/1912/3 5064/1909/3 5020/642/3
f 5030/1895/3 5065/1913/3 5063/1912/3
f 5065/1913/3 5066/630/3 5064/1909/3
f 285/1886/3 5018/1885/3 5065/1913/3
f 5018/1885/3 5017/628/3 5066/630/3
f 5068/1914/3 5013/632/3 292/631/3
f 5070/627/3 5014/626/3 5013/632/3
f 5025/1911/3 5067/1916/3 5002/1915/3
f 5067/1916/3 5068/1914/3 5001/609/3
f 5026/629/3 5069/1917/3 5067/1916/3
f 5069/1917/3 5070/627/3 5068/1914/3
f 300/615/3 5012/623/3 5069/1917/3
f 5012/623/3 5011/625/3 5070/627/3
f 5072/1918/3 4994/1919/3 278/1902/3
f 5074/624/3 4993/617/3 4994/1919/3
f 4992/1920/3 5071/1921/3 5003/1899/3
f 5071/1921/3 5072/1918/3 5004/1901/3
f 4991/619/3 5073/1922/3 5071/1921/3
f 5073/1922/3 5074/624/3 5072/1918/3
f 291/1907/3 5011/625/3 5073/1922/3
f 5011/625/3 5012/623/3 5074/624/3
f 5076/1923/2 5024/1908/2 290/618/2
f 5078/622/2 5023/621/2 5024/1908/2
f 5036/1874/2 5075/1924/2 5021/1872/2
f 5075/1924/2 5076/1923/2 5022/650/2
f 5035/648/2 5077/1925/2 5075/1924/2
f 5077/1925/2 5078/622/2 5076/1923/2
f 297/643/2 5005/1926/2 5077/1925/2
f 5005/1926/2 5006/611/2 5078/622/2
f 4996/1865/6 4992/1920/6 294/1898/6
f 4995/620/6 4991/619/6 4992/1920/6
f 4994/1919/4 5007/1866/4 277/1868/4
f 4993/617/4 5008/616/4 5007/1866/4
f 5080/1927/2 5015/635/2 296/636/2
f 5082/614/2 5016/613/2 5015/635/2
f 4963/1928/2 5079/1931/2 5009/1929/2
f 5079/1931/2 5080/1927/2 5010/581/2
f 4964/585/2 5081/1932/2 5079/1931/2
f 5081/1932/2 5082/614/2 5080/1927/2
f 277/1868/2 4998/1867/2 5081/1932/2
f 4998/1867/2 4997/612/2 5082/614/2
f 298/1910/5 5002/1915/5 5005/1926/5
f 5002/1915/5 5001/609/5 5006/611/5
f 5084/1933/2 4979/1935/2 286/1877/2
f 5086/608/2 4980/607/2 4979/1935/2
f 4975/1936/2 5083/1939/2 4987/1937/2
f 5083/1939/2 5084/1933/2 4988/1934/2
f 4976/1940/2 5085/1941/2 5083/1939/2
f 5085/1941/2 5086/608/2 5084/1933/2
f 283/592/2 4990/1942/2 5085/1941/2
f 4990/1942/2 4989/606/2 5086/608/2
f 284/591/4 4986/1943/4 4990/1942/4
f 4986/1943/4 4985/604/4 4989/606/4
f 5088/1944/2 5039/1884/2 303/1881/2
f 5090/603/2 5040/602/2 5039/1884/2
f 4979/1935/2 5087/1945/2 5046/1875/2
f 5087/1945/2 5088/1944/2 5045/1879/2
f 4980/607/2 5089/1946/2 5087/1945/2
f 5089/1946/2 5090/603/2 5088/1944/2
f 288/605/2 5041/1889/2 5089/1946/2
f 5041/1889/2 5042/601/2 5090/603/2
f 5092/1947/3 4969/1949/3 281/579/3
f 5094/600/3 4970/599/3 4969/1949/3
f 4957/1950/3 5091/1953/3 4971/1951/3
f 5091/1953/3 5092/1947/3 4972/1948/3
f 4958/1954/3 5093/1955/3 5091/1953/3
f 5093/1955/3 5094/600/3 5092/1947/3
f 280/1956/3 4978/1957/3 5093/1955/3
f 4978/1957/3 4977/598/3 5094/600/3
f 5096/1958/2 4967/590/2 283/592/2
f 5098/597/2 4968/596/2 4967/590/2
f 4955/1959/2 5095/1960/2 4975/1936/2
f 5095/1960/2 5096/1958/2 4976/1940/2
f 4956/1961/2 5097/1962/2 5095/1960/2
f 5097/1962/2 5098/597/2 5096/1958/2
f 275/576/2 4974/1963/2 5097/1962/2
f 4974/1963/2 4973/578/2 5098/597/2
f 5100/1964/3 4981/1892/3 287/1888/3
f 5102/595/3 4982/594/3 4981/1892/3
f 4977/598/3 5099/1965/3 4986/1943/3
f 5099/1965/3 5100/1964/3 4985/604/3
f 4978/1957/3 5101/1966/3 5099/1965/3
f 5101/1966/3 5102/595/3 5100/1964/3
f 280/1956/3 4983/1967/3 5101/1966/3
f 4983/1967/3 4984/593/3 5102/595/3
f 282/580/4 281/579/4 4969/1949/4
f 4968/596/4 4969/1949/4 4970/599/4
f 5104/1968/3 4965/1900/3 278/1902/3
f 5104/1968/3 5106/589/3 4966/588/3
f 4958/1954/3 5103/1971/3 4961/1970/3
f 5103/1971/3 5104/1968/3 4962/1969/3
f 4957/1950/3 5105/1972/3 5103/1971/3
f 5103/1971/3 5105/1972/3 5106/589/3
f 276/1952/3 4954/575/3 5105/1972/3
f 4954/575/3 4953/587/3 5106/589/3
f 5108/1973/2 4963/1928/2 273/1930/2
f 5108/1973/2 5110/586/2 4964/585/2
f 4956/1961/2 5107/1975/2 4951/577/2
f 5107/1975/2 5108/1973/2 4952/1974/2
f 4955/1959/2 5109/1976/2 5107/1975/2
f 5107/1975/2 5109/1976/2 5110/586/2
f 279/1938/2 4960/1977/2 5109/1976/2
f 4960/1977/2 4959/584/2 5110/586/2
f 273/1930/1 5009/1929/1 5000/1906/1
f 5009/1929/1 5010/581/1 4999/583/1
f 275/576/1 276/1952/1 4971/1951/1
f 4974/1963/1 4971/1951/1 4972/1948/1
f 274/1905/1 4953/587/1 4952/1974/1
f 4953/587/1 4954/575/1 4951/577/1
usemtl Material
s 1
f 1676/1985/7 1682/1986/6 3662/1987/7
f 1686/1988/8 1670/1989/9 3658/1990/9
f 1682/1986/6 1665/1991/10 3654/1992/10
f 1688/1993/1 1672/1994/11 3650/1995/11
f 1692/1996/4 1678/1997/12 3646/1998/12
f 1667/1999/13 1692/1996/4 3642/2000/13
f 1689/2001/14 1664/2002/15 3638/2003/15
f 3634/2004/16 267/2005/17 1693/2006/17
f 3632/2007/16 259/2008/17 1657/2009/16
f 3634/2004/16 1694/2010/17 3632/2007/16
f 1684/2011/5 1658/2012/16 262/2013/5
f 3631/2014/16 1657/2009/16 1658/2012/16
f 1683/2015/5 3631/2014/16 1684/2011/5
f 3633/2016/16 3632/2007/16 3631/2014/16
f 1683/2015/5 1674/2017/16 3633/2016/16
f 3633/2016/16 1673/2018/16 3634/2004/16
f 3636/2019/15 269/2020/1 1688/1993/1
f 3638/2003/15 1663/2021/15 3636/2019/15
f 1647/2022/15 1687/2023/1 261/2024/1
f 3635/2025/15 1688/1993/1 1687/2023/1
f 1648/2026/15 3635/2025/15 1647/2022/15
f 3637/2027/15 3636/2019/15 3635/2025/15
f 258/2028/14 3637/2027/15 1648/2026/15
f 1690/2029/14 3638/2003/15 3637/2027/15
f 1651/2030/13 1691/2031/4 264/2032/4
f 3642/2000/13 1691/2031/4 3640/2033/13
f 1694/2034/17 1652/2035/13 259/2036/17
f 3639/2037/13 1651/2030/13 1652/2035/13
f 1693/2038/17 3639/2037/13 1694/2034/17
f 3641/2039/13 3640/2033/13 3639/2037/13
f 1693/2038/17 1668/2040/13 3641/2039/13
f 1668/2040/13 3642/2000/13 3641/2039/13
f 3644/2041/12 266/2042/14 1689/2001/14
f 3646/1998/12 1677/2043/12 3644/2041/12
f 1661/2044/12 1690/2029/14 258/2028/14
f 3643/2045/12 1689/2001/14 1690/2029/14
f 1662/2046/12 3643/2045/12 1661/2044/12
f 3645/2047/12 3644/2041/12 3643/2045/12
f 264/2032/4 3645/2047/12 1662/2046/12
f 1691/2031/4 3646/1998/12 3645/2047/12
f 3648/2048/11 265/2049/18 1679/2050/18
f 3650/1995/11 1671/2051/11 3648/2048/11
f 1655/2052/11 1680/2053/18 257/2054/18
f 3647/2055/11 1679/2050/18 1680/2053/18
f 1656/2056/11 3647/2055/11 1655/2052/11
f 3649/2057/11 3648/2048/11 3647/2055/11
f 261/2024/1 3649/2057/11 1656/2056/11
f 1687/2023/1 3650/1995/11 3649/2057/11
f 3652/2058/10 268/2059/8 1686/1988/8
f 3654/1992/10 1666/2060/10 3652/2058/10
f 1650/2061/10 1685/2062/8 260/2063/8
f 3651/2064/10 1686/1988/8 1685/2062/8
f 1649/2065/10 3651/2064/10 1650/2061/10
f 3653/2066/10 3652/2058/10 3651/2064/10
f 263/2067/6 3653/2066/10 1649/2065/10
f 1681/2068/6 3654/1992/10 3653/2066/10
f 3656/2069/9 270/2070/5 1683/2015/5
f 3658/1990/9 1669/2071/9 3656/2069/9
f 1653/2072/9 1684/2011/5 262/2013/5
f 3655/2073/9 1683/2015/5 1684/2011/5
f 1654/2074/9 3655/2073/9 1653/2072/9
f 3657/2075/9 3656/2069/9 3655/2073/9
f 260/2063/8 3657/2075/9 1654/2074/9
f 1685/2062/8 3658/1990/9 3657/2075/9
f 3660/2076/7 263/2067/6 1660/2077/7
f 3662/1987/7 1681/2068/6 3660/2076/7
f 1680/2053/18 1659/2078/7 257/2054/18
f 3659/2079/7 1660/2077/7 1659/2078/7
f 1679/2050/18 3659/2079/7 1680/2053/18
f 3661/2080/7 3660/2076/7 3659/2079/7
f 265/2049/18 3661/2080/7 1679/2050/18
f 1675/2081/7 3662/1987/7 3661/2080/7
f 1676/1985/7 271/2082/6 1682/1986/6
f 1686/1988/8 268/2059/8 1670/1989/9
f 1682/1986/6 271/2082/6 1665/1991/10
f 1688/1993/1 269/2020/1 1672/1994/11
f 1692/1996/4 272/2083/4 1678/1997/12
f 1667/1999/13 272/2083/4 1692/1996/4
f 1689/2001/14 266/2042/14 1664/2002/15
f 3634/2004/16 1673/2018/16 267/2005/17
f 3632/2007/16 1694/2010/17 259/2008/17
f 3634/2004/16 1693/2006/17 1694/2010/17
f 1684/2011/5 3631/2014/16 1658/2012/16
f 3631/2014/16 3632/2007/16 1657/2009/16
f 1683/2015/5 3633/2016/16 3631/2014/16
f 3633/2016/16 3634/2004/16 3632/2007/16
f 1683/2015/5 270/2070/5 1674/2017/16
f 3633/2016/16 1674/2017/16 1673/2018/16
f 3636/2019/15 1663/2021/15 269/2020/1
f 3638/2003/15 1664/2002/15 1663/2021/15
f 1647/2022/15 3635/2025/15 1687/2023/1
f 3635/2025/15 3636/2019/15 1688/1993/1
f 1648/2026/15 3637/2027/15 3635/2025/15
f 3637/2027/15 3638/2003/15 3636/2019/15
f 258/2028/14 1690/2029/14 3637/2027/15
f 1690/2029/14 1689/2001/14 3638/2003/15
f 1651/2030/13 3640/2033/13 1691/2031/4
f 3642/2000/13 1692/1996/4 1691/2031/4
f 1694/2034/17 3639/2037/13 1652/2035/13
f 3639/2037/13 3640/2033/13 1651/2030/13
f 1693/2038/17 3641/2039/13 3639/2037/13
f 3641/2039/13 3642/2000/13 3640/2033/13
f 1693/2038/17 267/2084/17 1668/2040/13
f 1668/2040/13 1667/1999/13 3642/2000/13
f 3644/2041/12 1677/2043/12 266/2042/14
f 3646/1998/12 1678/1997/12 1677/2043/12
f 1661/2044/12 3643/2045/12 1690/2029/14
f 3643/2045/12 3644/2041/12 1689/2001/14
f 1662/2046/12 3645/2047/12 3643/2045/12
f 3645/2047/12 3646/1998/12 3644/2041/12
f 264/2032/4 1691/2031/4 3645/2047/12
f 1691/2031/4 1692/1996/4 3646/1998/12
f 3648/2048/11 1671/2051/11 265/2049/18
f 3650/1995/11 1672/1994/11 1671/2051/11
f 1655/2052/11 3647/2055/11 1680/2053/18
f 3647/2055/11 3648/2048/11 1679/2050/18
f 1656/2056/11 3649/2057/11 3647/2055/11
f 3649/2057/11 3650/1995/11 3648/2048/11
f 261/2024/1 1687/2023/1 3649/2057/11
f 1687/2023/1 1688/1993/1 3650/1995/11
f 3652/2058/10 1666/2060/10 268/2059/8
f 3654/1992/10 1665/1991/10 1666/2060/10
f 1650/2061/10 3651/2064/10 1685/2062/8
f 3651/2064/10 3652/2058/10 1686/1988/8
f 1649/2065/10 3653/2066/10 3651/2064/10
f 3653/2066/10 3654/1992/10 3652/2058/10
f 263/2067/6 1681/2068/6 3653/2066/10
f 1681/2068/6 1682/1986/6 3654/1992/10
f 3656/2069/9 1669/2071/9 270/2070/5
f 3658/1990/9 1670/1989/9 1669/2071/9
f 1653/2072/9 3655/2073/9 1684/2011/5
f 3655/2073/9 3656/2069/9 1683/2015/5
f 1654/2074/9 3657/2075/9 3655/2073/9
f 3657/2075/9 3658/1990/9 3656/2069/9
f 260/2063/8 1685/2062/8 3657/2075/9
f 1685/2062/8 1686/1988/8 3658/1990/9
f 3660/2076/7 1681/2068/6 263/2067/6
f 3662/1987/7 1682/1986/6 1681/2068/6
f 1680/2053/18 3659/2079/7 1659/2078/7
f 3659/2079/7 3660/2076/7 1660/2077/7
f 1679/2050/18 3661/2080/7 3659/2079/7
f 3661/2080/7 3662/1987/7 3660/2076/7
f 265/2049/18 1675/2081/7 3661/2080/7
f 1675/2081/7 1676/1985/7 3662/1987/7
usemtl Material.003
s off
f 1985/2085/2 2389/2086/2 3630/2087/2
f 2584/2088/2 2387/2089/2 3626/2090/2
f 2580/2091/19 2386/2092/19 3622/2093/19
f 1977/2094/2 2487/2095/2 3618/2096/2
f 1699/2097/3 1718/2098/3 3614/2099/3
f 4456/2100/1 4549/2101/1 4670/2102/1
f 4462/2103/4 4551/2104/4 4666/2105/4
f 4468/2106/5 4553/2107/5 4662/2108/5
f 4474/2109/6 4454/2110/6 4658/2111/6
f 4455/2112/3 4474/2113/3 4654/2114/3
f 4204/2115/1 4235/2116/1 4434/2117/1
f 4210/2118/4 4247/2119/4 4430/2120/4
f 4216/2121/5 4259/2122/5 4426/2123/5
f 4222/2124/6 4202/2125/6 4422/2126/6
f 4418/2127/3 396/2128/3 4222/2129/3
f 1724/2130/1 1725/2131/1 3610/2132/1
f 1730/2133/4 1731/2134/4 3606/2135/4
f 1736/2136/5 1737/2137/5 3602/2138/5
f 1742/2139/6 1722/2140/6 3598/2141/6
f 1723/2142/3 1742/2143/3 3594/2144/3
f 1748/2145/1 1749/2146/1 3590/2147/1
f 1754/2148/4 1755/2149/4 3586/2150/4
f 1760/2151/5 1761/2152/5 3582/2153/5
f 1766/2154/6 1746/2155/6 3578/2156/6
f 1747/2157/3 1766/2158/3 3574/2159/3
f 1772/2160/1 1773/2161/1 3570/2162/1
f 1778/2163/4 1779/2164/4 3566/2165/4
f 1784/2166/5 1785/2167/5 3562/2168/5
f 1790/2169/6 1770/2170/6 3558/2171/6
f 1771/2172/3 1790/2173/3 3554/2174/3
f 432/2175/3 434/2176/3 433/2177/3
f 429/2178/6 431/2179/6 427/2180/6
f 428/2181/4 433/2177/4 430/2182/4
f 430/2182/5 434/2176/5 429/2178/5
f 427/2180/1 432/2175/1 428/2181/1
f 4478/2183/6 4476/2184/6 4650/2185/6
f 4480/2186/5 4511/2187/5 4646/2188/5
f 4482/2189/4 4505/2190/4 4642/2191/4
f 4484/2192/1 4499/2193/1 4638/2194/1
f 4498/2195/2 4495/2196/2 4634/2197/2
f 4481/2198/3 4484/2199/3 4630/2200/3
f 1992/2201/6 1792/2202/6 3550/2203/6
f 2574/2204/2 2383/2205/2 3546/2206/2
f 1996/2207/6 1796/2208/6 3542/2209/6
f 2570/2210/20 2486/2211/20 3538/2212/20
f 2000/2213/6 1800/2214/6 3534/2215/6
f 2566/2216/19 2382/2217/19 3530/2218/19
f 2004/2219/6 1804/2220/6 3526/2221/6
f 2562/2222/2 2483/2223/2 3522/2224/2
f 2008/2225/6 1808/2226/6 3518/2227/6
f 2558/2228/2 2379/2229/2 3514/2230/2
f 2012/2231/6 1812/2232/6 3510/2233/6
f 2554/2234/20 2482/2235/20 3506/2236/20
f 2016/2237/6 1816/2238/6 3502/2239/6
f 2550/2240/19 2378/2241/19 3498/2242/19
f 2020/2243/6 1820/2244/6 3494/2245/6
f 2546/2246/2 2479/2247/2 3490/2248/2
f 2024/2249/6 1824/2250/6 3486/2251/6
f 2542/2252/2 2375/2253/2 3482/2254/2
f 2028/2255/6 1828/2256/6 3478/2257/6
f 2538/2258/20 2478/2259/20 3474/2260/20
f 2032/2261/6 1832/2262/6 3470/2263/6
f 2534/2264/19 2374/2265/19 3466/2266/19
f 2036/2267/6 1836/2268/6 3462/2269/6
f 2530/2270/2 2475/2271/2 3458/2272/2
f 2040/2273/6 1840/2274/6 3454/2275/6
f 2042/2276/5 1713/2277/5 3450/2278/5
f 2526/2279/2 2371/2280/2 3446/2281/2
f 2046/2282/5 1987/2283/5 3442/2284/5
f 2522/2285/20 2474/2286/20 3438/2287/20
f 2050/2288/5 1983/2289/5 3434/2290/5
f 2518/2291/19 2370/2292/19 3430/2293/19
f 2054/2294/5 1979/2295/5 3426/2296/5
f 2514/2297/2 2471/2298/2 3422/2299/2
f 2058/2300/5 1975/2301/5 3418/2302/5
f 2510/2303/2 2367/2304/2 3414/2305/2
f 2062/2306/5 1971/2307/5 3410/2308/5
f 2506/2309/20 2470/2310/20 3406/2311/20
f 2066/2312/5 1967/2313/5 3402/2314/5
f 2502/2315/19 2366/2316/19 3398/2317/19
f 2070/2318/5 1963/2319/5 3394/2320/5
f 2498/2321/2 2467/2322/2 3390/2323/2
f 2074/2324/5 1959/2325/5 3386/2326/5
f 2494/2327/2 2363/2328/2 3382/2329/2
f 2078/2330/5 1955/2331/5 3378/2332/5
f 2490/2333/20 2466/2334/20 3374/2335/20
f 2082/2336/5 1951/2337/5 3370/2338/5
f 1794/2339/19 2362/2340/19 3366/2341/19
f 2086/2342/5 1947/2343/5 3362/2344/5
f 1802/2345/2 2463/2346/2 3358/2347/2
f 2090/2348/5 1943/2349/5 3354/2350/5
f 2092/2351/4 1707/2352/4 3350/2353/4
f 1810/2354/2 2359/2355/2 3346/2356/2
f 2096/2357/4 1937/2358/4 3342/2359/4
f 1818/2360/20 2462/2361/20 3338/2362/20
f 2100/2363/4 1933/2364/4 3334/2365/4
f 1826/2366/19 2358/2367/19 3330/2368/19
f 2104/2369/4 1929/2370/4 3326/2371/4
f 1834/2372/2 2459/2373/2 3322/2374/2
f 2108/2375/4 1925/2376/4 3318/2377/4
f 1842/2378/2 2355/2379/2 3314/2380/2
f 2112/2381/4 1921/2382/4 3310/2383/4
f 1850/2384/20 2458/2385/20 3306/2386/20
f 2116/2387/4 1917/2388/4 3302/2389/4
f 1858/2390/19 2354/2391/19 3298/2392/19
f 2120/2393/4 1913/2394/4 3294/2395/4
f 1866/2396/2 2455/2397/2 3290/2398/2
f 2124/2399/4 1909/2400/4 3286/2401/4
f 1874/2402/2 2351/2403/2 3282/2404/2
f 2128/2405/4 1905/2406/4 3278/2407/4
f 1882/2408/20 2454/2409/20 3274/2410/20
f 2132/2411/4 1901/2412/4 3270/2413/4
f 1890/2414/19 2350/2415/19 3266/2416/19
f 2136/2417/4 1897/2418/4 3262/2419/4
f 1896/2420/2 2451/2421/2 3258/2422/2
f 2140/2423/4 1893/2424/4 3254/2425/4
f 2142/2426/1 1701/2427/1 3250/2428/1
f 1904/2429/2 2347/2430/2 3246/2431/2
f 2146/2432/1 1887/2433/1 3242/2434/1
f 1912/2435/20 2450/2436/20 3238/2437/20
f 3234/2438/1 668/2439/1 1883/2440/1
f 1920/2441/19 2346/2442/19 3230/2443/19
f 3226/2444/1 666/2445/1 1879/2446/1
f 1928/2447/2 2447/2448/2 3222/2449/2
f 3218/2450/1 664/2451/1 1875/2452/1
f 1936/2453/2 2343/2454/2 3214/2455/2
f 2162/2456/1 1871/2457/1 3210/2458/1
f 1942/2459/20 2446/2460/20 3206/2461/20
f 3202/2462/1 660/2463/1 1867/2464/1
f 1950/2465/19 2342/2466/19 3198/2467/19
f 3194/2468/1 658/2469/1 1863/2470/1
f 1958/2471/2 2443/2472/2 3190/2473/2
f 3186/2474/1 656/2475/1 1859/2476/1
f 1966/2477/2 2339/2478/2 3182/2479/2
f 3178/2480/1 654/2481/1 1855/2482/1
f 1974/2483/20 2442/2484/20 3174/2485/20
f 3170/2486/1 652/2487/1 1851/2488/1
f 1982/2489/21 2337/2490/21 3166/2491/21
f 3162/2492/1 650/2493/1 1847/2494/1
f 1990/2495/2 2439/2496/2 3158/2497/2
f 3154/2498/1 648/2499/1 1843/2500/1
f 1700/2501/1 2239/2502/1 3150/2503/1
f 1706/2504/4 2589/2505/4 3146/2506/4
f 1712/2507/5 2585/2508/5 3142/2509/5
f 1718/2510/6 2588/2511/6 3138/2512/6
f 2292/2513/6 2192/2514/6 3134/2515/6
f 2296/2516/6 2194/2517/6 3130/2518/6
f 2300/2519/6 2196/2520/6 3126/2521/6
f 2304/2522/6 2198/2523/6 3122/2524/6
f 2308/2525/6 2200/2526/6 3118/2527/6
f 2312/2528/6 2202/2529/6 3114/2530/6
f 2316/2531/6 2204/2532/6 3110/2533/6
f 2320/2534/6 2206/2535/6 3106/2536/6
f 2324/2537/6 2208/2538/6 3102/2539/6
f 2328/2540/6 2210/2541/6 3098/2542/6
f 2332/2543/6 2212/2544/6 3094/2545/6
f 2336/2546/6 2214/2547/6 3090/2548/6
f 2342/2549/5 2287/2550/5 3086/2551/5
f 2346/2552/5 2285/2553/5 3082/2554/5
f 2350/2555/5 2283/2556/5 3078/2557/5
f 2354/2558/5 2281/2559/5 3074/2560/5
f 2358/2561/5 2279/2562/5 3070/2563/5
f 2362/2564/5 2277/2565/5 3066/2566/5
f 2366/2567/5 2275/2568/5 3062/2569/5
f 2370/2570/5 2273/2571/5 3058/2572/5
f 2374/2573/5 2271/2574/5 3054/2575/5
f 2378/2576/5 2269/2577/5 3050/2578/5
f 2382/2579/5 2267/2580/5 3046/2581/5
f 2386/2582/5 2265/2583/5 3042/2584/5
f 2392/2585/4 2263/2586/4 3038/2587/4
f 2396/2588/4 2261/2589/4 3034/2590/4
f 2400/2591/4 2259/2592/4 3030/2593/4
f 2404/2594/4 2257/2595/4 3026/2596/4
f 2408/2597/4 2255/2598/4 3022/2599/4
f 2412/2600/4 2253/2601/4 3018/2602/4
f 2416/2603/4 2251/2604/4 3014/2605/4
f 2420/2606/4 2249/2607/4 3010/2608/4
f 2424/2609/4 2247/2610/4 3006/2611/4
f 2428/2612/4 2245/2613/4 3002/2614/4
f 2432/2615/4 2243/2616/4 2998/2617/4
f 2436/2618/4 2241/2619/4 2994/2620/4
f 2442/2621/1 2237/2622/1 2990/2623/1
f 2446/2624/1 2235/2625/1 2986/2626/1
f 2450/2627/1 2233/2628/1 2982/2629/1
f 2454/2630/1 2231/2631/1 2978/2632/1
f 2458/2633/1 2229/2634/1 2974/2635/1
f 2462/2636/1 2227/2637/1 2970/2638/1
f 2466/2639/1 2225/2640/1 2966/2641/1
f 2962/2642/1 757/2643/1 2223/2644/1
f 2958/2645/1 755/2646/1 2221/2647/1
f 2954/2648/1 753/2649/1 2219/2650/1
f 2482/2651/1 2217/2652/1 2950/2653/1
f 2486/2654/1 2215/2655/1 2946/2656/1
f 1945/2657/22 2392/2658/22 2942/2659/22
f 1961/2660/2 2289/2661/2 2938/2662/2
f 1953/2663/2 2393/2664/2 2934/2665/2
f 1969/2666/23 2292/2667/23 2930/2668/23
f 1915/2669/22 2396/2670/22 2926/2671/22
f 1931/2672/2 2293/2673/2 2922/2674/2
f 1923/2675/2 2397/2676/2 2918/2677/2
f 1939/2678/23 2296/2679/23 2914/2680/23
f 1885/2681/22 2400/2682/22 2910/2683/22
f 1899/2684/2 2297/2685/2 2906/2686/2
f 1891/2687/2 2401/2688/2 2902/2689/2
f 1907/2690/23 2300/2691/23 2898/2692/23
f 1853/2693/22 2404/2694/22 2894/2695/22
f 1869/2696/2 2301/2697/2 2890/2698/2
f 1861/2699/2 2405/2700/2 2886/2701/2
f 1877/2702/23 2304/2703/23 2882/2704/23
f 1821/2705/22 2408/2706/22 2878/2707/22
f 1837/2708/2 2305/2709/2 2874/2710/2
f 1829/2711/2 2409/2712/2 2870/2713/2
f 1845/2714/23 2308/2715/23 2866/2716/23
f 1697/2717/22 2412/2718/22 2862/2719/22
f 1805/2720/2 2309/2721/2 2858/2722/2
f 1797/2723/2 2413/2724/2 2854/2725/2
f 1813/2726/23 2312/2727/23 2850/2728/23
f 2503/2729/22 2416/2730/22 2846/2731/22
f 2495/2732/2 2313/2733/2 2842/2734/2
f 2499/2735/2 2417/2736/2 2838/2737/2
f 2491/2738/23 2316/2739/23 2834/2740/23
f 2519/2741/22 2420/2742/22 2830/2743/22
f 2511/2744/2 2317/2745/2 2826/2746/2
f 2515/2747/2 2421/2748/2 2822/2749/2
f 2507/2750/23 2320/2751/23 2818/2752/23
f 2535/2753/22 2424/2754/22 2814/2755/22
f 2527/2756/2 2321/2757/2 2810/2758/2
f 2531/2759/2 2425/2760/2 2806/2761/2
f 2523/2762/23 2324/2763/23 2802/2764/23
f 2551/2765/22 2428/2766/22 2798/2767/22
f 2543/2768/2 2325/2769/2 2794/2770/2
f 2547/2771/2 2429/2772/2 2790/2773/2
f 2539/2774/23 2328/2775/23 2786/2776/23
f 2567/2777/22 2432/2778/22 2782/2779/22
f 2559/2780/2 2329/2781/2 2778/2782/2
f 2563/2783/2 2433/2784/2 2774/2785/2
f 2555/2786/23 2332/2787/23 2770/2788/23
f 2581/2789/22 2436/2790/22 2766/2791/22
f 2575/2792/2 2333/2793/2 2762/2794/2
f 2577/2795/2 2437/2796/2 2758/2797/2
f 2571/2798/23 2336/2799/23 2754/2800/23
f 2580/2801/23 2335/2802/23 799/2803/23
f 2752/2804/23 2336/2799/23 2335/2802/23
f 699/2805/23 2751/2806/23 2579/2807/23
f 2579/2807/23 2752/2804/23 2580/2801/23
f 2038/2808/23 2751/2806/23 2037/2809/23
f 2753/2810/23 2752/2804/23 2751/2806/23
f 646/2811/23 2753/2810/23 2038/2808/23
f 2572/2812/23 2754/2800/23 2753/2810/23
f 2584/2813/21 2438/2814/21 773/2815/21
f 2758/2797/2 2438/2814/2 2756/2816/2
f 673/2817/2 2755/2818/2 2583/2819/2
f 2583/2819/21 2756/2816/21 2584/2813/21
f 2139/2820/2 2755/2818/2 2140/2821/2
f 2757/2822/24 2756/2816/24 2755/2818/24
f 648/2823/2 2757/2822/2 2139/2820/2
f 2578/2824/2 2758/2797/2 2757/2822/2
f 2562/2825/2 2334/2826/2 746/2827/2
f 2762/2794/21 2334/2826/21 2760/2828/21
f 645/2829/2 2759/2830/2 2561/2831/2
f 2561/2831/2 2760/2828/2 2562/2825/2
f 2035/2832/2 2759/2830/2 2036/2833/2
f 2761/2834/2 2760/2828/2 2759/2830/2
f 700/2835/2 2761/2834/2 2035/2832/2
f 2576/2836/2 2762/2794/2 2761/2834/2
f 2570/2210/22 2435/2837/22 749/2838/22
f 2766/2791/22 2435/2837/22 2764/2839/22
f 649/2840/22 2763/2841/22 2569/2842/22
f 2569/2842/22 2764/2839/22 2570/2210/22
f 2138/2843/22 2763/2841/22 2137/2844/22
f 2765/2845/22 2764/2839/22 2763/2841/22
f 674/2846/22 2765/2845/22 2138/2843/22
f 2582/2847/22 2766/2791/22 2765/2845/22
f 2566/2848/23 2331/2849/23 801/2850/23
f 2770/2788/23 2331/2849/23 2768/2851/23
f 701/2852/23 2767/2853/23 2565/2854/23
f 2565/2854/23 2768/2851/23 2566/2848/23
f 2034/2855/23 2767/2853/23 2033/2856/23
f 2769/2857/23 2768/2851/23 2767/2853/23
f 644/2858/23 2769/2857/23 2034/2855/23
f 2556/2859/23 2770/2788/23 2769/2857/23
f 2574/2860/2 2434/2861/2 775/2862/2
f 2774/2785/2 2434/2861/2 2772/2863/2
f 675/2864/2 2771/2865/2 2573/2866/2
f 2573/2866/2 2772/2863/2 2574/2860/2
f 2135/2867/2 2771/2865/2 2136/2868/2
f 2773/2869/2 2772/2863/2 2771/2865/2
f 650/2870/2 2773/2869/2 2135/2867/2
f 2564/2871/2 2774/2785/2 2773/2869/2
f 2546/2872/2 2330/2873/2 744/2874/2
f 2778/2782/21 2330/2873/21 2776/2875/21
f 643/2876/2 2775/2877/2 2545/2878/2
f 2545/2878/2 2776/2875/2 2546/2872/2
f 2031/2879/2 2775/2877/2 2032/2880/2
f 2777/2881/2 2776/2875/2 2775/2877/2
f 702/2882/2 2777/2881/2 2031/2879/2
f 2560/2883/2 2778/2782/2 2777/2881/2
f 2554/2234/22 2431/2884/22 751/2885/22
f 2782/2779/22 2431/2884/22 2780/2886/22
f 651/2887/22 2779/2888/22 2553/2889/22
f 2553/2889/22 2780/2886/22 2554/2234/22
f 2134/2890/22 2779/2888/22 2133/2891/22
f 2781/2892/22 2780/2886/22 2779/2888/22
f 676/2893/22 2781/2892/22 2134/2890/22
f 2568/2894/22 2782/2779/22 2781/2892/22
f 2550/2895/23 2327/2896/23 803/2897/23
f 2786/2776/23 2327/2896/23 2784/2898/23
f 703/2899/23 2783/2900/23 2549/2901/23
f 2549/2901/23 2784/2898/23 2550/2895/23
f 2030/2902/23 2783/2900/23 2029/2903/23
f 2785/2904/23 2784/2898/23 2783/2900/23
f 642/2905/23 2785/2904/23 2030/2902/23
f 2540/2906/23 2786/2776/23 2785/2904/23
f 2558/2907/2 2430/2908/2 777/2909/2
f 2790/2773/2 2430/2908/2 2788/2910/2
f 677/2911/2 2787/2912/2 2557/2913/2
f 2557/2913/2 2788/2910/2 2558/2907/2
f 2131/2914/2 2787/2912/2 2132/2915/2
f 2789/2916/2 2788/2910/2 2787/2912/2
f 652/2917/2 2789/2916/2 2131/2914/2
f 2548/2918/2 2790/2773/2 2789/2916/2
f 2530/2919/2 2326/2920/2 742/2921/2
f 2794/2770/2 2326/2920/2 2792/2922/2
f 641/2923/2 2791/2924/2 2529/2925/2
f 2529/2925/2 2792/2922/2 2530/2919/2
f 2027/2926/2 2791/2924/2 2028/2927/2
f 2793/2928/2 2792/2922/2 2791/2924/2
f 704/2929/2 2793/2928/2 2027/2926/2
f 2544/2930/2 2794/2770/2 2793/2928/2
f 2538/2258/22 2427/2931/22 753/2932/22
f 2798/2767/22 2427/2931/22 2796/2933/22
f 653/2934/22 2795/2935/22 2537/2936/22
f 2537/2936/22 2796/2933/22 2538/2258/22
f 2130/2937/22 2795/2935/22 2129/2938/22
f 2797/2939/22 2796/2933/22 2795/2935/22
f 678/2940/22 2797/2939/22 2130/2937/22
f 2552/2941/22 2798/2767/22 2797/2939/22
f 2534/2942/23 2323/2943/23 805/2944/23
f 2802/2764/23 2323/2943/23 2800/2945/23
f 705/2946/23 2799/2947/23 2533/2948/23
f 2533/2948/23 2800/2945/23 2534/2942/23
f 2026/2949/23 2799/2947/23 2025/2950/23
f 2801/2951/23 2800/2945/23 2799/2947/23
f 640/2952/23 2801/2951/23 2026/2949/23
f 2524/2953/23 2802/2764/23 2801/2951/23
f 2542/2954/2 2426/2955/2 779/2956/2
f 2806/2761/2 2426/2955/2 2804/2957/2
f 679/2958/2 2803/2959/2 2541/2960/2
f 2541/2960/2 2804/2957/2 2542/2954/2
f 2127/2961/2 2803/2959/2 2128/2962/2
f 2805/2963/2 2804/2957/2 2803/2959/2
f 654/2964/2 2805/2963/2 2127/2961/2
f 2532/2965/2 2806/2761/2 2805/2963/2
f 2514/2966/2 2322/2967/2 740/2968/2
f 2810/2758/2 2322/2967/2 2808/2969/2
f 639/2970/2 2807/2971/2 2513/2972/2
f 2513/2972/2 2808/2969/2 2514/2966/2
f 2023/2973/2 2807/2971/2 2024/2974/2
f 2809/2975/2 2808/2969/2 2807/2971/2
f 706/2976/2 2809/2975/2 2023/2973/2
f 2528/2977/2 2810/2758/2 2809/2975/2
f 2522/2285/22 2423/2978/22 755/2979/22
f 2814/2755/22 2423/2978/22 2812/2980/22
f 655/2981/22 2811/2982/22 2521/2983/22
f 2521/2983/22 2812/2980/22 2522/2285/22
f 2126/2984/22 2811/2982/22 2125/2985/22
f 2813/2986/22 2812/2980/22 2811/2982/22
f 680/2987/22 2813/2986/22 2126/2984/22
f 2536/2988/22 2814/2755/22 2813/2986/22
f 2518/2989/23 2319/2990/23 807/2991/23
f 2818/2752/23 2319/2990/23 2816/2992/23
f 707/2993/23 2815/2994/23 2517/2995/23
f 2517/2995/23 2816/2992/23 2518/2989/23
f 2022/2996/23 2815/2994/23 2021/2997/23
f 2817/2998/23 2816/2992/23 2815/2994/23
f 638/2999/23 2817/2998/23 2022/2996/23
f 2508/3000/23 2818/2752/23 2817/2998/23
f 2526/3001/2 2422/3002/2 781/3003/2
f 2822/2749/2 2422/3002/2 2820/3004/2
f 681/3005/2 2819/3006/2 2525/3007/2
f 2525/3007/2 2820/3004/2 2526/3001/2
f 2123/3008/2 2819/3006/2 2124/3009/2
f 2821/3010/2 2820/3004/2 2819/3006/2
f 656/3011/2 2821/3010/2 2123/3008/2
f 2516/3012/2 2822/2749/2 2821/3010/2
f 2498/3013/2 2318/3014/2 738/3015/2
f 2824/3016/2 2317/2745/2 2318/3014/2
f 637/3017/2 2823/3018/2 2497/3019/2
f 2497/3019/2 2824/3016/2 2498/3013/2
f 2019/3020/2 2823/3018/2 2020/3021/2
f 2825/3022/2 2824/3016/2 2823/3018/2
f 708/3023/2 2825/3022/2 2019/3020/2
f 2512/3024/2 2826/2746/2 2825/3022/2
f 2506/2309/22 2419/3025/22 757/3026/22
f 2830/2743/22 2419/3025/22 2828/3027/22
f 657/3028/22 2827/3029/22 2505/3030/22
f 2505/3030/22 2828/3027/22 2506/2309/22
f 2122/3031/22 2827/3029/22 2121/3032/22
f 2829/3033/22 2828/3027/22 2827/3029/22
f 682/3034/22 2829/3033/22 2122/3031/22
f 2520/3035/22 2830/2743/22 2829/3033/22
f 2502/3036/23 2315/3037/23 809/3038/23
f 2832/3039/23 2316/2739/23 2315/3037/23
f 709/3040/23 2831/3041/23 2501/3042/23
f 2501/3042/23 2832/3039/23 2502/3036/23
f 2018/3043/23 2831/3041/23 2017/3044/23
f 2833/3045/23 2832/3039/23 2831/3041/23
f 636/3046/23 2833/3045/23 2018/3043/23
f 2492/3047/23 2834/2740/23 2833/3045/23
f 2510/3048/2 2418/3049/2 783/3050/2
f 2838/2737/2 2418/3049/2 2836/3051/2
f 683/3052/2 2835/3053/2 2509/3054/2
f 2509/3054/2 2836/3051/2 2510/3048/2
f 2119/3055/2 2835/3053/2 2120/3056/2
f 2837/3057/2 2836/3051/2 2835/3053/2
f 658/3058/2 2837/3057/2 2119/3055/2
f 2500/3059/2 2838/2737/2 2837/3057/2
f 1802/3060/2 2314/3061/2 736/3062/2
f 2842/2734/2 2314/3061/2 2840/3063/2
f 635/3064/2 2839/3065/2 1801/3066/2
f 1801/3066/2 2840/3063/2 1802/3060/2
f 2015/3067/2 2839/3065/2 2016/3068/2
f 2841/3069/2 2840/3063/2 2839/3065/2
f 710/3070/2 2841/3069/2 2015/3067/2
f 2496/3071/2 2842/2734/2 2841/3069/2
f 2490/2333/22 2415/3072/22 759/3073/22
f 2846/2731/22 2415/3072/22 2844/3074/22
f 659/3075/22 2843/3076/22 2489/3077/22
f 2489/3077/22 2844/3074/22 2490/2333/22
f 2118/3078/22 2843/3076/22 2117/3079/22
f 2845/3080/22 2844/3074/22 2843/3076/22
f 684/3081/22 2845/3080/22 2118/3078/22
f 2504/3082/22 2846/2731/22 2845/3080/22
f 1794/3083/23 2311/3084/23 811/3085/23
f 2850/2728/23 2311/3084/23 2848/3086/23
f 711/3087/23 2847/3088/23 1793/3089/23
f 1793/3089/23 2848/3086/23 1794/3083/23
f 2014/3090/23 2847/3088/23 2013/3091/23
f 2849/3092/23 2848/3086/23 2847/3088/23
f 634/3093/23 2849/3092/23 2014/3090/23
f 1814/3094/23 2850/2728/23 2849/3092/23
f 2494/3095/2 2414/3096/2 785/3097/2
f 2854/2725/2 2414/3096/2 2852/3098/2
f 685/3099/2 2851/3100/2 2493/3101/2
f 2493/3101/2 2852/3098/2 2494/3095/2
f 2115/3102/2 2851/3100/2 2116/3103/2
f 2853/3104/2 2852/3098/2 2851/3100/2
f 660/3105/2 2853/3104/2 2115/3102/2
f 1798/3106/2 2854/2725/2 2853/3104/2
f 1834/3107/2 2310/3108/2 734/3109/2
f 2856/3110/2 2309/2721/2 2310/3108/2
f 633/3111/2 2855/3112/2 1833/3113/2
f 1833/3113/2 2856/3110/2 1834/3107/2
f 2011/3114/2 2855/3112/2 2012/3115/2
f 2857/3116/2 2856/3110/2 2855/3112/2
f 712/3117/2 2857/3116/2 2011/3114/2
f 1806/3118/2 2858/2722/2 2857/3116/2
f 1818/2360/22 2411/3119/22 761/3120/22
f 2860/3121/22 2412/2718/22 2411/3119/22
f 661/3122/22 2859/3123/22 1817/3124/22
f 1817/3124/22 2860/3121/22 1818/2360/22
f 2114/3125/22 2859/3123/22 2113/3126/22
f 2861/3127/22 2860/3121/22 2859/3123/22
f 686/3128/22 2861/3127/22 2114/3125/22
f 1698/3129/22 2862/2719/22 2861/3127/22
f 1826/3130/23 2307/3131/23 813/3132/23
f 2866/2716/23 2307/3131/23 2864/3133/23
f 713/3134/23 2863/3135/23 1825/3136/23
f 1825/3136/23 2864/3133/23 1826/3130/23
f 2010/3137/23 2863/3135/23 2009/3138/23
f 2865/3139/23 2864/3133/23 2863/3135/23
f 632/3140/23 2865/3139/23 2010/3137/23
f 1846/3141/23 2866/2716/23 2865/3139/23
f 1810/3142/2 2410/3143/2 787/3144/2
f 2870/2713/2 2410/3143/2 2868/3145/2
f 687/3146/2 2867/3147/2 1809/3148/2
f 1809/3148/2 2868/3145/2 1810/3142/2
f 2111/3149/2 2867/3147/2 2112/3150/2
f 2869/3151/2 2868/3145/2 2867/3147/2
f 662/3152/2 2869/3151/2 2111/3149/2
f 1830/3153/2 2870/2713/2 2869/3151/2
f 1866/3154/2 2306/3155/2 732/3156/2
f 2872/3157/2 2305/2709/2 2306/3155/2
f 631/3158/2 2871/3159/2 1865/3160/2
f 1865/3160/2 2872/3157/2 1866/3154/2
f 2007/3161/2 2871/3159/2 2008/3162/2
f 2873/3163/2 2872/3157/2 2871/3159/2
f 714/3164/2 2873/3163/2 2007/3161/2
f 1838/3165/2 2874/2710/2 2873/3163/2
f 1850/2384/22 2407/3166/22 763/3167/22
f 2878/2707/22 2407/3166/22 2876/3168/22
f 663/3169/22 2875/3170/22 1849/3171/22
f 1849/3171/22 2876/3168/22 1850/2384/22
f 2110/3172/22 2875/3170/22 2109/3173/22
f 2877/3174/22 2876/3168/22 2875/3170/22
f 688/3175/22 2877/3174/22 2110/3172/22
f 1822/3176/22 2878/2707/22 2877/3174/22
f 1858/3177/23 2303/3178/23 815/3179/23
f 2880/3180/23 2304/2703/23 2303/3178/23
f 715/3181/23 2879/3182/23 1857/3183/23
f 1857/3183/23 2880/3180/23 1858/3177/23
f 2006/3184/23 2879/3182/23 2005/3185/23
f 2879/3182/23 2882/2704/23 2880/3180/23
f 630/3186/23 2881/3187/23 2006/3184/23
f 1878/3188/23 2882/2704/23 2881/3187/23
f 1842/3189/2 2406/3190/2 789/3191/2
f 2886/2701/2 2406/3190/2 2884/3192/2
f 689/3193/2 2883/3194/2 1841/3195/2
f 1841/3195/2 2884/3192/2 1842/3189/2
f 2107/3196/2 2883/3194/2 2108/3197/2
f 2885/3198/2 2884/3192/2 2883/3194/2
f 664/3199/2 2885/3198/2 2107/3196/2
f 1862/3200/2 2886/2701/2 2885/3198/2
f 1896/3201/2 2302/3202/2 730/3203/2
f 2888/3204/2 2301/2697/2 2302/3202/2
f 629/3205/2 2887/3206/2 1895/3207/2
f 1895/3207/2 2888/3204/2 1896/3201/2
f 2003/3208/2 2887/3206/2 2004/3209/2
f 2889/3210/2 2888/3204/2 2887/3206/2
f 716/3211/2 2889/3210/2 2003/3208/2
f 1870/3212/2 2890/2698/2 2889/3210/2
f 1882/2408/22 2403/3213/22 765/3214/22
f 2894/2695/22 2403/3213/22 2892/3215/22
f 665/3216/22 2891/3217/22 1881/3218/22
f 1881/3218/22 2892/3215/22 1882/2408/22
f 2106/3219/22 2891/3217/22 2105/3220/22
f 2893/3221/22 2892/3215/22 2891/3217/22
f 690/3222/22 2893/3221/22 2106/3219/22
f 1854/3223/22 2894/2695/22 2893/3221/22
f 1890/3224/23 2299/3225/23 817/3226/23
f 2896/3227/23 2300/2691/23 2299/3225/23
f 717/3228/23 2895/3229/23 1889/3230/23
f 1889/3230/23 2896/3227/23 1890/3224/23
f 2002/3231/23 2895/3229/23 2001/3232/23
f 2897/3233/23 2896/3227/23 2895/3229/23
f 628/3234/23 2897/3233/23 2002/3231/23
f 1908/3235/23 2898/2692/23 2897/3233/23
f 1874/3236/2 2402/3237/2 791/3238/2
f 2902/2689/2 2402/3237/2 2900/3239/2
f 691/3240/2 2899/3241/2 1873/3242/2
f 1873/3242/2 2900/3239/2 1874/3236/2
f 2103/3243/2 2899/3241/2 2104/3244/2
f 2901/3245/2 2900/3239/2 2899/3241/2
f 666/3246/2 2901/3245/2 2103/3243/2
f 1892/3247/2 2902/2689/2 2901/3245/2
f 1928/3248/2 2298/3249/2 728/3250/2
f 2906/2686/2 2298/3249/2 2904/3251/2
f 627/3252/2 2903/3253/2 1927/3254/2
f 1927/3254/2 2904/3251/2 1928/3248/2
f 1999/3255/2 2903/3253/2 2000/3256/2
f 2905/3257/2 2904/3251/2 2903/3253/2
f 718/3258/2 2905/3257/2 1999/3255/2
f 1900/3259/2 2906/2686/2 2905/3257/2
f 1912/2435/22 2399/3260/22 767/3261/22
f 2910/2683/22 2399/3260/22 2908/3262/22
f 667/3263/22 2907/3264/22 1911/3265/22
f 1911/3265/22 2908/3262/22 1912/2435/22
f 2102/3266/22 2907/3264/22 2101/3267/22
f 2909/3268/22 2908/3262/22 2907/3264/22
f 692/3269/22 2909/3268/22 2102/3266/22
f 1886/3270/22 2910/2683/22 2909/3268/22
f 1920/3271/23 2295/3272/23 819/3273/23
f 2914/2680/23 2295/3272/23 2912/3274/23
f 719/3275/23 2911/3276/23 1919/3277/23
f 1919/3277/23 2912/3274/23 1920/3271/23
f 1997/3278/23 2913/3279/23 2911/3276/23
f 2913/3279/23 2912/3274/23 2911/3276/23
f 626/3280/23 2913/3279/23 1998/3281/23
f 1940/3282/23 2914/2680/23 2913/3279/23
f 1904/3283/2 2398/3284/2 793/3285/2
f 2918/2677/2 2398/3284/2 2916/3286/2
f 693/3287/2 2915/3288/2 1903/3289/2
f 1903/3289/2 2916/3286/2 1904/3283/2
f 2099/3290/2 2915/3288/2 2100/3291/2
f 2917/3292/2 2916/3286/2 2915/3288/2
f 668/3293/2 2917/3292/2 2099/3290/2
f 1924/3294/2 2918/2677/2 2917/3292/2
f 1958/3295/2 2294/3296/2 726/3297/2
f 2920/3298/2 2293/2673/2 2294/3296/2
f 625/3299/2 2919/3300/2 1957/3301/2
f 1957/3301/2 2920/3298/2 1958/3295/2
f 1995/3302/2 2919/3300/2 1996/3303/2
f 2921/3304/2 2920/3298/2 2919/3300/2
f 720/3305/2 2921/3304/2 1995/3302/2
f 1932/3306/2 2922/2674/2 2921/3304/2
f 1942/2459/22 2395/3307/22 769/3308/22
f 2926/2671/22 2395/3307/22 2924/3309/22
f 669/3310/22 2923/3311/22 1941/3312/22
f 1941/3312/22 2924/3309/22 1942/2459/22
f 2098/3313/22 2923/3311/22 2097/3314/22
f 2925/3315/22 2924/3309/22 2923/3311/22
f 694/3316/22 2925/3315/22 2098/3313/22
f 1916/3317/22 2926/2671/22 2925/3315/22
f 1950/3318/23 2291/3319/23 821/3320/23
f 2928/3321/23 2292/2667/23 2291/3319/23
f 721/3322/23 2927/3323/23 1949/3324/23
f 1949/3324/23 2928/3321/23 1950/3318/23
f 1994/3325/23 2927/3323/23 1993/3326/23
f 2929/3327/23 2928/3321/23 2927/3323/23
f 624/3328/23 2929/3327/23 1994/3325/23
f 1970/3329/23 2930/2668/23 2929/3327/23
f 1936/3330/2 2394/3331/2 795/3332/2
f 2934/2665/2 2394/3331/2 2932/3333/2
f 695/3334/2 2931/3335/2 1935/3336/2
f 1935/3336/2 2932/3333/2 1936/3330/2
f 2095/3337/2 2931/3335/2 2096/3338/2
f 2933/3339/2 2932/3333/2 2931/3335/2
f 670/3340/2 2933/3339/2 2095/3337/2
f 1954/3341/2 2934/2665/2 2933/3339/2
f 1990/3342/2 2290/3343/2 724/3344/2
f 2936/3345/2 2289/2661/2 2290/3343/2
f 623/3346/2 2935/3347/2 1989/3348/2
f 1989/3348/2 2936/3345/2 1990/3342/2
f 1991/3349/2 2935/3347/2 1992/3350/2
f 2937/3351/2 2936/3345/2 2935/3347/2
f 722/3352/2 2937/3351/2 1991/3349/2
f 1962/3353/2 2938/2662/2 2937/3351/2
f 1974/2483/22 2391/3354/22 771/3355/22
f 2942/2659/22 2391/3354/22 2940/3356/22
f 671/3357/22 2939/3358/22 1973/3359/22
f 1973/3359/22 2940/3356/22 1974/2483/22
f 2094/3360/22 2939/3358/22 2093/3361/22
f 2941/3362/22 2940/3356/22 2939/3358/22
f 696/3363/22 2941/3362/22 2094/3360/22
f 1946/3364/22 2942/2659/22 2941/3362/22
f 2944/3365/1 750/3366/1 2484/3367/1
f 2946/2656/1 2216/3368/1 2944/3365/1
f 2213/3369/1 2483/3370/1 746/3371/1
f 2943/3372/1 2484/3367/1 2483/3370/1
f 2214/3373/1 2943/3372/1 2213/3369/1
f 2943/3372/1 2946/2656/1 2944/3365/1
f 747/3374/1 2945/3375/1 2214/3373/1
f 2485/3376/1 2946/2656/1 2945/3375/1
f 2480/3377/1 2218/3378/1 752/3379/1
f 2948/3380/1 2217/2652/1 2218/3378/1
f 744/3381/1 2947/3382/1 2479/3383/1
f 2479/3383/1 2948/3380/1 2480/3377/1
f 2211/3384/1 2949/3385/1 2947/3382/1
f 2947/3382/1 2950/2653/1 2948/3380/1
f 2212/3386/1 2481/3387/1 2949/3385/1
f 2949/3385/1 2482/2651/1 2950/2653/1
f 2476/3388/1 2220/3389/1 754/3390/1
f 2952/3391/1 2219/2650/1 2220/3389/1
f 742/3392/1 2951/3393/1 2475/3394/1
f 2475/3394/1 2952/3391/1 2476/3388/1
f 2209/3395/1 2953/3396/1 2951/3393/1
f 2951/3393/1 2954/2648/1 2952/3391/1
f 2210/3397/1 2477/3398/1 2953/3396/1
f 2953/3396/1 2478/3399/1 2954/2648/1
f 2472/3400/1 2222/3401/1 756/3402/1
f 2956/3403/1 2221/2647/1 2222/3401/1
f 740/3404/1 2955/3405/1 2471/3406/1
f 2471/3406/1 2956/3403/1 2472/3400/1
f 2207/3407/1 2957/3408/1 2955/3405/1
f 2955/3405/1 2958/2645/1 2956/3403/1
f 2208/3409/1 2473/3410/1 2957/3408/1
f 2957/3408/1 2474/3411/1 2958/2645/1
f 2468/3412/1 2224/3413/1 758/3414/1
f 2960/3415/1 2223/2644/1 2224/3413/1
f 738/3416/1 2959/3417/1 2467/3418/1
f 2467/3418/1 2960/3415/1 2468/3412/1
f 2205/3419/1 2961/3420/1 2959/3417/1
f 2959/3417/1 2962/2642/1 2960/3415/1
f 2206/3421/1 2469/3422/1 2961/3420/1
f 2961/3420/1 2470/3423/1 2962/2642/1
f 2464/3424/1 2226/3425/1 760/3426/1
f 2966/2641/1 2226/3425/1 2964/3427/1
f 2203/3428/1 2463/3429/1 736/3430/1
f 2963/3431/1 2464/3424/1 2463/3429/1
f 2204/3432/1 2963/3431/1 2203/3428/1
f 2965/3433/1 2964/3427/1 2963/3431/1
f 2204/3432/1 2465/3434/1 2965/3433/1
f 2965/3433/1 2466/2639/1 2966/2641/1
f 2968/3435/1 762/3436/1 2460/3437/1
f 2970/2638/1 2228/3438/1 2968/3435/1
f 2201/3439/1 2459/3440/1 734/3441/1
f 2967/3442/1 2460/3437/1 2459/3440/1
f 2202/3443/1 2967/3442/1 2201/3439/1
f 2969/3444/1 2968/3435/1 2967/3442/1
f 735/3445/1 2969/3444/1 2202/3443/1
f 2461/3446/1 2970/2638/1 2969/3444/1
f 2972/3447/1 764/3448/1 2456/3449/1
f 2974/2635/1 2230/3450/1 2972/3447/1
f 2199/3451/1 2455/3452/1 732/3453/1
f 2971/3454/1 2456/3449/1 2455/3452/1
f 2200/3455/1 2971/3454/1 2199/3451/1
f 2973/3456/1 2972/3447/1 2971/3454/1
f 733/3457/1 2973/3456/1 2200/3455/1
f 2457/3458/1 2974/2635/1 2973/3456/1
f 2976/3459/1 766/3460/1 2452/3461/1
f 2978/2632/1 2232/3462/1 2976/3459/1
f 2197/3463/1 2451/3464/1 730/3465/1
f 2975/3466/1 2452/3461/1 2451/3464/1
f 2198/3467/1 2975/3466/1 2197/3463/1
f 2977/3468/1 2976/3459/1 2975/3466/1
f 731/3469/1 2977/3468/1 2198/3467/1
f 2453/3470/1 2978/2632/1 2977/3468/1
f 2980/3471/1 768/3472/1 2448/3473/1
f 2982/2629/1 2234/3474/1 2980/3471/1
f 2195/3475/1 2447/3476/1 728/3477/1
f 2979/3478/1 2448/3473/1 2447/3476/1
f 2196/3479/1 2979/3478/1 2195/3475/1
f 2981/3480/1 2980/3471/1 2979/3478/1
f 729/3481/1 2981/3480/1 2196/3479/1
f 2449/3482/1 2982/2629/1 2981/3480/1
f 2984/3483/1 770/3484/1 2444/3485/1
f 2986/2626/1 2236/3486/1 2984/3483/1
f 2193/3487/1 2443/3488/1 726/3489/1
f 2983/3490/1 2444/3485/1 2443/3488/1
f 2194/3491/1 2983/3490/1 2193/3487/1
f 2985/3492/1 2984/3483/1 2983/3490/1
f 727/3493/1 2985/3492/1 2194/3491/1
f 2445/3494/1 2986/2626/1 2985/3492/1
f 2988/3495/1 772/3496/1 2440/3497/1
f 2990/2623/1 2238/3498/1 2988/3495/1
f 2191/3499/1 2439/3500/1 724/3501/1
f 2987/3502/1 2440/3497/1 2439/3500/1
f 2192/3503/1 2987/3502/1 2191/3499/1
f 2989/3504/1 2988/3495/1 2987/3502/1
f 725/3505/1 2989/3504/1 2192/3503/1
f 2441/3506/1 2990/2623/1 2989/3504/1
f 2992/3507/4 775/2862/4 2434/3508/4
f 2994/2620/4 2242/3509/4 2992/3507/4
f 2216/3510/4 2433/3511/4 750/3512/4
f 2991/3513/4 2434/3508/4 2433/3511/4
f 2215/3514/4 2991/3513/4 2216/3510/4
f 2993/3515/4 2992/3507/4 2991/3513/4
f 749/3516/4 2993/3515/4 2215/3514/4
f 2435/3517/4 2994/2620/4 2993/3515/4
f 2996/3518/4 777/2909/4 2430/3519/4
f 2998/2617/4 2244/3520/4 2996/3518/4
f 2218/3521/4 2429/3522/4 752/3523/4
f 2995/3524/4 2430/3519/4 2429/3522/4
f 2217/3525/4 2995/3524/4 2218/3521/4
f 2997/3526/4 2996/3518/4 2995/3524/4
f 751/3527/4 2997/3526/4 2217/3525/4
f 2431/3528/4 2998/2617/4 2997/3526/4
f 3000/3529/4 779/2956/4 2426/3530/4
f 3002/2614/4 2246/3531/4 3000/3529/4
f 2220/3532/4 2425/3533/4 754/3534/4
f 2999/3535/4 2426/3530/4 2425/3533/4
f 2219/3536/4 2999/3535/4 2220/3532/4
f 3001/3537/4 3000/3529/4 2999/3535/4
f 753/3538/4 3001/3537/4 2219/3536/4
f 2427/3539/4 3002/2614/4 3001/3537/4
f 3004/3540/4 781/3003/4 2422/3541/4
f 3006/2611/4 2248/3542/4 3004/3540/4
f 2222/3543/4 2421/3544/4 756/3545/4
f 3003/3546/4 2422/3541/4 2421/3544/4
f 2221/3547/4 3003/3546/4 2222/3543/4
f 3005/3548/4 3004/3540/4 3003/3546/4
f 755/3549/4 3005/3548/4 2221/3547/4
f 2423/3550/4 3006/2611/4 3005/3548/4
f 3008/3551/4 783/3050/4 2418/3552/4
f 3010/2608/4 2250/3553/4 3008/3551/4
f 2224/3554/4 2417/3555/4 758/3556/4
f 3007/3557/4 2418/3552/4 2417/3555/4
f 2223/3558/4 3007/3557/4 2224/3554/4
f 3009/3559/4 3008/3551/4 3007/3557/4
f 757/3560/4 3009/3559/4 2223/3558/4
f 2419/3561/4 3010/2608/4 3009/3559/4
f 3012/3562/4 785/3097/4 2414/3563/4
f 3014/2605/4 2252/3564/4 3012/3562/4
f 2226/3565/4 2413/3566/4 760/3567/4
f 3011/3568/4 2414/3563/4 2413/3566/4
f 2225/3569/4 3011/3568/4 2226/3565/4
f 3013/3570/4 3012/3562/4 3011/3568/4
f 759/3571/4 3013/3570/4 2225/3569/4
f 2415/3572/4 3014/2605/4 3013/3570/4
f 3016/3573/4 787/3144/4 2410/3574/4
f 3018/2602/4 2254/3575/4 3016/3573/4
f 2228/3576/4 2409/3577/4 762/3578/4
f 3015/3579/4 2410/3574/4 2409/3577/4
f 2227/3580/4 3015/3579/4 2228/3576/4
f 3017/3581/4 3016/3573/4 3015/3579/4
f 761/3582/4 3017/3581/4 2227/3580/4
f 2411/3583/4 3018/2602/4 3017/3581/4
f 3020/3584/4 789/3191/4 2406/3585/4
f 3022/2599/4 2256/3586/4 3020/3584/4
f 2230/3587/4 2405/3588/4 764/3589/4
f 3019/3590/4 2406/3585/4 2405/3588/4
f 2229/3591/4 3019/3590/4 2230/3587/4
f 3021/3592/4 3020/3584/4 3019/3590/4
f 763/3593/4 3021/3592/4 2229/3591/4
f 2407/3594/4 3022/2599/4 3021/3592/4
f 3024/3595/4 791/3238/4 2402/3596/4
f 3026/2596/4 2258/3597/4 3024/3595/4
f 2232/3598/4 2401/3599/4 766/3600/4
f 3023/3601/4 2402/3596/4 2401/3599/4
f 2231/3602/4 3023/3601/4 2232/3598/4
f 3025/3603/4 3024/3595/4 3023/3601/4
f 765/3604/4 3025/3603/4 2231/3602/4
f 2403/3605/4 3026/2596/4 3025/3603/4
f 3028/3606/4 793/3285/4 2398/3607/4
f 3030/2593/4 2260/3608/4 3028/3606/4
f 2234/3609/4 2397/3610/4 768/3611/4
f 3027/3612/4 2398/3607/4 2397/3610/4
f 2233/3613/4 3027/3612/4 2234/3609/4
f 3029/3614/4 3028/3606/4 3027/3612/4
f 767/3615/4 3029/3614/4 2233/3613/4
f 2399/3616/4 3030/2593/4 3029/3614/4
f 3032/3617/4 795/3332/4 2394/3618/4
f 3034/2590/4 2262/3619/4 3032/3617/4
f 2236/3620/4 2393/3621/4 770/3622/4
f 3031/3623/4 2394/3618/4 2393/3621/4
f 2235/3624/4 3031/3623/4 2236/3620/4
f 3033/3625/4 3032/3617/4 3031/3623/4
f 769/3626/4 3033/3625/4 2235/3624/4
f 2395/3627/4 3034/2590/4 3033/3625/4
f 3036/3628/4 797/3629/4 2390/3630/4
f 3038/2587/4 2264/3631/4 3036/3628/4
f 2238/3632/4 2389/3633/4 772/3634/4
f 3035/3635/4 2390/3630/4 2389/3633/4
f 2237/3636/4 3035/3635/4 2238/3632/4
f 3037/3637/4 3036/3628/4 3035/3635/4
f 771/3638/4 3037/3637/4 2237/3636/4
f 2391/3639/4 3038/2587/4 3037/3637/4
f 3040/3640/5 800/3641/5 2384/3642/5
f 3042/2584/5 2266/3643/5 3040/3640/5
f 2242/3644/5 2383/3645/5 775/3646/5
f 3039/3647/5 2384/3642/5 2383/3645/5
f 2241/3648/5 3039/3647/5 2242/3644/5
f 3041/3649/5 3040/3640/5 3039/3647/5
f 774/3650/5 3041/3649/5 2241/3648/5
f 2385/3651/5 3042/2584/5 3041/3649/5
f 3044/3652/5 802/3653/5 2380/3654/5
f 3046/2581/5 2268/3655/5 3044/3652/5
f 2244/3656/5 2379/3657/5 777/3658/5
f 3043/3659/5 2380/3654/5 2379/3657/5
f 2243/3660/5 3043/3659/5 2244/3656/5
f 3045/3661/5 3044/3652/5 3043/3659/5
f 776/3662/5 3045/3661/5 2243/3660/5
f 2381/3663/5 3046/2581/5 3045/3661/5
f 3048/3664/5 804/3665/5 2376/3666/5
f 3050/2578/5 2270/3667/5 3048/3664/5
f 2246/3668/5 2375/3669/5 779/3670/5
f 3047/3671/5 2376/3666/5 2375/3669/5
f 2245/3672/5 3047/3671/5 2246/3668/5
f 3049/3673/5 3048/3664/5 3047/3671/5
f 778/3674/5 3049/3673/5 2245/3672/5
f 2377/3675/5 3050/2578/5 3049/3673/5
f 3052/3676/5 806/3677/5 2372/3678/5
f 3054/2575/5 2272/3679/5 3052/3676/5
f 2248/3680/5 2371/3681/5 781/3682/5
f 3051/3683/5 2372/3678/5 2371/3681/5
f 2247/3684/5 3051/3683/5 2248/3680/5
f 3053/3685/5 3052/3676/5 3051/3683/5
f 780/3686/5 3053/3685/5 2247/3684/5
f 2373/3687/5 3054/2575/5 3053/3685/5
f 3056/3688/5 808/3689/5 2368/3690/5
f 3058/2572/5 2274/3691/5 3056/3688/5
f 2250/3692/5 2367/3693/5 783/3694/5
f 3055/3695/5 2368/3690/5 2367/3693/5
f 2249/3696/5 3055/3695/5 2250/3692/5
f 3057/3697/5 3056/3688/5 3055/3695/5
f 782/3698/5 3057/3697/5 2249/3696/5
f 2369/3699/5 3058/2572/5 3057/3697/5
f 3060/3700/5 810/3701/5 2364/3702/5
f 3062/2569/5 2276/3703/5 3060/3700/5
f 2252/3704/5 2363/3705/5 785/3706/5
f 3059/3707/5 2364/3702/5 2363/3705/5
f 2251/3708/5 3059/3707/5 2252/3704/5
f 3061/3709/5 3060/3700/5 3059/3707/5
f 784/3710/5 3061/3709/5 2251/3708/5
f 2365/3711/5 3062/2569/5 3061/3709/5
f 3064/3712/5 812/3713/5 2360/3714/5
f 3066/2566/5 2278/3715/5 3064/3712/5
f 2254/3716/5 2359/3717/5 787/3718/5
f 3063/3719/5 2360/3714/5 2359/3717/5
f 2253/3720/5 3063/3719/5 2254/3716/5
f 3065/3721/5 3064/3712/5 3063/3719/5
f 786/3722/5 3065/3721/5 2253/3720/5
f 2361/3723/5 3066/2566/5 3065/3721/5
f 3068/3724/5 814/3725/5 2356/3726/5
f 3070/2563/5 2280/3727/5 3068/3724/5
f 2256/3728/5 2355/3729/5 789/3730/5
f 3067/3731/5 2356/3726/5 2355/3729/5
f 2255/3732/5 3067/3731/5 2256/3728/5
f 3069/3733/5 3068/3724/5 3067/3731/5
f 788/3734/5 3069/3733/5 2255/3732/5
f 2357/3735/5 3070/2563/5 3069/3733/5
f 3072/3736/5 816/3737/5 2352/3738/5
f 3074/2560/5 2282/3739/5 3072/3736/5
f 2258/3740/5 2351/3741/5 791/3742/5
f 3071/3743/5 2352/3738/5 2351/3741/5
f 2257/3744/5 3071/3743/5 2258/3740/5
f 3073/3745/5 3072/3736/5 3071/3743/5
f 790/3746/5 3073/3745/5 2257/3744/5
f 2353/3747/5 3074/2560/5 3073/3745/5
f 3076/3748/5 818/3749/5 2348/3750/5
f 3078/2557/5 2284/3751/5 3076/3748/5
f 2260/3752/5 2347/3753/5 793/3754/5
f 3075/3755/5 2348/3750/5 2347/3753/5
f 2259/3756/5 3075/3755/5 2260/3752/5
f 3077/3757/5 3076/3748/5 3075/3755/5
f 792/3758/5 3077/3757/5 2259/3756/5
f 2349/3759/5 3078/2557/5 3077/3757/5
f 3080/3760/5 820/3761/5 2344/3762/5
f 3082/2554/5 2286/3763/5 3080/3760/5
f 2262/3764/5 2343/3765/5 795/3766/5
f 3079/3767/5 2344/3762/5 2343/3765/5
f 2261/3768/5 3079/3767/5 2262/3764/5
f 3081/3769/5 3080/3760/5 3079/3767/5
f 794/3770/5 3081/3769/5 2261/3768/5
f 2345/3771/5 3082/2554/5 3081/3769/5
f 3084/3772/5 822/3773/5 2340/3774/5
f 3086/2551/5 2288/3775/5 3084/3772/5
f 2264/3776/5 2339/3777/5 797/3778/5
f 3083/3779/5 2340/3774/5 2339/3777/5
f 2263/3780/5 3083/3779/5 2264/3776/5
f 3085/3781/5 3084/3772/5 3083/3779/5
f 796/3782/5 3085/3781/5 2263/3780/5
f 2341/3783/5 3086/2551/5 3085/3781/5
f 3088/3784/6 746/2827/6 2334/3785/6
f 3090/2548/6 2213/3786/6 3088/3784/6
f 2266/3787/6 2333/3788/6 800/3789/6
f 3087/3790/6 2334/3785/6 2333/3788/6
f 2265/3791/6 3087/3790/6 2266/3787/6
f 3089/3792/6 3088/3784/6 3087/3790/6
f 799/3793/6 3089/3792/6 2265/3791/6
f 2335/3794/6 3090/2548/6 3089/3792/6
f 3092/3795/6 744/2874/6 2330/3796/6
f 3094/2545/6 2211/3797/6 3092/3795/6
f 2268/3798/6 2329/3799/6 802/3800/6
f 3091/3801/6 2330/3796/6 2329/3799/6
f 2267/3802/6 3091/3801/6 2268/3798/6
f 3093/3803/6 3092/3795/6 3091/3801/6
f 801/3804/6 3093/3803/6 2267/3802/6
f 2331/3805/6 3094/2545/6 3093/3803/6
f 3096/3806/6 742/2921/6 2326/3807/6
f 3098/2542/6 2209/3808/6 3096/3806/6
f 2270/3809/6 2325/3810/6 804/3811/6
f 3095/3812/6 2326/3807/6 2325/3810/6
f 2269/3813/6 3095/3812/6 2270/3809/6
f 3097/3814/6 3096/3806/6 3095/3812/6
f 803/3815/6 3097/3814/6 2269/3813/6
f 2327/3816/6 3098/2542/6 3097/3814/6
f 3100/3817/6 740/2968/6 2322/3818/6
f 3102/2539/6 2207/3819/6 3100/3817/6
f 2272/3820/6 2321/3821/6 806/3822/6
f 3099/3823/6 2322/3818/6 2321/3821/6
f 2271/3824/6 3099/3823/6 2272/3820/6
f 3101/3825/6 3100/3817/6 3099/3823/6
f 805/3826/6 3101/3825/6 2271/3824/6
f 2323/3827/6 3102/2539/6 3101/3825/6
f 3104/3828/6 738/3015/6 2318/3829/6
f 3106/2536/6 2205/3830/6 3104/3828/6
f 2274/3831/6 2317/3832/6 808/3833/6
f 3103/3834/6 2318/3829/6 2317/3832/6
f 2273/3835/6 3103/3834/6 2274/3831/6
f 3105/3836/6 3104/3828/6 3103/3834/6
f 807/3837/6 3105/3836/6 2273/3835/6
f 2319/3838/6 3106/2536/6 3105/3836/6
f 3108/3839/6 736/3062/6 2314/3840/6
f 3110/2533/6 2203/3841/6 3108/3839/6
f 2276/3842/6 2313/3843/6 810/3844/6
f 3107/3845/6 2314/3840/6 2313/3843/6
f 2275/3846/6 3107/3845/6 2276/3842/6
f 3109/3847/6 3108/3839/6 3107/3845/6
f 809/3848/6 3109/3847/6 2275/3846/6
f 2315/3849/6 3110/2533/6 3109/3847/6
f 3112/3850/6 734/3109/6 2310/3851/6
f 3114/2530/6 2201/3852/6 3112/3850/6
f 2278/3853/6 2309/3854/6 812/3855/6
f 3111/3856/6 2310/3851/6 2309/3854/6
f 2277/3857/6 3111/3856/6 2278/3853/6
f 3113/3858/6 3112/3850/6 3111/3856/6
f 811/3859/6 3113/3858/6 2277/3857/6
f 2311/3860/6 3114/2530/6 3113/3858/6
f 3116/3861/6 732/3156/6 2306/3862/6
f 3118/2527/6 2199/3863/6 3116/3861/6
f 2280/3864/6 2305/3865/6 814/3866/6
f 3115/3867/6 2306/3862/6 2305/3865/6
f 2279/3868/6 3115/3867/6 2280/3864/6
f 3117/3869/6 3116/3861/6 3115/3867/6
f 813/3870/6 3117/3869/6 2279/3868/6
f 2307/3871/6 3118/2527/6 3117/3869/6
f 3120/3872/6 730/3203/6 2302/3873/6
f 3122/2524/6 2197/3874/6 3120/3872/6
f 2282/3875/6 2301/3876/6 816/3877/6
f 3119/3878/6 2302/3873/6 2301/3876/6
f 2281/3879/6 3119/3878/6 2282/3875/6
f 3121/3880/6 3120/3872/6 3119/3878/6
f 815/3881/6 3121/3880/6 2281/3879/6
f 2303/3882/6 3122/2524/6 3121/3880/6
f 3124/3883/6 728/3250/6 2298/3884/6
f 3126/2521/6 2195/3885/6 3124/3883/6
f 2284/3886/6 2297/3887/6 818/3888/6
f 3123/3889/6 2298/3884/6 2297/3887/6
f 2283/3890/6 3123/3889/6 2284/3886/6
f 3125/3891/6 3124/3883/6 3123/3889/6
f 817/3892/6 3125/3891/6 2283/3890/6
f 2299/3893/6 3126/2521/6 3125/3891/6
f 3128/3894/6 726/3297/6 2294/3895/6
f 3130/2518/6 2193/3896/6 3128/3894/6
f 2286/3897/6 2293/3898/6 820/3899/6
f 3127/3900/6 2294/3895/6 2293/3898/6
f 2285/3901/6 3127/3900/6 2286/3897/6
f 3129/3902/6 3128/3894/6 3127/3900/6
f 819/3903/6 3129/3902/6 2285/3901/6
f 2295/3904/6 3130/2518/6 3129/3902/6
f 3132/3905/6 724/3344/6 2290/3906/6
f 3134/2515/6 2191/3907/6 3132/3905/6
f 2288/3908/6 2289/3909/6 822/3910/6
f 3131/3911/6 2290/3906/6 2289/3909/6
f 2287/3912/6 3131/3911/6 2288/3908/6
f 3133/3913/6 3132/3905/6 3131/3911/6
f 821/3914/6 3133/3913/6 2287/3912/6
f 2291/3915/6 3134/2515/6 3133/3913/6
f 3136/3916/6 723/3917/6 2338/3918/6
f 3138/2512/6 2587/3919/6 3136/3916/6
f 2586/3920/6 2337/3921/6 798/3922/6
f 3135/3923/6 2338/3918/6 2337/3921/6
f 2585/3924/6 3135/3923/6 2586/3920/6
f 3137/3925/6 3136/3916/6 3135/3923/6
f 384/3926/6 3137/3925/6 2585/3924/6
f 1717/3927/6 3138/2512/6 3137/3925/6
f 3140/3928/5 798/3929/5 2388/3930/5
f 3142/2509/5 2586/3931/5 3140/3928/5
f 2590/3932/5 2387/3933/5 773/3934/5
f 3139/3935/5 2388/3930/5 2387/3933/5
f 2589/3936/5 3139/3935/5 2590/3932/5
f 3141/3937/5 3140/3928/5 3139/3935/5
f 386/3938/5 3141/3937/5 2589/3936/5
f 1711/3939/5 3142/2509/5 3141/3937/5
f 3144/3940/4 773/2815/4 2438/3941/4
f 3146/2506/4 2590/3942/4 3144/3940/4
f 2240/3943/4 2437/3944/4 748/3945/4
f 3143/3946/4 2438/3941/4 2437/3944/4
f 2239/3947/4 3143/3946/4 2240/3943/4
f 3145/3948/4 3144/3940/4 3143/3946/4
f 382/3949/4 3145/3948/4 2239/3947/4
f 1705/3950/4 3146/2506/4 3145/3948/4
f 3148/3951/1 748/3952/1 2488/3953/1
f 3150/2503/1 2240/3954/1 3148/3951/1
f 2587/3955/1 2487/3956/1 723/3957/1
f 3147/3958/1 2488/3953/1 2487/3956/1
f 2588/3959/1 3147/3958/1 2587/3955/1
f 3147/3958/1 3150/2503/1 3148/3951/1
f 380/3960/1 3149/3961/1 2588/3959/1
f 1699/3962/1 3150/2503/1 3149/3961/1
f 3152/3963/1 649/3964/1 2188/3965/1
f 3154/2498/1 1844/3966/1 3152/3963/1
f 1839/3967/1 2187/3968/1 646/3969/1
f 3151/3970/1 2188/3965/1 2187/3968/1
f 1840/2274/1 3151/3970/1 1839/3967/1
f 3153/3971/1 3152/3963/1 3151/3970/1
f 647/3972/1 3153/3971/1 1840/2274/1
f 2189/3973/1 3154/2498/1 3153/3971/1
f 1985/3974/2 2440/3975/2 772/3496/2
f 3158/2497/2 2440/3975/2 3156/3976/2
f 672/3977/2 3155/3978/2 1986/3979/2
f 1986/3979/2 3156/3976/2 1985/3974/2
f 2141/3980/2 3155/3978/2 2142/3981/2
f 3157/3982/2 3156/3976/2 3155/3978/2
f 623/3983/2 3157/3982/2 2141/3980/2
f 1989/3984/2 3158/2497/2 3157/3982/2
f 2184/3985/1 1848/3986/1 651/3987/1
f 3160/3988/1 1847/2494/1 1848/3986/1
f 644/3989/1 3159/3990/1 2183/3991/1
f 2183/3991/1 3160/3988/1 2184/3985/1
f 1835/3992/1 3161/3993/1 3159/3990/1
f 3159/3990/1 3162/2492/1 3160/3988/1
f 1836/2268/1 2185/3994/1 3161/3993/1
f 3161/3993/1 2186/3995/1 3162/2492/1
f 1977/3996/2 2338/3997/2 723/3917/2
f 3166/2491/21 2338/3997/21 3164/3998/21
f 647/3999/2 3163/4000/2 1978/4001/2
f 1978/4001/21 3164/3998/21 1977/3996/21
f 2039/4002/2 3163/4000/2 2040/4003/2
f 3165/4004/2 3164/3998/2 3163/4000/2
f 698/4005/2 3165/4004/2 2039/4002/2
f 1981/4006/2 3166/2491/2 3165/4004/2
f 2180/4007/1 1852/4008/1 653/4009/1
f 3168/4010/1 1851/2488/1 1852/4008/1
f 642/4011/1 3167/4012/1 2179/4013/1
f 2179/4013/1 3168/4010/1 2180/4007/1
f 1831/4014/1 3169/4015/1 3167/4012/1
f 3167/4012/1 3170/2486/1 3168/4010/1
f 1832/2262/1 2181/4016/1 3169/4015/1
f 3169/4015/1 2182/4017/1 3170/2486/1
f 1969/2666/20 2441/4018/20 725/4019/20
f 3174/2485/20 2441/4018/20 3172/4020/20
f 624/3328/20 3171/4021/20 1970/3329/20
f 1970/3329/20 3172/4020/20 1969/2666/20
f 2144/4022/20 3171/4021/20 2143/4023/20
f 3173/4024/20 3172/4020/20 3171/4021/20
f 671/3357/20 3173/4024/20 2144/4022/20
f 1973/3359/20 3174/2485/20 3173/4024/20
f 2176/4025/1 1856/4026/1 655/4027/1
f 3176/4028/1 1855/2482/1 1856/4026/1
f 640/4029/1 3175/4030/1 2175/4031/1
f 2175/4031/1 3176/4028/1 2176/4025/1
f 1827/4032/1 3177/4033/1 3175/4030/1
f 3175/4030/1 3178/2480/1 3176/4028/1
f 1828/2256/1 2177/4034/1 3177/4033/1
f 3177/4033/1 2178/4035/1 3178/2480/1
f 1961/4036/2 2340/4037/2 822/3773/2
f 3180/4038/2 2339/2478/2 2340/4037/2
f 722/4039/2 3179/4040/2 1962/4041/2
f 1962/4041/2 3180/4038/2 1961/4036/2
f 2042/4042/2 3181/4043/2 3179/4040/2
f 3179/4040/2 3182/2479/2 3180/4038/2
f 697/4044/2 3181/4043/2 2041/4045/2
f 1965/4046/2 3182/2479/2 3181/4043/2
f 2172/4047/1 1860/4048/1 657/4049/1
f 3184/4050/1 1859/2476/1 1860/4048/1
f 638/4051/1 3183/4052/1 2171/4053/1
f 2171/4053/1 3184/4050/1 2172/4047/1
f 1823/4054/1 3185/4055/1 3183/4052/1
f 3183/4052/1 3186/2474/1 3184/4050/1
f 1824/2250/1 2173/4056/1 3185/4055/1
f 3185/4055/1 2174/4057/1 3186/2474/1
f 1953/4058/2 2444/4059/2 770/3484/2
f 3190/2473/2 2444/4059/2 3188/4060/2
f 670/4061/2 3187/4062/2 1954/4063/2
f 1954/4063/2 3188/4060/2 1953/4058/2
f 2145/4064/2 3187/4062/2 2146/4065/2
f 3189/4066/2 3188/4060/2 3187/4062/2
f 625/4067/2 3189/4066/2 2145/4064/2
f 1957/4068/2 3190/2473/2 3189/4066/2
f 2168/4069/1 1864/4070/1 659/4071/1
f 3192/4072/1 1863/2470/1 1864/4070/1
f 636/4073/1 3191/4074/1 2167/4075/1
f 2167/4075/1 3192/4072/1 2168/4069/1
f 1819/4076/1 3193/4077/1 3191/4074/1
f 3191/4074/1 3194/2468/1 3192/4072/1
f 1820/2244/1 2169/4078/1 3193/4077/1
f 3193/4077/1 2170/4079/1 3194/2468/1
f 1945/2657/19 2341/4080/19 796/4081/19
f 3198/2467/19 2341/4080/19 3196/4082/19
f 696/3363/19 3195/4083/19 1946/3364/19
f 1946/3364/19 3196/4082/19 1945/2657/19
f 2044/4084/19 3195/4083/19 2043/4085/19
f 3197/4086/19 3196/4082/19 3195/4083/19
f 721/4087/19 3197/4086/19 2044/4084/19
f 1949/4088/19 3198/2467/19 3197/4086/19
f 2164/4089/1 1868/4090/1 661/4091/1
f 3200/4092/1 1867/2464/1 1868/4090/1
f 634/4093/1 3199/4094/1 2163/4095/1
f 2163/4095/1 3200/4092/1 2164/4089/1
f 1815/4096/1 3201/4097/1 3199/4094/1
f 3199/4094/1 3202/2462/1 3200/4092/1
f 1816/2238/1 2165/4098/1 3201/4097/1
f 3201/4097/1 2166/4099/1 3202/2462/1
f 1939/2678/20 2445/4100/20 727/4101/20
f 3204/4102/20 2446/2460/20 2445/4100/20
f 626/3280/20 3203/4103/20 1940/3282/20
f 1940/3282/20 3204/4102/20 1939/2678/20
f 2148/4104/20 3203/4103/20 2147/4105/20
f 3205/4106/20 3204/4102/20 3203/4103/20
f 669/3310/20 3205/4106/20 2148/4104/20
f 1941/3312/20 3206/2461/20 3205/4106/20
f 2160/4107/1 1872/4108/1 663/4109/1
f 3210/2458/1 1872/4108/1 3208/4110/1
f 632/4111/1 3207/4112/1 2159/4113/1
f 2159/4113/1 3208/4110/1 2160/4107/1
f 1811/4114/1 3209/4115/1 3207/4112/1
f 3207/4112/1 3210/2458/1 3208/4110/1
f 1812/2232/1 2161/4116/1 3209/4115/1
f 3209/4115/1 2162/2456/1 3210/2458/1
f 1931/4117/2 2344/4118/2 820/3761/2
f 3212/4119/2 2343/2454/2 2344/4118/2
f 720/4120/2 3211/4121/2 1932/4122/2
f 1932/4122/2 3212/4119/2 1931/4117/2
f 2046/4123/2 3213/4124/2 3211/4121/2
f 3211/4121/2 3214/2455/2 3212/4119/2
f 695/4125/2 3213/4124/2 2045/4126/2
f 1935/4127/2 3214/2455/2 3213/4124/2
f 2156/4128/1 1876/4129/1 665/4130/1
f 3216/4131/1 1875/2452/1 1876/4129/1
f 1807/4132/1 2155/4133/1 630/4134/1
f 3215/4135/1 2156/4128/1 2155/4133/1
f 1808/2226/1 3215/4135/1 1807/4132/1
f 3217/4136/1 3216/4131/1 3215/4135/1
f 1808/2226/1 2157/4137/1 3217/4136/1
f 2157/4137/1 3218/2450/1 3217/4136/1
f 1923/4138/2 2448/4139/2 768/3472/2
f 3222/2449/2 2448/4139/2 3220/4140/2
f 668/4141/2 3219/4142/2 1924/4143/2
f 1924/4143/2 3220/4140/2 1923/4138/2
f 2149/4144/2 3219/4142/2 2150/4145/2
f 3221/4146/2 3220/4140/2 3219/4142/2
f 627/4147/2 3221/4146/2 2149/4144/2
f 1927/4148/2 3222/2449/2 3221/4146/2
f 3224/4149/1 667/4150/1 2152/4151/1
f 3226/2444/1 1880/4152/1 3224/4149/1
f 1803/4153/1 2151/4154/1 628/4155/1
f 2151/4154/1 3224/4149/1 2152/4151/1
f 1804/2220/1 3223/4156/1 1803/4153/1
f 3225/4157/1 3224/4149/1 3223/4156/1
f 629/4158/1 3225/4157/1 1804/2220/1
f 2153/4159/1 3226/2444/1 3225/4157/1
f 1915/2669/19 2345/4160/19 794/4161/19
f 3230/2443/19 2345/4160/19 3228/4162/19
f 694/3316/19 3227/4163/19 1916/3317/19
f 1916/3317/19 3228/4162/19 1915/2669/19
f 2048/4164/19 3227/4163/19 2047/4165/19
f 3229/4166/19 3228/4162/19 3227/4163/19
f 719/4167/19 3229/4166/19 2048/4164/19
f 1919/4168/19 3230/2443/19 3229/4166/19
f 3232/4169/1 669/4170/1 2148/4171/1
f 3234/2438/1 1884/4172/1 3232/4169/1
f 1799/4173/1 2147/4174/1 626/4175/1
f 3231/4176/1 2148/4171/1 2147/4174/1
f 1800/2214/1 3231/4176/1 1799/4173/1
f 3233/4177/1 3232/4169/1 3231/4176/1
f 627/4178/1 3233/4177/1 1800/2214/1
f 2149/4179/1 3234/2438/1 3233/4177/1
f 1907/2690/20 2449/4180/20 729/4181/20
f 3238/2437/20 2449/4180/20 3236/4182/20
f 628/3234/20 3235/4183/20 1908/3235/20
f 1908/3235/20 3236/4182/20 1907/2690/20
f 2152/4184/20 3235/4183/20 2151/4185/20
f 3237/4186/20 3236/4182/20 3235/4183/20
f 667/3263/20 3237/4186/20 2152/4184/20
f 1911/3265/20 3238/2437/20 3237/4186/20
f 3240/4187/1 671/4188/1 2144/4189/1
f 3242/2434/1 1888/4190/1 3240/4187/1
f 1795/4191/1 2143/4192/1 624/4193/1
f 3239/4194/1 2144/4189/1 2143/4192/1
f 1796/2208/1 3239/4194/1 1795/4191/1
f 3241/4195/1 3240/4187/1 3239/4194/1
f 625/4196/1 3241/4195/1 1796/2208/1
f 2145/4197/1 3242/2434/1 3241/4195/1
f 1899/4198/2 2348/4199/2 818/3749/2
f 3244/4200/2 2347/2430/2 2348/4199/2
f 718/4201/2 3243/4202/2 1900/4203/2
f 1900/4203/2 3244/4200/2 1899/4198/2
f 2050/4204/2 3245/4205/2 3243/4202/2
f 3243/4202/2 3246/2431/2 3244/4200/2
f 693/4206/2 3245/4205/2 2049/4207/2
f 1903/4208/2 3246/2431/2 3245/4205/2
f 3248/4209/1 381/4210/1 1695/4211/1
f 3250/2428/1 1702/4212/1 3248/4209/1
f 1791/4213/1 1696/4214/1 379/4215/1
f 3247/4216/1 1695/4211/1 1696/4214/1
f 1792/2202/1 3247/4216/1 1791/4213/1
f 3249/4217/1 3248/4209/1 3247/4216/1
f 623/4218/1 3249/4217/1 1792/2202/1
f 2141/4219/1 3250/2428/1 3249/4217/1
f 3252/4220/4 674/4221/4 2138/4222/4
f 3254/2425/4 1894/4223/4 3252/4220/4
f 1844/3966/4 2137/4224/4 649/3964/4
f 3251/4225/4 2138/4222/4 2137/4224/4
f 1843/2500/4 3251/4225/4 1844/3966/4
f 3253/4226/4 3252/4220/4 3251/4225/4
f 648/2499/4 3253/4226/4 1843/2500/4
f 2139/4227/4 3254/2425/4 3253/4226/4
f 1891/4228/2 2452/4229/2 766/3460/2
f 3258/2422/2 2452/4229/2 3256/4230/2
f 666/4231/2 3255/4232/2 1892/4233/2
f 1892/4233/2 3256/4230/2 1891/4228/2
f 2153/4234/2 3255/4232/2 2154/4235/2
f 3257/4236/2 3256/4230/2 3255/4232/2
f 629/4237/2 3257/4236/2 2153/4234/2
f 1895/4238/2 3258/2422/2 3257/4236/2
f 3260/4239/4 676/4240/4 2134/4241/4
f 3262/2419/4 1898/4242/4 3260/4239/4
f 1848/3986/4 2133/4243/4 651/3987/4
f 3259/4244/4 2134/4241/4 2133/4243/4
f 1847/2494/4 3259/4244/4 1848/3986/4
f 3261/4245/4 3260/4239/4 3259/4244/4
f 650/2493/4 3261/4245/4 1847/2494/4
f 2135/4246/4 3262/2419/4 3261/4245/4
f 1885/2681/19 2349/4247/19 792/4248/19
f 3266/2416/19 2349/4247/19 3264/4249/19
f 692/3269/19 3263/4250/19 1886/3270/19
f 1886/3270/19 3264/4249/19 1885/2681/19
f 2052/4251/19 3263/4250/19 2051/4252/19
f 3265/4253/19 3264/4249/19 3263/4250/19
f 717/4254/19 3265/4253/19 2052/4251/19
f 1889/4255/19 3266/2416/19 3265/4253/19
f 3268/4256/4 678/4257/4 2130/4258/4
f 3270/2413/4 1902/4259/4 3268/4256/4
f 1852/4008/4 2129/4260/4 653/4009/4
f 3267/4261/4 2130/4258/4 2129/4260/4
f 1851/2488/4 3267/4261/4 1852/4008/4
f 3269/4262/4 3268/4256/4 3267/4261/4
f 652/2487/4 3269/4262/4 1851/2488/4
f 2131/4263/4 3270/2413/4 3269/4262/4
f 1877/2702/20 2453/4264/20 731/4265/20
f 3272/4266/20 2454/2409/20 2453/4264/20
f 630/3186/20 3271/4267/20 1878/3188/20
f 1878/3188/20 3272/4266/20 1877/2702/20
f 2156/4268/20 3271/4267/20 2155/4269/20
f 3273/4270/20 3272/4266/20 3271/4267/20
f 665/3216/20 3273/4270/20 2156/4268/20
f 1881/3218/20 3274/2410/20 3273/4270/20
f 3276/4271/4 680/4272/4 2126/4273/4
f 3278/2407/4 1906/4274/4 3276/4271/4
f 1856/4026/4 2125/4275/4 655/4027/4
f 3275/4276/4 2126/4273/4 2125/4275/4
f 1855/2482/4 3275/4276/4 1856/4026/4
f 3277/4277/4 3276/4271/4 3275/4276/4
f 654/2481/4 3277/4277/4 1855/2482/4
f 2127/4278/4 3278/2407/4 3277/4277/4
f 1869/4279/2 2352/4280/2 816/3737/2
f 3280/4281/2 2351/2403/2 2352/4280/2
f 716/4282/2 3279/4283/2 1870/4284/2
f 1870/4284/2 3280/4281/2 1869/4279/2
f 2054/4285/2 3281/4286/2 3279/4283/2
f 3279/4283/2 3282/2404/2 3280/4281/2
f 691/4287/2 3281/4286/2 2053/4288/2
f 1873/4289/2 3282/2404/2 3281/4286/2
f 3284/4290/4 682/4291/4 2122/4292/4
f 3286/2401/4 1910/4293/4 3284/4290/4
f 1860/4048/4 2121/4294/4 657/4049/4
f 3283/4295/4 2122/4292/4 2121/4294/4
f 1859/2476/4 3283/4295/4 1860/4048/4
f 3285/4296/4 3284/4290/4 3283/4295/4
f 656/2475/4 3285/4296/4 1859/2476/4
f 2123/4297/4 3286/2401/4 3285/4296/4
f 1861/4298/2 2456/4299/2 764/3448/2
f 3290/2398/2 2456/4299/2 3288/4300/2
f 664/4301/2 3287/4302/2 1862/4303/2
f 1862/4303/2 3288/4300/2 1861/4298/2
f 2157/4304/2 3287/4302/2 2158/4305/2
f 3289/4306/2 3288/4300/2 3287/4302/2
f 631/4307/2 3289/4306/2 2157/4304/2
f 1865/4308/2 3290/2398/2 3289/4306/2
f 3292/4309/4 684/4310/4 2118/4311/4
f 3294/2395/4 1914/4312/4 3292/4309/4
f 1864/4070/4 2117/4313/4 659/4071/4
f 3291/4314/4 2118/4311/4 2117/4313/4
f 1863/2470/4 3291/4314/4 1864/4070/4
f 3293/4315/4 3292/4309/4 3291/4314/4
f 658/2469/4 3293/4315/4 1863/2470/4
f 2119/4316/4 3294/2395/4 3293/4315/4
f 1853/2693/19 2353/4317/19 790/4318/19
f 3298/2392/19 2353/4317/19 3296/4319/19
f 690/3222/19 3295/4320/19 1854/3223/19
f 1854/3223/19 3296/4319/19 1853/2693/19
f 2056/4321/19 3295/4320/19 2055/4322/19
f 3297/4323/19 3296/4319/19 3295/4320/19
f 715/4324/19 3297/4323/19 2056/4321/19
f 1857/4325/19 3298/2392/19 3297/4323/19
f 3300/4326/4 686/4327/4 2114/4328/4
f 3302/2389/4 1918/4329/4 3300/4326/4
f 1868/4090/4 2113/4330/4 661/4091/4
f 3299/4331/4 2114/4328/4 2113/4330/4
f 1867/2464/4 3299/4331/4 1868/4090/4
f 3301/4332/4 3300/4326/4 3299/4331/4
f 660/2463/4 3301/4332/4 1867/2464/4
f 2115/4333/4 3302/2389/4 3301/4332/4
f 1845/2714/20 2457/4334/20 733/4335/20
f 3304/4336/20 2458/2385/20 2457/4334/20
f 632/3140/20 3303/4337/20 1846/3141/20
f 1846/3141/20 3304/4336/20 1845/2714/20
f 2159/4338/20 3305/4339/20 3303/4337/20
f 3305/4339/20 3304/4336/20 3303/4337/20
f 663/3169/20 3305/4339/20 2160/4340/20
f 1849/3171/20 3306/2386/20 3305/4339/20
f 3308/4341/4 688/4342/4 2110/4343/4
f 3310/2383/4 1922/4344/4 3308/4341/4
f 1872/4108/4 2109/4345/4 663/4109/4
f 3307/4346/4 2110/4343/4 2109/4345/4
f 1871/2457/4 3307/4346/4 1872/4108/4
f 3309/4347/4 3308/4341/4 3307/4346/4
f 662/4348/4 3309/4347/4 1871/2457/4
f 2111/4349/4 3310/2383/4 3309/4347/4
f 1837/4350/2 2356/4351/2 814/3725/2
f 3312/4352/2 2355/2379/2 2356/4351/2
f 714/4353/2 3311/4354/2 1838/4355/2
f 1838/4355/2 3312/4352/2 1837/4350/2
f 2058/4356/2 3313/4357/2 3311/4354/2
f 3311/4354/2 3314/2380/2 3312/4352/2
f 689/4358/2 3313/4357/2 2057/4359/2
f 1841/4360/2 3314/2380/2 3313/4357/2
f 3316/4361/4 690/4362/4 2106/4363/4
f 3318/2377/4 1926/4364/4 3316/4361/4
f 1876/4129/4 2105/4365/4 665/4130/4
f 3315/4366/4 2106/4363/4 2105/4365/4
f 1875/2452/4 3315/4366/4 1876/4129/4
f 3317/4367/4 3316/4361/4 3315/4366/4
f 664/2451/4 3317/4367/4 1875/2452/4
f 2107/4368/4 3318/2377/4 3317/4367/4
f 1829/4369/2 2460/4370/2 762/3436/2
f 3322/2374/2 2460/4370/2 3320/4371/2
f 662/4372/2 3319/4373/2 1830/4374/2
f 1830/4374/2 3320/4371/2 1829/4369/2
f 2161/4375/2 3319/4373/2 2162/4376/2
f 3321/4377/2 3320/4371/2 3319/4373/2
f 633/4378/2 3321/4377/2 2161/4375/2
f 1833/4379/2 3322/2374/2 3321/4377/2
f 3324/4380/4 692/4381/4 2102/4382/4
f 3326/2371/4 1930/4383/4 3324/4380/4
f 1880/4152/4 2101/4384/4 667/4150/4
f 3323/4385/4 2102/4382/4 2101/4384/4
f 1879/2446/4 3323/4385/4 1880/4152/4
f 3325/4386/4 3324/4380/4 3323/4385/4
f 666/2445/4 3325/4386/4 1879/2446/4
f 2103/4387/4 3326/2371/4 3325/4386/4
f 1821/2705/19 2357/4388/19 788/4389/19
f 3330/2368/19 2357/4388/19 3328/4390/19
f 688/3175/19 3327/4391/19 1822/3176/19
f 1822/3176/19 3328/4390/19 1821/2705/19
f 2060/4392/19 3327/4391/19 2059/4393/19
f 3329/4394/19 3328/4390/19 3327/4391/19
f 713/4395/19 3329/4394/19 2060/4392/19
f 1825/4396/19 3330/2368/19 3329/4394/19
f 3332/4397/4 694/4398/4 2098/4399/4
f 3334/2365/4 1934/4400/4 3332/4397/4
f 1884/4172/4 2097/4401/4 669/4170/4
f 3331/4402/4 2098/4399/4 2097/4401/4
f 1883/2440/4 3331/4402/4 1884/4172/4
f 3333/4403/4 3332/4397/4 3331/4402/4
f 668/2439/4 3333/4403/4 1883/2440/4
f 2099/4404/4 3334/2365/4 3333/4403/4
f 1813/2726/20 2461/4405/20 735/4406/20
f 3336/4407/20 2462/2361/20 2461/4405/20
f 634/3093/20 3335/4408/20 1814/3094/20
f 1814/3094/20 3336/4407/20 1813/2726/20
f 2164/4409/20 3335/4408/20 2163/4410/20
f 3337/4411/20 3336/4407/20 3335/4408/20
f 661/3122/20 3337/4411/20 2164/4409/20
f 1817/3124/20 3338/2362/20 3337/4411/20
f 3340/4412/4 696/4413/4 2094/4414/4
f 3342/2359/4 1938/4415/4 3340/4412/4
f 1888/4190/4 2093/4416/4 671/4188/4
f 3339/4417/4 2094/4414/4 2093/4416/4
f 1887/2433/4 3339/4417/4 1888/4190/4
f 3341/4418/4 3340/4412/4 3339/4417/4
f 670/4419/4 3341/4418/4 1887/2433/4
f 2095/4420/4 3342/2359/4 3341/4418/4
f 1805/4421/2 2360/4422/2 812/3713/2
f 3344/4423/2 2359/2355/2 2360/4422/2
f 712/4424/2 3343/4425/2 1806/4426/2
f 1806/4426/2 3344/4423/2 1805/4421/2
f 2062/4427/2 3345/4428/2 3343/4425/2
f 3343/4425/2 3346/2356/2 3344/4423/2
f 687/4429/2 3345/4428/2 2061/4430/2
f 1809/4431/2 3346/2356/2 3345/4428/2
f 3348/4432/4 385/4433/4 1703/4434/4
f 3350/2353/4 1708/4435/4 3348/4432/4
f 1702/4212/4 1704/4436/4 381/4210/4
f 3347/4437/4 1703/4434/4 1704/4436/4
f 1701/2427/4 3347/4437/4 1702/4212/4
f 3349/4438/4 3348/4432/4 3347/4437/4
f 672/4439/4 3349/4438/4 1701/2427/4
f 2091/4440/4 3350/2353/4 3349/4438/4
f 3352/4441/5 699/4442/5 2088/4443/5
f 3354/2350/5 1944/4444/5 3352/4441/5
f 1894/4223/5 2087/4445/5 674/4221/5
f 3351/4446/5 2088/4443/5 2087/4445/5
f 1893/2424/5 3351/4446/5 1894/4223/5
f 3353/4447/5 3352/4441/5 3351/4446/5
f 673/4448/5 3353/4447/5 1893/2424/5
f 2089/4449/5 3354/2350/5 3353/4447/5
f 1797/4450/2 2464/4451/2 760/3426/2
f 3358/2347/2 2464/4451/2 3356/4452/2
f 660/4453/2 3355/4454/2 1798/4455/2
f 1798/4455/2 3356/4452/2 1797/4450/2
f 2165/4456/2 3355/4454/2 2166/4457/2
f 3357/4458/2 3356/4452/2 3355/4454/2
f 635/4459/2 3357/4458/2 2165/4456/2
f 1801/4460/2 3358/2347/2 3357/4458/2
f 3360/4461/5 701/4462/5 2084/4463/5
f 3362/2344/5 1948/4464/5 3360/4461/5
f 1898/4242/5 2083/4465/5 676/4240/5
f 3359/4466/5 2084/4463/5 2083/4465/5
f 1897/2418/5 3359/4466/5 1898/4242/5
f 3361/4467/5 3360/4461/5 3359/4466/5
f 675/4468/5 3361/4467/5 1897/2418/5
f 2085/4469/5 3362/2344/5 3361/4467/5
f 1697/2717/19 2361/4470/19 786/4471/19
f 3366/2341/19 2361/4470/19 3364/4472/19
f 686/3128/19 3363/4473/19 1698/3129/19
f 1698/3129/19 3364/4472/19 1697/2717/19
f 2064/4474/19 3363/4473/19 2063/4475/19
f 3365/4476/19 3364/4472/19 3363/4473/19
f 711/4477/19 3365/4476/19 2064/4474/19
f 1793/4478/19 3366/2341/19 3365/4476/19
f 3368/4479/5 703/4480/5 2080/4481/5
f 3370/2338/5 1952/4482/5 3368/4479/5
f 1902/4259/5 2079/4483/5 678/4257/5
f 3367/4484/5 2080/4481/5 2079/4483/5
f 1901/2412/5 3367/4484/5 1902/4259/5
f 3369/4485/5 3368/4479/5 3367/4484/5
f 677/4486/5 3369/4485/5 1901/2412/5
f 2081/4487/5 3370/2338/5 3369/4485/5
f 2491/2738/20 2465/4488/20 737/4489/20
f 3372/4490/20 2466/2334/20 2465/4488/20
f 636/3046/20 3371/4491/20 2492/3047/20
f 2492/3047/20 3372/4490/20 2491/2738/20
f 2167/4492/20 3373/4493/20 3371/4491/20
f 3371/4491/20 3374/2335/20 3372/4490/20
f 659/3075/20 3373/4493/20 2168/4494/20
f 2489/3077/20 3374/2335/20 3373/4493/20
f 3376/4495/5 705/4496/5 2076/4497/5
f 3378/2332/5 1956/4498/5 3376/4495/5
f 1906/4274/5 2075/4499/5 680/4272/5
f 3375/4500/5 2076/4497/5 2075/4499/5
f 1905/2406/5 3375/4500/5 1906/4274/5
f 3377/4501/5 3376/4495/5 3375/4500/5
f 679/4502/5 3377/4501/5 1905/2406/5
f 2077/4503/5 3378/2332/5 3377/4501/5
f 2495/4504/2 2364/4505/2 810/3701/2
f 3380/4506/2 2363/2328/2 2364/4505/2
f 710/4507/2 3379/4508/2 2496/4509/2
f 2496/4509/2 3380/4506/2 2495/4504/2
f 2066/4510/2 3381/4511/2 3379/4508/2
f 3379/4508/2 3382/2329/2 3380/4506/2
f 685/4512/2 3381/4511/2 2065/4513/2
f 2493/4514/2 3382/2329/2 3381/4511/2
f 3384/4515/5 707/4516/5 2072/4517/5
f 3386/2326/5 1960/4518/5 3384/4515/5
f 1910/4293/5 2071/4519/5 682/4291/5
f 3383/4520/5 2072/4517/5 2071/4519/5
f 1909/2400/5 3383/4520/5 1910/4293/5
f 3385/4521/5 3384/4515/5 3383/4520/5
f 681/4522/5 3385/4521/5 1909/2400/5
f 2073/4523/5 3386/2326/5 3385/4521/5
f 2499/4524/2 2468/4525/2 758/3414/2
f 3390/2323/2 2468/4525/2 3388/4526/2
f 658/4527/2 3387/4528/2 2500/4529/2
f 2500/4529/2 3388/4526/2 2499/4524/2
f 2169/4530/2 3387/4528/2 2170/4531/2
f 3389/4532/2 3388/4526/2 3387/4528/2
f 637/4533/2 3389/4532/2 2169/4530/2
f 2497/4534/2 3390/2323/2 3389/4532/2
f 3392/4535/5 709/4536/5 2068/4537/5
f 3394/2320/5 1964/4538/5 3392/4535/5
f 1914/4312/5 2067/4539/5 684/4310/5
f 3391/4540/5 2068/4537/5 2067/4539/5
f 1913/2394/5 3391/4540/5 1914/4312/5
f 3393/4541/5 3392/4535/5 3391/4540/5
f 683/4542/5 3393/4541/5 1913/2394/5
f 2069/4543/5 3394/2320/5 3393/4541/5
f 2503/2729/19 2365/4544/19 784/4545/19
f 3398/2317/19 2365/4544/19 3396/4546/19
f 684/3081/19 3395/4547/19 2504/3082/19
f 2504/3082/19 3396/4546/19 2503/2729/19
f 2068/4548/19 3395/4547/19 2067/4549/19
f 3397/4550/19 3396/4546/19 3395/4547/19
f 709/4551/19 3397/4550/19 2068/4548/19
f 2501/4552/19 3398/2317/19 3397/4550/19
f 3400/4553/5 711/4554/5 2064/4555/5
f 3402/2314/5 1968/4556/5 3400/4553/5
f 1918/4329/5 2063/4557/5 686/4327/5
f 3399/4558/5 2064/4555/5 2063/4557/5
f 1917/2388/5 3399/4558/5 1918/4329/5
f 3401/4559/5 3400/4553/5 3399/4558/5
f 685/4560/5 3401/4559/5 1917/2388/5
f 2065/4561/5 3402/2314/5 3401/4559/5
f 2507/2750/20 2469/4562/20 739/4563/20
f 3404/4564/20 2470/2310/20 2469/4562/20
f 638/2999/20 3403/4565/20 2508/3000/20
f 2508/3000/20 3404/4564/20 2507/2750/20
f 2171/4566/20 3405/4567/20 3403/4565/20
f 3403/4565/20 3406/2311/20 3404/4564/20
f 657/3028/20 3405/4567/20 2172/4568/20
f 2505/3030/20 3406/2311/20 3405/4567/20
f 3408/4569/5 713/4570/5 2060/4571/5
f 3410/2308/5 1972/4572/5 3408/4569/5
f 1922/4344/5 2059/4573/5 688/4342/5
f 3407/4574/5 2060/4571/5 2059/4573/5
f 1921/2382/5 3407/4574/5 1922/4344/5
f 3409/4575/5 3408/4569/5 3407/4574/5
f 687/4576/5 3409/4575/5 1921/2382/5
f 2061/4577/5 3410/2308/5 3409/4575/5
f 2511/4578/2 2368/4579/2 808/3689/2
f 3412/4580/2 2367/2304/2 2368/4579/2
f 708/4581/2 3411/4582/2 2512/4583/2
f 2512/4583/2 3412/4580/2 2511/4578/2
f 2070/4584/2 3413/4585/2 3411/4582/2
f 3411/4582/2 3414/2305/2 3412/4580/2
f 683/4586/2 3413/4585/2 2069/4587/2
f 2509/4588/2 3414/2305/2 3413/4585/2
f 3416/4589/5 715/4590/5 2056/4591/5
f 3418/2302/5 1976/4592/5 3416/4589/5
f 1926/4364/5 2055/4593/5 690/4362/5
f 3415/4594/5 2056/4591/5 2055/4593/5
f 1925/2376/5 3415/4594/5 1926/4364/5
f 3417/4595/5 3416/4589/5 3415/4594/5
f 689/4596/5 3417/4595/5 1925/2376/5
f 2057/4597/5 3418/2302/5 3417/4595/5
f 2515/4598/2 2472/4599/2 756/3402/2
f 3422/2299/2 2472/4599/2 3420/4600/2
f 656/4601/2 3419/4602/2 2516/4603/2
f 2516/4603/2 3420/4600/2 2515/4598/2
f 2173/4604/2 3419/4602/2 2174/4605/2
f 3421/4606/2 3420/4600/2 3419/4602/2
f 639/4607/2 3421/4606/2 2173/4604/2
f 2513/4608/2 3422/2299/2 3421/4606/2
f 3424/4609/5 717/4610/5 2052/4611/5
f 3426/2296/5 1980/4612/5 3424/4609/5
f 1930/4383/5 2051/4613/5 692/4381/5
f 3423/4614/5 2052/4611/5 2051/4613/5
f 1929/2370/5 3423/4614/5 1930/4383/5
f 3425/4615/5 3424/4609/5 3423/4614/5
f 691/4616/5 3425/4615/5 1929/2370/5
f 2053/4617/5 3426/2296/5 3425/4615/5
f 2519/2741/19 2369/4618/19 782/4619/19
f 3430/2293/19 2369/4618/19 3428/4620/19
f 682/3034/19 3427/4621/19 2520/3035/19
f 2520/3035/19 3428/4620/19 2519/2741/19
f 2072/4622/19 3427/4621/19 2071/4623/19
f 3429/4624/19 3428/4620/19 3427/4621/19
f 707/4625/19 3429/4624/19 2072/4622/19
f 2517/4626/19 3430/2293/19 3429/4624/19
f 3432/4627/5 719/4628/5 2048/4629/5
f 3434/2290/5 1984/4630/5 3432/4627/5
f 1934/4400/5 2047/4631/5 694/4398/5
f 3431/4632/5 2048/4629/5 2047/4631/5
f 1933/2364/5 3431/4632/5 1934/4400/5
f 3433/4633/5 3432/4627/5 3431/4632/5
f 693/4634/5 3433/4633/5 1933/2364/5
f 2049/4635/5 3434/2290/5 3433/4633/5
f 2523/2762/20 2473/4636/20 741/4637/20
f 3436/4638/20 2474/2286/20 2473/4636/20
f 640/2952/20 3435/4639/20 2524/2953/20
f 2524/2953/20 3436/4638/20 2523/2762/20
f 2176/4640/20 3435/4639/20 2175/4641/20
f 3435/4639/20 3438/2287/20 3436/4638/20
f 655/2981/20 3437/4642/20 2176/4640/20
f 2521/2983/20 3438/2287/20 3437/4642/20
f 3440/4643/5 721/4644/5 2044/4645/5
f 3442/2284/5 1988/4646/5 3440/4643/5
f 1938/4415/5 2043/4647/5 696/4413/5
f 3439/4648/5 2044/4645/5 2043/4647/5
f 1937/2358/5 3439/4648/5 1938/4415/5
f 3441/4649/5 3440/4643/5 3439/4648/5
f 695/4650/5 3441/4649/5 1937/2358/5
f 2045/4651/5 3442/2284/5 3441/4649/5
f 2527/4652/2 2372/4653/2 806/3677/2
f 3444/4654/2 2371/2280/2 2372/4653/2
f 706/4655/2 3443/4656/2 2528/4657/2
f 2528/4657/2 3444/4654/2 2527/4652/2
f 2074/4658/2 3445/4659/2 3443/4656/2
f 3443/4656/2 3446/2281/2 3444/4654/2
f 681/4660/2 3445/4659/2 2073/4661/2
f 2525/4662/2 3446/2281/2 3445/4659/2
f 3448/4663/5 383/4664/5 1709/4665/5
f 3450/2278/5 1714/4666/5 3448/4663/5
f 1708/4435/5 1710/4667/5 385/4433/5
f 3447/4668/5 1709/4665/5 1710/4667/5
f 1707/2352/5 3447/4668/5 1708/4435/5
f 3449/4669/5 3448/4663/5 3447/4668/5
f 697/4670/5 3449/4669/5 1707/2352/5
f 2041/4671/5 3450/2278/5 3449/4669/5
f 3452/4672/6 646/3969/6 2038/4673/6
f 3454/2275/6 1839/3967/6 3452/4672/6
f 1944/4674/6 2037/4675/6 699/4676/6
f 3451/4677/6 2038/4673/6 2037/4675/6
f 1943/4678/6 3451/4677/6 1944/4674/6
f 3453/4679/6 3452/4672/6 3451/4677/6
f 698/4680/6 3453/4679/6 1943/4678/6
f 2039/4681/6 3454/2275/6 3453/4679/6
f 2531/4682/2 2476/4683/2 754/3390/2
f 3458/2272/2 2476/4683/2 3456/4684/2
f 654/4685/2 3455/4686/2 2532/4687/2
f 2532/4687/2 3456/4684/2 2531/4682/2
f 2177/4688/2 3455/4686/2 2178/4689/2
f 3457/4690/2 3456/4684/2 3455/4686/2
f 641/4691/2 3457/4690/2 2177/4688/2
f 2529/4692/2 3458/2272/2 3457/4690/2
f 3460/4693/6 644/3989/6 2034/4694/6
f 3462/2269/6 1835/3992/6 3460/4693/6
f 1948/4695/6 2033/4696/6 701/4697/6
f 3459/4698/6 2034/4694/6 2033/4696/6
f 1947/4699/6 3459/4698/6 1948/4695/6
f 3461/4700/6 3460/4693/6 3459/4698/6
f 700/4701/6 3461/4700/6 1947/4699/6
f 2035/4702/6 3462/2269/6 3461/4700/6
f 2535/2753/19 2373/4703/19 780/4704/19
f 3466/2266/19 2373/4703/19 3464/4705/19
f 680/2987/19 3463/4706/19 2536/2988/19
f 2536/2988/19 3464/4705/19 2535/2753/19
f 2076/4707/19 3463/4706/19 2075/4708/19
f 3465/4709/19 3464/4705/19 3463/4706/19
f 705/4710/19 3465/4709/19 2076/4707/19
f 2533/4711/19 3466/2266/19 3465/4709/19
f 3468/4712/6 642/4011/6 2030/4713/6
f 3470/2263/6 1831/4014/6 3468/4712/6
f 1952/4714/6 2029/4715/6 703/4716/6
f 3467/4717/6 2030/4713/6 2029/4715/6
f 1951/4718/6 3467/4717/6 1952/4714/6
f 3469/4719/6 3468/4712/6 3467/4717/6
f 702/4720/6 3469/4719/6 1951/4718/6
f 2031/4721/6 3470/2263/6 3469/4719/6
f 2539/2774/20 2477/4722/20 743/4723/20
f 3472/4724/20 2478/2259/20 2477/4722/20
f 642/2905/20 3471/4725/20 2540/2906/20
f 2540/2906/20 3472/4724/20 2539/2774/20
f 2180/4726/20 3471/4725/20 2179/4727/20
f 3471/4725/20 3474/2260/20 3472/4724/20
f 653/2934/20 3473/4728/20 2180/4726/20
f 2537/2936/20 3474/2260/20 3473/4728/20
f 3476/4729/6 640/4029/6 2026/4730/6
f 3478/2257/6 1827/4032/6 3476/4729/6
f 1956/4731/6 2025/4732/6 705/4733/6
f 3475/4734/6 2026/4730/6 2025/4732/6
f 1955/4735/6 3475/4734/6 1956/4731/6
f 3477/4736/6 3476/4729/6 3475/4734/6
f 704/4737/6 3477/4736/6 1955/4735/6
f 2027/4738/6 3478/2257/6 3477/4736/6
f 2543/4739/2 2376/4740/2 804/3665/2
f 3480/4741/2 2375/2253/2 2376/4740/2
f 704/4742/2 3479/4743/2 2544/4744/2
f 2544/4744/2 3480/4741/2 2543/4739/2
f 2078/4745/2 3481/4746/2 3479/4743/2
f 3479/4743/2 3482/2254/2 3480/4741/2
f 679/4747/2 3481/4746/2 2077/4748/2
f 2541/4749/2 3482/2254/2 3481/4746/2
f 3484/4750/6 638/4051/6 2022/4751/6
f 3486/2251/6 1823/4054/6 3484/4750/6
f 1960/4752/6 2021/4753/6 707/4754/6
f 3483/4755/6 2022/4751/6 2021/4753/6
f 1959/4756/6 3483/4755/6 1960/4752/6
f 3485/4757/6 3484/4750/6 3483/4755/6
f 706/4758/6 3485/4757/6 1959/4756/6
f 2023/4759/6 3486/2251/6 3485/4757/6
f 2547/4760/2 2480/4761/2 752/3379/2
f 3490/2248/2 2480/4761/2 3488/4762/2
f 652/4763/2 3487/4764/2 2548/4765/2
f 2548/4765/2 3488/4762/2 2547/4760/2
f 2181/4766/2 3487/4764/2 2182/4767/2
f 3489/4768/2 3488/4762/2 3487/4764/2
f 643/4769/2 3489/4768/2 2181/4766/2
f 2545/4770/2 3490/2248/2 3489/4768/2
f 3492/4771/6 636/4073/6 2018/4772/6
f 3494/2245/6 1819/4076/6 3492/4771/6
f 1964/4773/6 2017/4774/6 709/4775/6
f 3491/4776/6 2018/4772/6 2017/4774/6
f 1963/4777/6 3491/4776/6 1964/4773/6
f 3493/4778/6 3492/4771/6 3491/4776/6
f 708/4779/6 3493/4778/6 1963/4777/6
f 2019/4780/6 3494/2245/6 3493/4778/6
f 2551/2765/19 2377/4781/19 778/4782/19
f 3498/2242/19 2377/4781/19 3496/4783/19
f 678/2940/19 3495/4784/19 2552/2941/19
f 2552/2941/19 3496/4783/19 2551/2765/19
f 2080/4785/19 3495/4784/19 2079/4786/19
f 3497/4787/19 3496/4783/19 3495/4784/19
f 703/4788/19 3497/4787/19 2080/4785/19
f 2549/4789/19 3498/2242/19 3497/4787/19
f 3500/4790/6 634/4093/6 2014/4791/6
f 3502/2239/6 1815/4096/6 3500/4790/6
f 1968/4792/6 2013/4793/6 711/4794/6
f 3499/4795/6 2014/4791/6 2013/4793/6
f 1967/4796/6 3499/4795/6 1968/4792/6
f 3501/4797/6 3500/4790/6 3499/4795/6
f 710/4798/6 3501/4797/6 1967/4796/6
f 2015/4799/6 3502/2239/6 3501/4797/6
f 2555/2786/20 2481/4800/20 745/4801/20
f 3504/4802/20 2482/2235/20 2481/4800/20
f 644/2858/20 3503/4803/20 2556/2859/20
f 2556/2859/20 3504/4802/20 2555/2786/20
f 2184/4804/20 3503/4803/20 2183/4805/20
f 3503/4803/20 3506/2236/20 3504/4802/20
f 651/2887/20 3505/4806/20 2184/4804/20
f 2553/2889/20 3506/2236/20 3505/4806/20
f 3508/4807/6 632/4111/6 2010/4808/6
f 3510/2233/6 1811/4114/6 3508/4807/6
f 1972/4809/6 2009/4810/6 713/4811/6
f 3507/4812/6 2010/4808/6 2009/4810/6
f 1971/4813/6 3507/4812/6 1972/4809/6
f 3509/4814/6 3508/4807/6 3507/4812/6
f 712/4815/6 3509/4814/6 1971/4813/6
f 2011/4816/6 3510/2233/6 3509/4814/6
f 2559/4817/2 2380/4818/2 802/3653/2
f 3512/4819/2 2379/2229/2 2380/4818/2
f 702/4820/2 3511/4821/2 2560/4822/2
f 2560/4822/2 3512/4819/2 2559/4817/2
f 2082/4823/2 3513/4824/2 3511/4821/2
f 3511/4821/2 3514/2230/2 3512/4819/2
f 677/4825/2 3513/4824/2 2081/4826/2
f 2557/4827/2 3514/2230/2 3513/4824/2
f 3516/4828/6 630/4134/6 2006/4829/6
f 3518/2227/6 1807/4132/6 3516/4828/6
f 1976/4830/6 2005/4831/6 715/4832/6
f 3515/4833/6 2006/4829/6 2005/4831/6
f 1975/4834/6 3515/4833/6 1976/4830/6
f 3517/4835/6 3516/4828/6 3515/4833/6
f 714/4836/6 3517/4835/6 1975/4834/6
f 2007/4837/6 3518/2227/6 3517/4835/6
f 2563/4838/2 2484/4839/2 750/3366/2
f 3522/2224/2 2484/4839/2 3520/4840/2
f 650/4841/2 3519/4842/2 2564/4843/2
f 2564/4843/2 3520/4840/2 2563/4838/2
f 2185/4844/2 3519/4842/2 2186/4845/2
f 3521/4846/2 3520/4840/2 3519/4842/2
f 645/4847/2 3521/4846/2 2185/4844/2
f 2561/4848/2 3522/2224/2 3521/4846/2
f 3524/4849/6 628/4155/6 2002/4850/6
f 3526/2221/6 1803/4153/6 3524/4849/6
f 1980/4851/6 2001/4852/6 717/4853/6
f 3523/4854/6 2002/4850/6 2001/4852/6
f 1979/4855/6 3523/4854/6 1980/4851/6
f 3525/4856/6 3524/4849/6 3523/4854/6
f 716/4857/6 3525/4856/6 1979/4855/6
f 2003/4858/6 3526/2221/6 3525/4856/6
f 2567/2777/19 2381/4859/19 776/4860/19
f 3530/2218/19 2381/4859/19 3528/4861/19
f 676/2893/19 3527/4862/19 2568/2894/19
f 2568/2894/19 3528/4861/19 2567/2777/19
f 2084/4863/19 3527/4862/19 2083/4864/19
f 3529/4865/19 3528/4861/19 3527/4862/19
f 701/4866/19 3529/4865/19 2084/4863/19
f 2565/4867/19 3530/2218/19 3529/4865/19
f 3532/4868/6 626/4175/6 1998/4869/6
f 3534/2215/6 1799/4173/6 3532/4868/6
f 1984/4870/6 1997/4871/6 719/4872/6
f 3531/4873/6 1998/4869/6 1997/4871/6
f 1983/4874/6 3531/4873/6 1984/4870/6
f 3533/4875/6 3532/4868/6 3531/4873/6
f 718/4876/6 3533/4875/6 1983/4874/6
f 1999/4877/6 3534/2215/6 3533/4875/6
f 2571/2798/20 2485/4878/20 747/4879/20
f 3538/2212/20 2485/4878/20 3536/4880/20
f 646/2811/20 3535/4881/20 2572/2812/20
f 2572/2812/20 3536/4880/20 2571/2798/20
f 2188/4882/20 3535/4881/20 2187/4883/20
f 3537/4884/20 3536/4880/20 3535/4881/20
f 649/2840/20 3537/4884/20 2188/4882/20
f 2569/2842/20 3538/2212/20 3537/4884/20
f 3540/4885/6 624/4193/6 1994/4886/6
f 3542/2209/6 1795/4191/6 3540/4885/6
f 1988/4887/6 1993/4888/6 721/4889/6
f 3539/4890/6 1994/4886/6 1993/4888/6
f 1987/4891/6 3539/4890/6 1988/4887/6
f 3541/4892/6 3540/4885/6 3539/4890/6
f 720/4893/6 3541/4892/6 1987/4891/6
f 1995/4894/6 3542/2209/6 3541/4892/6
f 2575/4895/2 2384/4896/2 800/3641/2
f 3544/4897/2 2383/2205/2 2384/4896/2
f 700/4898/2 3543/4899/2 2576/4900/2
f 2576/4900/2 3544/4897/2 2575/4895/2
f 2086/4901/2 3545/4902/2 3543/4899/2
f 3543/4899/2 3546/2206/2 3544/4897/2
f 675/4903/2 3545/4902/2 2085/4904/2
f 2573/4905/2 3546/2206/2 3545/4902/2
f 3548/4906/6 379/4215/6 1715/4907/6
f 3550/2203/6 1791/4213/6 3548/4906/6
f 1714/4908/6 1716/4909/6 383/4910/6
f 3547/4911/6 1715/4907/6 1716/4909/6
f 1713/4912/6 3547/4911/6 1714/4908/6
f 3549/4913/6 3548/4906/6 3547/4911/6
f 722/4914/6 3549/4913/6 1713/4912/6
f 1991/4915/6 3550/2203/6 3549/4913/6
f 3552/4916/3 424/4917/3 1784/4918/3
f 3554/2174/3 1789/4919/3 3552/4916/3
f 1778/4920/3 1783/4921/3 426/4922/3
f 3551/4923/3 1784/4918/3 1783/4921/3
f 1777/4924/3 3551/4923/3 1778/4920/3
f 3553/4925/3 3552/4916/3 3551/4923/3
f 422/4926/3 3553/4925/3 1777/4924/3
f 1772/4927/3 3554/2174/3 3553/4925/3
f 3556/4928/6 419/4929/6 1787/4930/6
f 3558/2171/6 1769/4931/6 3556/4928/6
f 1786/4932/6 1788/4933/6 423/4934/6
f 3555/4935/6 1787/4930/6 1788/4933/6
f 1785/2167/6 3555/4935/6 1786/4932/6
f 3557/4936/6 3556/4928/6 3555/4935/6
f 424/4937/6 3557/4936/6 1785/2167/6
f 1789/4938/6 3558/2171/6 3557/4936/6
f 3560/4939/5 423/4934/5 1781/4940/5
f 3562/2168/5 1786/4932/5 3560/4939/5
f 1780/4941/5 1782/4942/5 425/4943/5
f 3559/4944/5 1781/4940/5 1782/4942/5
f 1779/4945/5 3559/4944/5 1780/4941/5
f 3561/4946/5 3560/4939/5 3559/4944/5
f 426/4947/5 3561/4946/5 1779/4945/5
f 1783/4948/5 3562/2168/5 3561/4946/5
f 3564/4949/4 425/4950/4 1775/4951/4
f 3566/2165/4 1780/4952/4 3564/4949/4
f 1774/4953/4 1776/4954/4 421/4955/4
f 3563/4956/4 1775/4951/4 1776/4954/4
f 1773/2161/4 3563/4956/4 1774/4953/4
f 3565/4957/4 3564/4949/4 3563/4956/4
f 422/4958/4 3565/4957/4 1773/2161/4
f 1777/4959/4 3566/2165/4 3565/4957/4
f 3568/4960/1 421/4955/1 1767/4961/1
f 3568/4960/1 1773/2161/1 1774/4953/1
f 1769/4931/1 1768/4962/1 419/4929/1
f 3567/4963/1 1767/4961/1 1768/4962/1
f 1770/2170/1 3567/4963/1 1769/4931/1
f 3569/4964/1 3568/4960/1 3567/4963/1
f 420/4965/1 3569/4964/1 1770/2170/1
f 1771/4966/1 3570/2162/1 3569/4964/1
f 3572/4967/3 416/4968/3 1760/4969/3
f 3574/2159/3 1765/4970/3 3572/4967/3
f 1754/4971/3 1759/4972/3 418/4973/3
f 3571/4974/3 1760/4969/3 1759/4972/3
f 1753/4975/3 3571/4974/3 1754/4971/3
f 3573/4976/3 3572/4967/3 3571/4974/3
f 414/4977/3 3573/4976/3 1753/4975/3
f 1748/4978/3 3574/2159/3 3573/4976/3
f 3576/4979/6 411/4980/6 1763/4981/6
f 3578/2156/6 1745/4982/6 3576/4979/6
f 1762/4983/6 1764/4984/6 415/4985/6
f 3575/4986/6 1763/4981/6 1764/4984/6
f 1761/2152/6 3575/4986/6 1762/4983/6
f 3577/4987/6 3576/4979/6 3575/4986/6
f 416/4988/6 3577/4987/6 1761/2152/6
f 1765/4989/6 3578/2156/6 3577/4987/6
f 3580/4990/5 415/4985/5 1757/4991/5
f 3582/2153/5 1762/4983/5 3580/4990/5
f 1756/4992/5 1758/4993/5 417/4994/5
f 3579/4995/5 1757/4991/5 1758/4993/5
f 1755/4996/5 3579/4995/5 1756/4992/5
f 3581/4997/5 3580/4990/5 3579/4995/5
f 418/4998/5 3581/4997/5 1755/4996/5
f 1759/4999/5 3582/2153/5 3581/4997/5
f 3584/5000/4 417/5001/4 1751/5002/4
f 3586/2150/4 1756/5003/4 3584/5000/4
f 1750/5004/4 1752/5005/4 413/5006/4
f 3583/5007/4 1751/5002/4 1752/5005/4
f 1749/2146/4 3583/5007/4 1750/5004/4
f 3585/5008/4 3584/5000/4 3583/5007/4
f 414/5009/4 3585/5008/4 1749/2146/4
f 1753/5010/4 3586/2150/4 3585/5008/4
f 3588/5011/1 413/5006/1 1743/5012/1
f 3590/2147/1 1750/5004/1 3588/5011/1
f 1745/4982/1 1744/5013/1 411/4980/1
f 3587/5014/1 1743/5012/1 1744/5013/1
f 1746/2155/1 3587/5014/1 1745/4982/1
f 3589/5015/1 3588/5011/1 3587/5014/1
f 412/5016/1 3589/5015/1 1746/2155/1
f 1747/5017/1 3590/2147/1 3589/5015/1
f 3592/5018/3 408/5019/3 1736/5020/3
f 3594/2144/3 1741/5021/3 3592/5018/3
f 1730/5022/3 1735/5023/3 410/5024/3
f 3591/5025/3 1736/5020/3 1735/5023/3
f 1729/5026/3 3591/5025/3 1730/5022/3
f 3593/5027/3 3592/5018/3 3591/5025/3
f 406/5028/3 3593/5027/3 1729/5026/3
f 1724/5029/3 3594/2144/3 3593/5027/3
f 3596/5030/6 403/5031/6 1739/5032/6
f 3598/2141/6 1721/5033/6 3596/5030/6
f 1738/5034/6 1740/5035/6 407/5036/6
f 3595/5037/6 1739/5032/6 1740/5035/6
f 1737/2137/6 3595/5037/6 1738/5034/6
f 3597/5038/6 3596/5030/6 3595/5037/6
f 408/5039/6 3597/5038/6 1737/2137/6
f 1741/5040/6 3598/2141/6 3597/5038/6
f 3600/5041/5 407/5036/5 1733/5042/5
f 3602/2138/5 1738/5034/5 3600/5041/5
f 1732/5043/5 1734/5044/5 409/5045/5
f 3599/5046/5 1733/5042/5 1734/5044/5
f 1731/5047/5 3599/5046/5 1732/5043/5
f 3601/5048/5 3600/5041/5 3599/5046/5
f 410/5049/5 3601/5048/5 1731/5047/5
f 1735/5050/5 3602/2138/5 3601/5048/5
f 3604/5051/4 409/5052/4 1727/5053/4
f 3606/2135/4 1732/5054/4 3604/5051/4
f 1726/5055/4 1728/5056/4 405/5057/4
f 3603/5058/4 1727/5053/4 1728/5056/4
f 1725/2131/4 3603/5058/4 1726/5055/4
f 3605/5059/4 3604/5051/4 3603/5058/4
f 406/5060/4 3605/5059/4 1725/2131/4
f 1729/5061/4 3606/2135/4 3605/5059/4
f 3608/5062/1 405/5057/1 1719/5063/1
f 3608/5062/1 1725/2131/1 1726/5055/1
f 1721/5033/1 1720/5064/1 403/5031/1
f 3607/5065/1 1719/5063/1 1720/5064/1
f 1722/2140/1 3607/5065/1 1721/5033/1
f 3609/5066/1 3608/5062/1 3607/5065/1
f 404/5067/1 3609/5066/1 1722/2140/1
f 1723/5068/1 3610/2132/1 3609/5066/1
f 3612/5069/3 384/5070/3 1712/5071/3
f 3614/2099/3 1717/5072/3 3612/5069/3
f 1706/5073/3 1711/5074/3 386/5075/3
f 3611/5076/3 1712/5071/3 1711/5074/3
f 1705/5077/3 3611/5076/3 1706/5073/3
f 3613/5078/3 3612/5069/3 3611/5076/3
f 382/5079/3 3613/5078/3 1705/5077/3
f 3613/5078/3 1699/2097/3 3614/2099/3
f 2577/5080/2 2488/5081/2 748/3952/2
f 3618/2096/2 2488/5081/2 3616/5082/2
f 648/5083/2 3615/5084/2 2578/5085/2
f 2578/5085/2 3616/5082/2 2577/5080/2
f 2189/5086/2 3615/5084/2 2190/5087/2
f 3617/5088/2 3616/5082/2 3615/5084/2
f 647/5089/2 3617/5088/2 2189/5086/2
f 1978/5090/2 3618/2096/2 3617/5088/2
f 2581/2789/19 2385/5091/19 774/5092/19
f 3622/2093/19 2385/5091/19 3620/5093/19
f 674/2846/19 3619/5094/19 2582/2847/19
f 2582/2847/19 3620/5093/19 2581/2789/19
f 2088/5095/19 3619/5094/19 2087/5096/19
f 3621/5097/19 3620/5093/19 3619/5094/19
f 699/5098/19 3621/5097/19 2088/5095/19
f 2579/5099/19 3622/2093/19 3621/5097/19
f 1982/5100/2 2388/5101/2 798/3929/2
f 3624/5102/2 2387/2089/2 2388/5101/2
f 698/5103/2 3623/5104/2 1981/5105/2
f 1981/5105/2 3624/5102/2 1982/5100/2
f 2090/5106/2 3625/5107/2 3623/5104/2
f 3623/5104/2 3626/2090/2 3624/5102/2
f 673/5108/2 3625/5107/2 2089/5109/2
f 2583/5110/2 3626/2090/2 3625/5107/2
f 1966/5111/2 2390/5112/2 797/3629/2
f 3630/2087/2 2390/5112/2 3628/5113/2
f 697/5114/2 3627/5115/2 1965/5116/2
f 1965/5116/2 3628/5113/2 1966/5111/2
f 2091/5117/2 3627/5115/2 2092/5118/2
f 3629/5119/2 3628/5113/2 3627/5115/2
f 672/5120/2 3629/5119/2 2091/5117/2
f 1986/5121/2 3630/2087/2 3629/5119/2
f 4272/5122/6 4224/5123/6 4414/5124/6
f 4274/5125/6 4226/5126/6 4410/5127/6
f 4276/5128/6 4228/5129/6 4406/5130/6
f 4278/5131/6 4230/5132/6 4402/5133/6
f 4280/5134/6 4232/5135/6 4398/5136/6
f 4282/5137/6 4234/5138/6 4394/5139/6
f 4284/5140/5 4217/5141/5 4390/5142/5
f 4286/5143/5 4269/5144/5 4386/5145/5
f 4288/5146/5 4267/5147/5 4382/5148/5
f 4290/5149/5 4265/5150/5 4378/5151/5
f 4292/5152/5 4263/5153/5 4374/5154/5
f 4294/5155/5 4261/5156/5 4370/5157/5
f 4296/5158/4 4211/5159/4 4366/5160/4
f 4298/5161/4 4257/5162/4 4362/5163/4
f 4300/5164/4 4255/5165/4 4358/5166/4
f 4302/5167/4 4253/5168/4 4354/5169/4
f 4304/5170/4 4251/5171/4 4350/5172/4
f 4306/5173/4 4249/5174/4 4346/5175/4
f 4308/5176/1 4205/5177/1 4342/5178/1
f 4310/5179/1 4245/5180/1 4338/5181/1
f 4312/5182/1 4243/5183/1 4334/5184/1
f 4330/5185/1 4183/5186/1 4241/5187/1
f 4316/5188/1 4239/5189/1 4326/5190/1
f 4322/5191/1 4181/5192/1 4237/5193/1
f 4320/5194/1 4182/5195/1 4316/5188/1
f 4320/5194/1 4237/5193/1 4238/5196/1
f 4179/5197/1 4319/5198/1 4315/5199/1
f 4315/5199/1 4320/5194/1 4316/5188/1
f 4233/5200/1 4321/5201/1 4319/5198/1
f 4321/5201/1 4320/5194/1 4319/5198/1
f 4180/5202/1 4321/5201/1 4234/5138/1
f 4317/5203/1 4322/5191/1 4321/5201/1
f 4324/5204/1 4183/5186/1 4314/5205/1
f 4326/5190/1 4240/5206/1 4324/5204/1
f 4231/5207/1 4313/5208/1 4178/5209/1
f 4323/5210/1 4314/5205/1 4313/5208/1
f 4231/5207/1 4325/5211/1 4323/5210/1
f 4323/5210/1 4326/5190/1 4324/5204/1
f 4232/5135/1 4315/5199/1 4325/5211/1
f 4325/5211/1 4316/5188/1 4326/5190/1
f 4328/5212/1 4184/5213/1 4312/5182/1
f 4330/5185/1 4242/5214/1 4328/5212/1
f 4229/5215/1 4311/5216/1 4177/5217/1
f 4327/5218/1 4312/5182/1 4311/5216/1
f 4230/5132/1 4327/5218/1 4229/5215/1
f 4327/5218/1 4330/5185/1 4328/5212/1
f 4178/5209/1 4329/5219/1 4230/5132/1
f 4313/5208/1 4330/5185/1 4329/5219/1
f 4332/5220/1 4185/5221/1 4310/5179/1
f 4334/5184/1 4244/5222/1 4332/5220/1
f 4227/5223/1 4309/5224/1 4176/5225/1
f 4331/5226/1 4310/5179/1 4309/5224/1
f 4228/5129/1 4331/5226/1 4227/5223/1
f 4333/5227/1 4332/5220/1 4331/5226/1
f 4177/5217/1 4333/5227/1 4228/5129/1
f 4311/5216/1 4334/5184/1 4333/5227/1
f 4336/5228/1 4186/5229/1 4308/5176/1
f 4338/5181/1 4246/5230/1 4336/5228/1
f 4225/5231/1 4307/5232/1 4175/5233/1
f 4335/5234/1 4308/5176/1 4307/5232/1
f 4226/5126/1 4335/5234/1 4225/5231/1
f 4337/5235/1 4336/5228/1 4335/5234/1
f 4176/5225/1 4337/5235/1 4226/5126/1
f 4309/5224/1 4338/5181/1 4337/5235/1
f 4340/5236/1 397/5237/1 4199/5238/1
f 4342/5178/1 4206/5239/1 4340/5236/1
f 4223/5240/1 4200/5241/1 395/5242/1
f 4339/5243/1 4199/5238/1 4200/5241/1
f 4224/5123/1 4339/5243/1 4223/5240/1
f 4341/5244/1 4340/5236/1 4339/5243/1
f 4175/5233/1 4341/5244/1 4224/5123/1
f 4307/5232/1 4342/5178/1 4341/5244/1
f 4344/5245/4 4188/5246/4 4304/5170/4
f 4346/5175/4 4250/5247/4 4344/5245/4
f 4238/5196/4 4303/5248/4 4182/5195/4
f 4343/5249/4 4304/5170/4 4303/5248/4
f 4237/5193/4 4343/5249/4 4238/5196/4
f 4345/5250/4 4344/5245/4 4343/5249/4
f 4181/5192/4 4345/5250/4 4237/5193/4
f 4305/5251/4 4346/5175/4 4345/5250/4
f 4348/5252/4 4189/5253/4 4302/5167/4
f 4350/5172/4 4252/5254/4 4348/5252/4
f 4240/5206/4 4301/5255/4 4183/5186/4
f 4347/5256/4 4302/5167/4 4301/5255/4
f 4239/5189/4 4347/5256/4 4240/5206/4
f 4349/5257/4 4348/5252/4 4347/5256/4
f 4182/5195/4 4349/5257/4 4239/5189/4
f 4303/5248/4 4350/5172/4 4349/5257/4
f 4352/5258/4 4190/5259/4 4300/5164/4
f 4354/5169/4 4254/5260/4 4352/5258/4
f 4242/5214/4 4299/5261/4 4184/5213/4
f 4351/5262/4 4300/5164/4 4299/5261/4
f 4241/5187/4 4351/5262/4 4242/5214/4
f 4353/5263/4 4352/5258/4 4351/5262/4
f 4183/5186/4 4353/5263/4 4241/5187/4
f 4301/5255/4 4354/5169/4 4353/5263/4
f 4356/5264/4 4191/5265/4 4298/5161/4
f 4358/5166/4 4256/5266/4 4356/5264/4
f 4244/5222/4 4297/5267/4 4185/5221/4
f 4355/5268/4 4298/5161/4 4297/5267/4
f 4243/5183/4 4355/5268/4 4244/5222/4
f 4357/5269/4 4356/5264/4 4355/5268/4
f 4184/5213/4 4357/5269/4 4243/5183/4
f 4299/5261/4 4358/5166/4 4357/5269/4
f 4360/5270/4 4192/5271/4 4296/5158/4
f 4362/5163/4 4258/5272/4 4360/5270/4
f 4246/5230/4 4295/5273/4 4186/5229/4
f 4359/5274/4 4296/5158/4 4295/5273/4
f 4245/5180/4 4359/5274/4 4246/5230/4
f 4361/5275/4 4360/5270/4 4359/5274/4
f 4185/5221/4 4361/5275/4 4245/5180/4
f 4297/5267/4 4362/5163/4 4361/5275/4
f 4364/5276/4 401/5277/4 4207/5278/4
f 4366/5160/4 4212/5279/4 4364/5276/4
f 4206/5239/4 4208/5280/4 397/5237/4
f 4363/5281/4 4207/5278/4 4208/5280/4
f 4205/5177/4 4363/5281/4 4206/5239/4
f 4365/5282/4 4364/5276/4 4363/5281/4
f 4186/5229/4 4365/5282/4 4205/5177/4
f 4295/5273/4 4366/5160/4 4365/5282/4
f 4368/5283/5 4194/5284/5 4292/5152/5
f 4370/5157/5 4262/5285/5 4368/5283/5
f 4250/5286/5 4291/5287/5 4188/5288/5
f 4367/5289/5 4292/5152/5 4291/5287/5
f 4249/5290/5 4367/5289/5 4250/5286/5
f 4369/5291/5 4368/5283/5 4367/5289/5
f 4187/5292/5 4369/5291/5 4249/5290/5
f 4293/5293/5 4370/5157/5 4369/5291/5
f 4372/5294/5 4195/5295/5 4290/5149/5
f 4374/5154/5 4264/5296/5 4372/5294/5
f 4252/5297/5 4289/5298/5 4189/5299/5
f 4371/5300/5 4290/5149/5 4289/5298/5
f 4251/5301/5 4371/5300/5 4252/5297/5
f 4373/5302/5 4372/5294/5 4371/5300/5
f 4188/5288/5 4373/5302/5 4251/5301/5
f 4291/5287/5 4374/5154/5 4373/5302/5
f 4376/5303/5 4196/5304/5 4288/5146/5
f 4378/5151/5 4266/5305/5 4376/5303/5
f 4254/5306/5 4287/5307/5 4190/5308/5
f 4375/5309/5 4288/5146/5 4287/5307/5
f 4253/5310/5 4375/5309/5 4254/5306/5
f 4377/5311/5 4376/5303/5 4375/5309/5
f 4189/5299/5 4377/5311/5 4253/5310/5
f 4289/5298/5 4378/5151/5 4377/5311/5
f 4380/5312/5 4197/5313/5 4286/5143/5
f 4382/5148/5 4268/5314/5 4380/5312/5
f 4256/5315/5 4285/5316/5 4191/5317/5
f 4379/5318/5 4286/5143/5 4285/5316/5
f 4255/5319/5 4379/5318/5 4256/5315/5
f 4381/5320/5 4380/5312/5 4379/5318/5
f 4190/5308/5 4381/5320/5 4255/5319/5
f 4287/5307/5 4382/5148/5 4381/5320/5
f 4384/5321/5 4198/5322/5 4284/5140/5
f 4386/5145/5 4270/5323/5 4384/5321/5
f 4258/5324/5 4283/5325/5 4192/5326/5
f 4383/5327/5 4284/5140/5 4283/5325/5
f 4257/5328/5 4383/5327/5 4258/5324/5
f 4385/5329/5 4384/5321/5 4383/5327/5
f 4191/5317/5 4385/5329/5 4257/5328/5
f 4285/5316/5 4386/5145/5 4385/5329/5
f 4388/5330/5 399/5331/5 4213/5332/5
f 4390/5142/5 4218/5333/5 4388/5330/5
f 4212/5334/5 4214/5335/5 401/5336/5
f 4387/5337/5 4213/5332/5 4214/5335/5
f 4211/5338/5 4387/5337/5 4212/5334/5
f 4389/5339/5 4388/5330/5 4387/5337/5
f 4192/5326/5 4389/5339/5 4211/5338/5
f 4283/5325/5 4390/5142/5 4389/5339/5
f 4392/5340/6 4179/5197/6 4280/5134/6
f 4394/5139/6 4233/5200/6 4392/5340/6
f 4262/5285/6 4279/5341/6 4194/5284/6
f 4391/5342/6 4280/5134/6 4279/5341/6
f 4261/5156/6 4391/5342/6 4262/5285/6
f 4393/5343/6 4392/5340/6 4391/5342/6
f 4193/5344/6 4393/5343/6 4261/5156/6
f 4281/5345/6 4394/5139/6 4393/5343/6
f 4396/5346/6 4178/5209/6 4278/5131/6
f 4398/5136/6 4231/5207/6 4396/5346/6
f 4264/5296/6 4277/5347/6 4195/5295/6
f 4395/5348/6 4278/5131/6 4277/5347/6
f 4263/5153/6 4395/5348/6 4264/5296/6
f 4397/5349/6 4396/5346/6 4395/5348/6
f 4194/5284/6 4397/5349/6 4263/5153/6
f 4279/5341/6 4398/5136/6 4397/5349/6
f 4400/5350/6 4177/5217/6 4276/5128/6
f 4402/5133/6 4229/5215/6 4400/5350/6
f 4266/5305/6 4275/5351/6 4196/5304/6
f 4399/5352/6 4276/5128/6 4275/5351/6
f 4265/5150/6 4399/5352/6 4266/5305/6
f 4401/5353/6 4400/5350/6 4399/5352/6
f 4195/5295/6 4401/5353/6 4265/5150/6
f 4277/5347/6 4402/5133/6 4401/5353/6
f 4404/5354/6 4176/5225/6 4274/5125/6
f 4406/5130/6 4227/5223/6 4404/5354/6
f 4268/5314/6 4273/5355/6 4197/5313/6
f 4403/5356/6 4274/5125/6 4273/5355/6
f 4267/5147/6 4403/5356/6 4268/5314/6
f 4405/5357/6 4404/5354/6 4403/5356/6
f 4196/5304/6 4405/5357/6 4267/5147/6
f 4275/5351/6 4406/5130/6 4405/5357/6
f 4408/5358/6 4175/5233/6 4272/5122/6
f 4410/5127/6 4225/5231/6 4408/5358/6
f 4270/5323/6 4271/5359/6 4198/5322/6
f 4407/5360/6 4272/5122/6 4271/5359/6
f 4269/5144/6 4407/5360/6 4270/5323/6
f 4409/5361/6 4408/5358/6 4407/5360/6
f 4197/5313/6 4409/5361/6 4269/5144/6
f 4273/5355/6 4410/5127/6 4409/5361/6
f 4412/5362/6 395/5242/6 4219/5363/6
f 4414/5124/6 4223/5240/6 4412/5362/6
f 4218/5333/6 4220/5364/6 399/5331/6
f 4411/5365/6 4219/5363/6 4220/5364/6
f 4217/5141/6 4411/5365/6 4218/5333/6
f 4413/5366/6 4412/5362/6 4411/5365/6
f 4198/5322/6 4413/5366/6 4217/5141/6
f 4271/5359/6 4414/5124/6 4413/5366/6
f 4416/5367/3 400/5368/3 4216/5369/3
f 4418/2127/3 4221/5370/3 4416/5367/3
f 4210/5371/3 4215/5372/3 402/5373/3
f 4415/5374/3 4216/5369/3 4215/5372/3
f 4209/5375/3 4415/5374/3 4210/5371/3
f 4417/5376/3 4416/5367/3 4415/5374/3
f 398/5377/3 4417/5376/3 4209/5375/3
f 4417/5376/3 4203/5378/3 4418/2127/3
f 4420/5379/6 4180/5202/6 4282/5137/6
f 4422/2126/6 4201/5380/6 4420/5379/6
f 4260/5381/6 4281/5345/6 4193/5344/6
f 4419/5382/6 4282/5137/6 4281/5345/6
f 4259/2122/6 4419/5382/6 4260/5381/6
f 4421/5383/6 4420/5379/6 4419/5382/6
f 400/5384/6 4421/5383/6 4259/2122/6
f 4221/5385/6 4422/2126/6 4421/5383/6
f 4424/5386/5 4193/5344/5 4294/5155/5
f 4426/2123/5 4260/5381/5 4424/5386/5
f 4248/5387/5 4293/5293/5 4187/5292/5
f 4423/5388/5 4294/5155/5 4293/5293/5
f 4247/5389/5 4423/5388/5 4248/5387/5
f 4425/5390/5 4424/5386/5 4423/5388/5
f 402/5391/5 4425/5390/5 4247/5389/5
f 4215/5392/5 4426/2123/5 4425/5390/5
f 4428/5393/4 4187/5394/4 4306/5173/4
f 4430/2120/4 4248/5395/4 4428/5393/4
f 4236/5396/4 4305/5251/4 4181/5192/4
f 4427/5397/4 4306/5173/4 4305/5251/4
f 4235/2116/4 4427/5397/4 4236/5396/4
f 4429/5398/4 4428/5393/4 4427/5397/4
f 398/5399/4 4429/5398/4 4235/2116/4
f 4209/5400/4 4430/2120/4 4429/5398/4
f 4318/5401/1 4236/5396/1 4181/5192/1
f 4434/2117/1 4236/5396/1 4432/5402/1
f 4201/5380/1 4317/5203/1 4180/5202/1
f 4431/5403/1 4318/5401/1 4317/5203/1
f 4202/2125/1 4431/5403/1 4201/5380/1
f 4433/5404/1 4432/5402/1 4431/5403/1
f 396/5405/1 4433/5404/1 4202/2125/1
f 4203/5406/1 4434/2117/1 4433/5404/1
f 4524/5407/1 4457/5408/1 4626/5409/1
f 4526/5410/1 4503/5411/1 4622/5412/1
f 4528/5413/1 4501/5414/1 4618/5415/1
f 4530/5416/4 4463/5417/4 4614/5418/4
f 4532/5419/4 4509/5420/4 4610/5421/4
f 4534/5422/4 4507/5423/4 4606/5424/4
f 4536/5425/5 4469/5426/5 4602/5427/5
f 4538/5428/5 4515/5429/5 4598/5430/5
f 4540/5431/5 4513/5432/5 4594/5433/5
f 4542/5434/6 4518/5435/6 4590/5436/6
f 4544/5437/6 4520/5438/6 4586/5439/6
f 4546/5440/6 4522/5441/6 4582/5442/6
f 4556/5443/6 4548/5444/6 4578/5445/6
f 4558/5446/5 4489/5447/5 4574/5448/5
f 4560/5449/4 4487/5450/4 4570/5451/4
f 4562/5452/1 4485/5453/1 4566/5454/1
f 4564/5455/1 440/5456/1 4498/5457/1
f 4564/5455/1 4485/5453/1 4486/5458/1
f 4547/5459/1 4497/5460/1 439/5461/1
f 4563/5462/1 4498/5457/1 4497/5460/1
f 4548/5444/1 4563/5462/1 4547/5459/1
f 4565/5463/1 4564/5455/1 4563/5462/1
f 4447/5464/1 4565/5463/1 4548/5444/1
f 4561/5465/1 4566/5454/1 4565/5463/1
f 4568/5466/4 441/5467/4 4496/5468/4
f 4570/5451/4 4488/5469/4 4568/5466/4
f 4486/5470/4 4495/5471/4 440/5472/4
f 4567/5473/4 4496/5468/4 4495/5471/4
f 4485/5474/4 4567/5473/4 4486/5470/4
f 4569/5475/4 4568/5466/4 4567/5473/4
f 4448/5476/4 4569/5475/4 4485/5474/4
f 4559/5477/4 4570/5451/4 4569/5475/4
f 4572/5478/5 442/5479/5 4494/5480/5
f 4574/5448/5 4490/5481/5 4572/5478/5
f 4488/5469/5 4493/5482/5 441/5467/5
f 4571/5483/5 4494/5480/5 4493/5482/5
f 4487/5450/5 4571/5483/5 4488/5469/5
f 4573/5484/5 4572/5478/5 4571/5483/5
f 4449/5485/5 4573/5484/5 4487/5450/5
f 4557/5486/5 4574/5448/5 4573/5484/5
f 4576/5487/6 439/5461/6 4492/5488/6
f 4578/5445/6 4547/5459/6 4576/5487/6
f 4490/5481/6 4491/5489/6 442/5479/6
f 4575/5490/6 4492/5488/6 4491/5489/6
f 4489/5447/6 4575/5490/6 4490/5481/6
f 4577/5491/6 4576/5487/6 4575/5490/6
f 4450/5492/6 4577/5491/6 4489/5447/6
f 4555/5493/6 4578/5445/6 4577/5491/6
f 4580/5494/6 4445/5495/6 4544/5437/6
f 4582/5442/6 4521/5496/6 4580/5494/6
f 4514/5497/6 4543/5498/6 4442/5499/6
f 4579/5500/6 4544/5437/6 4543/5498/6
f 4513/5432/6 4579/5500/6 4514/5497/6
f 4581/5501/6 4580/5494/6 4579/5500/6
f 4441/5502/6 4581/5501/6 4513/5432/6
f 4545/5503/6 4582/5442/6 4581/5501/6
f 4584/5504/6 4444/5505/6 4542/5434/6
f 4586/5439/6 4519/5506/6 4584/5504/6
f 4516/5507/6 4541/5508/6 4443/5509/6
f 4583/5510/6 4542/5434/6 4541/5508/6
f 4515/5429/6 4583/5510/6 4516/5507/6
f 4585/5511/6 4584/5504/6 4583/5510/6
f 4442/5499/6 4585/5511/6 4515/5429/6
f 4543/5498/6 4586/5439/6 4585/5511/6
f 4588/5512/6 387/5513/6 4471/5514/6
f 4590/5436/6 4517/5515/6 4588/5512/6
f 4470/5516/6 4472/5517/6 391/5518/6
f 4587/5519/6 4471/5514/6 4472/5517/6
f 4469/5426/6 4587/5519/6 4470/5516/6
f 4589/5520/6 4588/5512/6 4587/5519/6
f 4443/5509/6 4589/5520/6 4469/5426/6
f 4541/5508/6 4590/5436/6 4589/5520/6
f 4592/5521/5 4442/5499/5 4538/5428/5
f 4594/5433/5 4514/5497/5 4592/5521/5
f 4508/5522/5 4537/5523/5 4439/5524/5
f 4591/5525/5 4538/5428/5 4537/5523/5
f 4507/5423/5 4591/5525/5 4508/5522/5
f 4593/5526/5 4592/5521/5 4591/5525/5
f 4438/5527/5 4593/5526/5 4507/5423/5
f 4539/5528/5 4594/5433/5 4593/5526/5
f 4596/5529/5 4443/5509/5 4536/5425/5
f 4598/5430/5 4516/5507/5 4596/5529/5
f 4510/5530/5 4535/5531/5 4440/5532/5
f 4595/5533/5 4536/5425/5 4535/5531/5
f 4509/5420/5 4595/5533/5 4510/5530/5
f 4597/5534/5 4596/5529/5 4595/5533/5
f 4439/5524/5 4597/5534/5 4509/5420/5
f 4537/5523/5 4598/5430/5 4597/5534/5
f 4600/5535/5 391/5518/5 4465/5536/5
f 4602/5427/5 4470/5516/5 4600/5535/5
f 4464/5537/5 4466/5538/5 393/5539/5
f 4599/5540/5 4465/5536/5 4466/5538/5
f 4463/5417/5 4599/5540/5 4464/5537/5
f 4601/5541/5 4600/5535/5 4599/5540/5
f 4440/5532/5 4601/5541/5 4463/5417/5
f 4535/5531/5 4602/5427/5 4601/5541/5
f 4604/5542/4 4439/5524/4 4532/5419/4
f 4606/5424/4 4508/5522/4 4604/5542/4
f 4502/5543/4 4531/5544/4 4436/5545/4
f 4603/5546/4 4532/5419/4 4531/5544/4
f 4501/5547/4 4603/5546/4 4502/5543/4
f 4605/5548/4 4604/5542/4 4603/5546/4
f 4435/5549/4 4605/5548/4 4501/5547/4
f 4533/5550/4 4606/5424/4 4605/5548/4
f 4608/5551/4 4440/5532/4 4530/5416/4
f 4610/5421/4 4510/5530/4 4608/5551/4
f 4504/5552/4 4529/5553/4 4437/5554/4
f 4607/5555/4 4530/5416/4 4529/5553/4
f 4503/5556/4 4607/5555/4 4504/5552/4
f 4609/5557/4 4608/5551/4 4607/5555/4
f 4436/5545/4 4609/5557/4 4503/5556/4
f 4531/5544/4 4610/5421/4 4609/5557/4
f 4612/5558/4 393/5539/4 4459/5559/4
f 4614/5418/4 4464/5537/4 4612/5558/4
f 4458/5560/4 4460/5561/4 389/5562/4
f 4611/5563/4 4459/5559/4 4460/5561/4
f 4457/5564/4 4611/5563/4 4458/5560/4
f 4613/5565/4 4612/5558/4 4611/5563/4
f 4437/5554/4 4613/5565/4 4457/5564/4
f 4529/5553/4 4614/5418/4 4613/5565/4
f 4616/5566/1 4436/5567/1 4526/5410/1
f 4618/5415/1 4502/5568/1 4616/5566/1
f 4521/5496/1 4525/5569/1 4445/5495/1
f 4615/5570/1 4526/5410/1 4525/5569/1
f 4522/5441/1 4615/5570/1 4521/5496/1
f 4617/5571/1 4616/5566/1 4615/5570/1
f 4446/5572/1 4617/5571/1 4522/5441/1
f 4527/5573/1 4618/5415/1 4617/5571/1
f 4620/5574/1 4437/5575/1 4524/5407/1
f 4622/5412/1 4504/5576/1 4620/5574/1
f 4519/5506/1 4523/5577/1 4444/5505/1
f 4619/5578/1 4524/5407/1 4523/5577/1
f 4520/5438/1 4619/5578/1 4519/5506/1
f 4621/5579/1 4620/5574/1 4619/5578/1
f 4445/5495/1 4621/5579/1 4520/5438/1
f 4525/5569/1 4622/5412/1 4621/5579/1
f 4624/5580/1 389/5581/1 4451/5582/1
f 4626/5409/1 4458/5583/1 4624/5580/1
f 4517/5515/1 4452/5584/1 387/5513/1
f 4623/5585/1 4451/5582/1 4452/5584/1
f 4518/5435/1 4623/5585/1 4517/5515/1
f 4625/5586/1 4624/5580/1 4623/5585/1
f 4444/5505/1 4625/5586/1 4518/5435/1
f 4523/5577/1 4626/5409/1 4625/5586/1
f 4628/5587/3 435/5588/3 4478/5589/3
f 4630/2200/3 4483/5590/3 4628/5587/3
f 4480/5591/3 4477/5592/3 438/5593/3
f 4627/5594/3 4478/5589/3 4477/5592/3
f 4479/5595/3 4627/5594/3 4480/5591/3
f 4629/5596/3 4628/5587/3 4627/5594/3
f 437/5597/3 4629/5596/3 4479/5595/3
f 4482/5598/3 4630/2200/3 4629/5596/3
f 4632/5599/2 441/5600/2 4493/5601/2
f 4634/2197/2 4496/5602/2 4632/5599/2
f 4491/5603/2 4494/5604/2 442/5605/2
f 4631/5606/2 4493/5601/2 4494/5604/2
f 4492/5607/2 4631/5606/2 4491/5603/2
f 4633/5608/2 4632/5599/2 4631/5606/2
f 439/5609/2 4633/5608/2 4492/5607/2
f 4497/5610/2 4634/2197/2 4633/5608/2
f 4636/5611/1 4435/5612/1 4528/5413/1
f 4638/2194/1 4500/5613/1 4636/5611/1
f 4475/5614/1 4527/5573/1 4446/5572/1
f 4635/5615/1 4528/5413/1 4527/5573/1
f 4476/2184/1 4635/5615/1 4475/5614/1
f 4637/5616/1 4636/5611/1 4635/5615/1
f 435/5617/1 4637/5616/1 4476/2184/1
f 4483/5618/1 4638/2194/1 4637/5616/1
f 4640/5619/4 4438/5527/4 4534/5422/4
f 4642/2191/4 4506/5620/4 4640/5619/4
f 4500/5621/4 4533/5550/4 4435/5549/4
f 4639/5622/4 4534/5422/4 4533/5550/4
f 4499/5623/4 4639/5622/4 4500/5621/4
f 4641/5624/4 4640/5619/4 4639/5622/4
f 436/5625/4 4641/5624/4 4499/5623/4
f 4481/5626/4 4642/2191/4 4641/5624/4
f 4644/5627/5 4441/5502/5 4540/5431/5
f 4646/2188/5 4512/5628/5 4644/5627/5
f 4506/5620/5 4539/5528/5 4438/5527/5
f 4643/5629/5 4540/5431/5 4539/5528/5
f 4505/2190/5 4643/5629/5 4506/5620/5
f 4645/5630/5 4644/5627/5 4643/5629/5
f 437/5631/5 4645/5630/5 4505/2190/5
f 4479/5632/5 4646/2188/5 4645/5630/5
f 4648/5633/6 4446/5572/6 4546/5440/6
f 4650/2185/6 4475/5614/6 4648/5633/6
f 4512/5628/6 4545/5503/6 4441/5502/6
f 4647/5634/6 4546/5440/6 4545/5503/6
f 4511/2187/6 4647/5634/6 4512/5628/6
f 4649/5635/6 4648/5633/6 4647/5634/6
f 438/5636/6 4649/5635/6 4511/2187/6
f 4477/5637/6 4650/2185/6 4649/5635/6
f 4652/5638/3 392/5639/3 4468/5640/3
f 4654/2114/3 4473/5641/3 4652/5638/3
f 4462/5642/3 4467/5643/3 394/5644/3
f 4651/5645/3 4468/5640/3 4467/5643/3
f 4461/5646/3 4651/5645/3 4462/5642/3
f 4653/5647/3 4652/5638/3 4651/5645/3
f 390/5648/3 4653/5647/3 4461/5646/3
f 4653/5647/3 4455/2112/3 4654/2114/3
f 4656/5649/6 4447/5464/6 4556/5443/6
f 4658/2111/6 4453/5650/6 4656/5649/6
f 4554/5651/6 4555/5493/6 4450/5492/6
f 4655/5652/6 4556/5443/6 4555/5493/6
f 4553/2107/6 4655/5652/6 4554/5651/6
f 4657/5653/6 4656/5649/6 4655/5652/6
f 392/5654/6 4657/5653/6 4553/2107/6
f 4473/5655/6 4658/2111/6 4657/5653/6
f 4660/5656/5 4450/5492/5 4558/5446/5
f 4662/2108/5 4554/5651/5 4660/5656/5
f 4552/5657/5 4557/5486/5 4449/5485/5
f 4659/5658/5 4558/5446/5 4557/5486/5
f 4551/2104/5 4659/5658/5 4552/5657/5
f 4661/5659/5 4660/5656/5 4659/5658/5
f 394/5660/5 4661/5659/5 4551/2104/5
f 4467/5661/5 4662/2108/5 4661/5659/5
f 4664/5662/4 4449/5485/4 4560/5449/4
f 4666/2105/4 4552/5657/4 4664/5662/4
f 4550/5663/4 4559/5477/4 4448/5476/4
f 4663/5664/4 4560/5449/4 4559/5477/4
f 4549/5665/4 4663/5664/4 4550/5663/4
f 4665/5666/4 4664/5662/4 4663/5664/4
f 390/5667/4 4665/5666/4 4549/5665/4
f 4461/5668/4 4666/2105/4 4665/5666/4
f 4668/5669/1 4448/5670/1 4562/5452/1
f 4670/2102/1 4550/5671/1 4668/5669/1
f 4453/5650/1 4561/5465/1 4447/5464/1
f 4667/5672/1 4562/5452/1 4561/5465/1
f 4454/2110/1 4667/5672/1 4453/5650/1
f 4669/5673/1 4668/5669/1 4667/5672/1
f 388/5674/1 4669/5673/1 4454/2110/1
f 4455/5675/1 4670/2102/1 4669/5673/1
f 1985/2085/2 772/5676/2 2389/2086/2
f 2584/2088/2 773/5677/2 2387/2089/2
f 2580/2091/19 799/5678/19 2386/2092/19
f 1977/2094/2 723/5679/2 2487/2095/2
f 1699/2097/3 380/5680/3 1718/2098/3
f 4456/2100/1 390/5681/1 4549/2101/1
f 4462/2103/4 394/5660/4 4551/2104/4
f 4468/2106/5 392/5654/5 4553/2107/5
f 4474/2109/6 388/5674/6 4454/2110/6
f 4455/2112/3 388/5682/3 4474/2113/3
f 4204/2115/1 398/5399/1 4235/2116/1
f 4210/2118/4 402/5683/4 4247/2119/4
f 4216/2121/5 400/5384/5 4259/2122/5
f 4222/2124/6 396/5405/6 4202/2125/6
f 4418/2127/3 4203/5378/3 396/2128/3
f 1724/2130/1 406/5060/1 1725/2131/1
f 1730/2133/4 410/5684/4 1731/2134/4
f 1736/2136/5 408/5039/5 1737/2137/5
f 1742/2139/6 404/5067/6 1722/2140/6
f 1723/2142/3 404/5685/3 1742/2143/3
f 1748/2145/1 414/5009/1 1749/2146/1
f 1754/2148/4 418/5686/4 1755/2149/4
f 1760/2151/5 416/4988/5 1761/2152/5
f 1766/2154/6 412/5016/6 1746/2155/6
f 1747/2157/3 412/5687/3 1766/2158/3
f 1772/2160/1 422/4958/1 1773/2161/1
f 1778/2163/4 426/5688/4 1779/2164/4
f 1784/2166/5 424/4937/5 1785/2167/5
f 1790/2169/6 420/4965/6 1770/2170/6
f 1771/2172/3 420/5689/3 1790/2173/3
f 432/2175/3 431/2179/3 434/2176/3
f 429/2178/6 434/2176/6 431/2179/6
f 428/2181/4 432/2175/4 433/2177/4
f 430/2182/5 433/2177/5 434/2176/5
f 427/2180/1 431/2179/1 432/2175/1
f 4478/2183/6 435/5617/6 4476/2184/6
f 4480/2186/5 438/5636/5 4511/2187/5
f 4482/2189/4 437/5631/4 4505/2190/4
f 4484/2192/1 436/5690/1 4499/2193/1
f 4498/2195/2 440/5691/2 4495/2196/2
f 4481/2198/3 436/5692/3 4484/2199/3
f 1992/2201/6 623/4218/6 1792/2202/6
f 2574/2204/2 775/5693/2 2383/2205/2
f 1996/2207/6 625/4196/6 1796/2208/6
f 2570/2210/20 749/2838/20 2486/2211/20
f 2000/2213/6 627/4178/6 1800/2214/6
f 2566/2216/19 801/5694/19 2382/2217/19
f 2004/2219/6 629/4158/6 1804/2220/6
f 2562/2222/2 746/5695/2 2483/2223/2
f 2008/2225/6 631/5696/6 1808/2226/6
f 2558/2228/2 777/5697/2 2379/2229/2
f 2012/2231/6 633/5698/6 1812/2232/6
f 2554/2234/20 751/2885/20 2482/2235/20
f 2016/2237/6 635/5699/6 1816/2238/6
f 2550/2240/19 803/5700/19 2378/2241/19
f 2020/2243/6 637/5701/6 1820/2244/6
f 2546/2246/2 744/5702/2 2479/2247/2
f 2024/2249/6 639/5703/6 1824/2250/6
f 2542/2252/2 779/5704/2 2375/2253/2
f 2028/2255/6 641/5705/6 1828/2256/6
f 2538/2258/20 753/2932/20 2478/2259/20
f 2032/2261/6 643/5706/6 1832/2262/6
f 2534/2264/19 805/5707/19 2374/2265/19
f 2036/2267/6 645/5708/6 1836/2268/6
f 2530/2270/2 742/5709/2 2475/2271/2
f 2040/2273/6 647/3972/6 1840/2274/6
f 2042/2276/5 722/5710/5 1713/2277/5
f 2526/2279/2 781/5711/2 2371/2280/2
f 2046/2282/5 720/5712/5 1987/2283/5
f 2522/2285/20 755/2979/20 2474/2286/20
f 2050/2288/5 718/5713/5 1983/2289/5
f 2518/2291/19 807/5714/19 2370/2292/19
f 2054/2294/5 716/5715/5 1979/2295/5
f 2514/2297/2 740/5716/2 2471/2298/2
f 2058/2300/5 714/5717/5 1975/2301/5
f 2510/2303/2 783/5718/2 2367/2304/2
f 2062/2306/5 712/5719/5 1971/2307/5
f 2506/2309/20 757/3026/20 2470/2310/20
f 2066/2312/5 710/5720/5 1967/2313/5
f 2502/2315/19 809/5721/19 2366/2316/19
f 2070/2318/5 708/5722/5 1963/2319/5
f 2498/2321/2 738/5723/2 2467/2322/2
f 2074/2324/5 706/5724/5 1959/2325/5
f 2494/2327/2 785/5725/2 2363/2328/2
f 2078/2330/5 704/5726/5 1955/2331/5
f 2490/2333/20 759/3073/20 2466/2334/20
f 2082/2336/5 702/5727/5 1951/2337/5
f 1794/2339/19 811/5728/19 2362/2340/19
f 2086/2342/5 700/5729/5 1947/2343/5
f 1802/2345/2 736/5730/2 2463/2346/2
f 2090/2348/5 698/5731/5 1943/2349/5
f 2092/2351/4 697/4670/4 1707/2352/4
f 1810/2354/2 787/5732/2 2359/2355/2
f 2096/2357/4 695/4650/4 1937/2358/4
f 1818/2360/20 761/3120/20 2462/2361/20
f 2100/2363/4 693/4634/4 1933/2364/4
f 1826/2366/19 813/5733/19 2358/2367/19
f 2104/2369/4 691/4616/4 1929/2370/4
f 1834/2372/2 734/5734/2 2459/2373/2
f 2108/2375/4 689/4596/4 1925/2376/4
f 1842/2378/2 789/5735/2 2355/2379/2
f 2112/2381/4 687/4576/4 1921/2382/4
f 1850/2384/20 763/3167/20 2458/2385/20
f 2116/2387/4 685/4560/4 1917/2388/4
f 1858/2390/19 815/5736/19 2354/2391/19
f 2120/2393/4 683/4542/4 1913/2394/4
f 1866/2396/2 732/5737/2 2455/2397/2
f 2124/2399/4 681/4522/4 1909/2400/4
f 1874/2402/2 791/5738/2 2351/2403/2
f 2128/2405/4 679/4502/4 1905/2406/4
f 1882/2408/20 765/3214/20 2454/2409/20
f 2132/2411/4 677/4486/4 1901/2412/4
f 1890/2414/19 817/5739/19 2350/2415/19
f 2136/2417/4 675/4468/4 1897/2418/4
f 1896/2420/2 730/5740/2 2451/2421/2
f 2140/2423/4 673/4448/4 1893/2424/4
f 2142/2426/1 672/4439/1 1701/2427/1
f 1904/2429/2 793/5741/2 2347/2430/2
f 2146/2432/1 670/4419/1 1887/2433/1
f 1912/2435/20 767/3261/20 2450/2436/20
f 3234/2438/1 2150/5742/1 668/2439/1
f 1920/2441/19 819/5743/19 2346/2442/19
f 3226/2444/1 2154/5744/1 666/2445/1
f 1928/2447/2 728/5745/2 2447/2448/2
f 3218/2450/1 2158/5746/1 664/2451/1
f 1936/2453/2 795/5747/2 2343/2454/2
f 2162/2456/1 662/4348/1 1871/2457/1
f 1942/2459/20 769/3308/20 2446/2460/20
f 3202/2462/1 2166/4099/1 660/2463/1
f 1950/2465/19 821/5748/19 2342/2466/19
f 3194/2468/1 2170/4079/1 658/2469/1
f 1958/2471/2 726/5749/2 2443/2472/2
f 3186/2474/1 2174/4057/1 656/2475/1
f 1966/2477/2 797/5750/2 2339/2478/2
f 3178/2480/1 2178/4035/1 654/2481/1
f 1974/2483/20 771/3355/20 2442/2484/20
f 3170/2486/1 2182/4017/1 652/2487/1
f 1982/2489/24 798/5751/24 2337/2490/24
f 3162/2492/1 2186/3995/1 650/2493/1
f 1990/2495/2 724/5752/2 2439/2496/2
f 3154/2498/1 2190/5753/1 648/2499/1
f 1700/2501/1 382/5754/1 2239/2502/1
f 1706/2504/4 386/5755/4 2589/2505/4
f 1712/2507/5 384/5756/5 2585/2508/5
f 1718/2510/6 380/5757/6 2588/2511/6
f 2292/2513/6 725/5758/6 2192/2514/6
f 2296/2516/6 727/5759/6 2194/2517/6
f 2300/2519/6 729/5760/6 2196/2520/6
f 2304/2522/6 731/5761/6 2198/2523/6
f 2308/2525/6 733/5762/6 2200/2526/6
f 2312/2528/6 735/5763/6 2202/2529/6
f 2316/2531/6 737/5764/6 2204/2532/6
f 2320/2534/6 739/5765/6 2206/2535/6
f 2324/2537/6 741/5766/6 2208/2538/6
f 2328/2540/6 743/5767/6 2210/2541/6
f 2332/2543/6 745/5768/6 2212/2544/6
f 2336/2546/6 747/5769/6 2214/2547/6
f 2342/2549/5 821/5770/5 2287/2550/5
f 2346/2552/5 819/5771/5 2285/2553/5
f 2350/2555/5 817/5772/5 2283/2556/5
f 2354/2558/5 815/5773/5 2281/2559/5
f 2358/2561/5 813/5774/5 2279/2562/5
f 2362/2564/5 811/5775/5 2277/2565/5
f 2366/2567/5 809/5776/5 2275/2568/5
f 2370/2570/5 807/5777/5 2273/2571/5
f 2374/2573/5 805/5778/5 2271/2574/5
f 2378/2576/5 803/5779/5 2269/2577/5
f 2382/2579/5 801/5780/5 2267/2580/5
f 2386/2582/5 799/5781/5 2265/2583/5
f 2392/2585/4 796/5782/4 2263/2586/4
f 2396/2588/4 794/5783/4 2261/2589/4
f 2400/2591/4 792/5784/4 2259/2592/4
f 2404/2594/4 790/5785/4 2257/2595/4
f 2408/2597/4 788/5786/4 2255/2598/4
f 2412/2600/4 786/5787/4 2253/2601/4
f 2416/2603/4 784/5788/4 2251/2604/4
f 2420/2606/4 782/5789/4 2249/2607/4
f 2424/2609/4 780/5790/4 2247/2610/4
f 2428/2612/4 778/5791/4 2245/2613/4
f 2432/2615/4 776/5792/4 2243/2616/4
f 2436/2618/4 774/5793/4 2241/2619/4
f 2442/2621/1 771/5794/1 2237/2622/1
f 2446/2624/1 769/5795/1 2235/2625/1
f 2450/2627/1 767/5796/1 2233/2628/1
f 2454/2630/1 765/5797/1 2231/2631/1
f 2458/2633/1 763/5798/1 2229/2634/1
f 2462/2636/1 761/5799/1 2227/2637/1
f 2466/2639/1 759/5800/1 2225/2640/1
f 2962/2642/1 2470/3423/1 757/2643/1
f 2958/2645/1 2474/3411/1 755/2646/1
f 2954/2648/1 2478/3399/1 753/2649/1
f 2482/2651/1 751/5801/1 2217/2652/1
f 2486/2654/1 749/5802/1 2215/2655/1
f 1945/2657/22 796/4081/22 2392/2658/22
f 1961/2660/2 822/5803/2 2289/2661/2
f 1953/2663/2 770/5804/2 2393/2664/2
f 1969/2666/23 725/4019/23 2292/2667/23
f 1915/2669/22 794/4161/22 2396/2670/22
f 1931/2672/2 820/5805/2 2293/2673/2
f 1923/2675/2 768/5806/2 2397/2676/2
f 1939/2678/23 727/4101/23 2296/2679/23
f 1885/2681/22 792/4248/22 2400/2682/22
f 1899/2684/2 818/5807/2 2297/2685/2
f 1891/2687/2 766/5808/2 2401/2688/2
f 1907/2690/23 729/4181/23 2300/2691/23
f 1853/2693/22 790/4318/22 2404/2694/22
f 1869/2696/2 816/5809/2 2301/2697/2
f 1861/2699/2 764/5810/2 2405/2700/2
f 1877/2702/23 731/4265/23 2304/2703/23
f 1821/2705/22 788/4389/22 2408/2706/22
f 1837/2708/2 814/5811/2 2305/2709/2
f 1829/2711/2 762/5812/2 2409/2712/2
f 1845/2714/23 733/4335/23 2308/2715/23
f 1697/2717/22 786/4471/22 2412/2718/22
f 1805/2720/2 812/5813/2 2309/2721/2
f 1797/2723/2 760/5814/2 2413/2724/2
f 1813/2726/23 735/4406/23 2312/2727/23
f 2503/2729/22 784/4545/22 2416/2730/22
f 2495/2732/2 810/5815/2 2313/2733/2
f 2499/2735/2 758/5816/2 2417/2736/2
f 2491/2738/23 737/4489/23 2316/2739/23
f 2519/2741/22 782/4619/22 2420/2742/22
f 2511/2744/2 808/5817/2 2317/2745/2
f 2515/2747/2 756/5818/2 2421/2748/2
f 2507/2750/23 739/4563/23 2320/2751/23
f 2535/2753/22 780/4704/22 2424/2754/22
f 2527/2756/2 806/5819/2 2321/2757/2
f 2531/2759/2 754/5820/2 2425/2760/2
f 2523/2762/23 741/4637/23 2324/2763/23
f 2551/2765/22 778/4782/22 2428/2766/22
f 2543/2768/2 804/5821/2 2325/2769/2
f 2547/2771/2 752/5822/2 2429/2772/2
f 2539/2774/23 743/4723/23 2328/2775/23
f 2567/2777/22 776/4860/22 2432/2778/22
f 2559/2780/2 802/5823/2 2329/2781/2
f 2563/2783/2 750/5824/2 2433/2784/2
f 2555/2786/23 745/4801/23 2332/2787/23
f 2581/2789/22 774/5092/22 2436/2790/22
f 2575/2792/2 800/5825/2 2333/2793/2
f 2577/2795/2 748/5826/2 2437/2796/2
f 2571/2798/23 747/4879/23 2336/2799/23
f 2580/2801/23 2752/2804/23 2335/2802/23
f 2752/2804/23 2754/2800/23 2336/2799/23
f 699/2805/23 2037/2809/23 2751/2806/23
f 2579/2807/23 2751/2806/23 2752/2804/23
f 2038/2808/23 2753/2810/23 2751/2806/23
f 2753/2810/23 2754/2800/23 2752/2804/23
f 646/2811/23 2572/2812/23 2753/2810/23
f 2572/2812/23 2571/2798/23 2754/2800/23
f 2584/2813/24 2756/2816/24 2438/2814/24
f 2758/2797/2 2437/2796/2 2438/2814/2
f 673/2817/21 2140/2821/21 2755/2818/21
f 2583/2819/2 2755/2818/2 2756/2816/2
f 2139/2820/2 2757/2822/2 2755/2818/2
f 2757/2822/2 2758/2797/2 2756/2816/2
f 648/2823/2 2578/2824/2 2757/2822/2
f 2578/2824/2 2577/2795/2 2758/2797/2
f 2562/2825/2 2760/2828/2 2334/2826/2
f 2762/2794/24 2333/2793/24 2334/2826/24
f 645/2829/2 2036/2833/2 2759/2830/2
f 2561/2831/2 2759/2830/2 2760/2828/2
f 2035/2832/2 2761/2834/2 2759/2830/2
f 2761/2834/24 2762/2794/24 2760/2828/24
f 700/2835/2 2576/2836/2 2761/2834/2
f 2576/2836/2 2575/2792/2 2762/2794/2
f 2570/2210/22 2764/2839/22 2435/2837/22
f 2766/2791/22 2436/2790/22 2435/2837/22
f 649/2840/22 2137/2844/22 2763/2841/22
f 2569/2842/22 2763/2841/22 2764/2839/22
f 2138/2843/22 2765/2845/22 2763/2841/22
f 2765/2845/22 2766/2791/22 2764/2839/22
f 674/2846/22 2582/2847/22 2765/2845/22
f 2582/2847/22 2581/2789/22 2766/2791/22
f 2566/2848/23 2768/2851/23 2331/2849/23
f 2770/2788/23 2332/2787/23 2331/2849/23
f 701/2852/23 2033/2856/23 2767/2853/23
f 2565/2854/23 2767/2853/23 2768/2851/23
f 2034/2855/23 2769/2857/23 2767/2853/23
f 2769/2857/23 2770/2788/23 2768/2851/23
f 644/2858/23 2556/2859/23 2769/2857/23
f 2556/2859/23 2555/2786/23 2770/2788/23
f 2574/2860/2 2772/2863/2 2434/2861/2
f 2774/2785/2 2433/2784/2 2434/2861/2
f 675/2864/2 2136/2868/2 2771/2865/2
f 2573/2866/2 2771/2865/2 2772/2863/2
f 2135/2867/2 2773/2869/2 2771/2865/2
f 2773/2869/24 2774/2785/24 2772/2863/24
f 650/2870/24 2564/2871/24 2773/2869/24
f 2564/2871/2 2563/2783/2 2774/2785/2
f 2546/2872/2 2776/2875/2 2330/2873/2
f 2778/2782/2 2329/2781/2 2330/2873/2
f 643/2876/2 2032/2880/2 2775/2877/2
f 2545/2878/2 2775/2877/2 2776/2875/2
f 2031/2879/2 2777/2881/2 2775/2877/2
f 2777/2881/2 2778/2782/2 2776/2875/2
f 702/2882/2 2560/2883/2 2777/2881/2
f 2560/2883/2 2559/2780/2 2778/2782/2
f 2554/2234/22 2780/2886/22 2431/2884/22
f 2782/2779/22 2432/2778/22 2431/2884/22
f 651/2887/22 2133/2891/22 2779/2888/22
f 2553/2889/22 2779/2888/22 2780/2886/22
f 2134/2890/22 2781/2892/22 2779/2888/22
f 2781/2892/22 2782/2779/22 2780/2886/22
f 676/2893/22 2568/2894/22 2781/2892/22
f 2568/2894/22 2567/2777/22 2782/2779/22
f 2550/2895/23 2784/2898/23 2327/2896/23
f 2786/2776/23 2328/2775/23 2327/2896/23
f 703/2899/23 2029/2903/23 2783/2900/23
f 2549/2901/23 2783/2900/23 2784/2898/23
f 2030/2902/23 2785/2904/23 2783/2900/23
f 2785/2904/23 2786/2776/23 2784/2898/23
f 642/2905/23 2540/2906/23 2785/2904/23
f 2540/2906/23 2539/2774/23 2786/2776/23
f 2558/2907/2 2788/2910/2 2430/2908/2
f 2790/2773/2 2429/2772/2 2430/2908/2
f 677/2911/2 2132/2915/2 2787/2912/2
f 2557/2913/2 2787/2912/2 2788/2910/2
f 2131/2914/2 2789/2916/2 2787/2912/2
f 2789/2916/2 2790/2773/2 2788/2910/2
f 652/2917/2 2548/2918/2 2789/2916/2
f 2548/2918/2 2547/2771/2 2790/2773/2
f 2530/2919/2 2792/2922/2 2326/2920/2
f 2794/2770/2 2325/2769/2 2326/2920/2
f 641/2923/2 2028/2927/2 2791/2924/2
f 2529/2925/2 2791/2924/2 2792/2922/2
f 2027/2926/2 2793/2928/2 2791/2924/2
f 2793/2928/2 2794/2770/2 2792/2922/2
f 704/2929/2 2544/2930/2 2793/2928/2
f 2544/2930/2 2543/2768/2 2794/2770/2
f 2538/2258/22 2796/2933/22 2427/2931/22
f 2798/2767/22 2428/2766/22 2427/2931/22
f 653/2934/22 2129/2938/22 2795/2935/22
f 2537/2936/22 2795/2935/22 2796/2933/22
f 2130/2937/22 2797/2939/22 2795/2935/22
f 2797/2939/22 2798/2767/22 2796/2933/22
f 678/2940/22 2552/2941/22 2797/2939/22
f 2552/2941/22 2551/2765/22 2798/2767/22
f 2534/2942/23 2800/2945/23 2323/2943/23
f 2802/2764/23 2324/2763/23 2323/2943/23
f 705/2946/23 2025/2950/23 2799/2947/23
f 2533/2948/23 2799/2947/23 2800/2945/23
f 2026/2949/23 2801/2951/23 2799/2947/23
f 2801/2951/23 2802/2764/23 2800/2945/23
f 640/2952/23 2524/2953/23 2801/2951/23
f 2524/2953/23 2523/2762/23 2802/2764/23
f 2542/2954/2 2804/2957/2 2426/2955/2
f 2806/2761/2 2425/2760/2 2426/2955/2
f 679/2958/2 2128/2962/2 2803/2959/2
f 2541/2960/2 2803/2959/2 2804/2957/2
f 2127/2961/2 2805/2963/2 2803/2959/2
f 2805/2963/2 2806/2761/2 2804/2957/2
f 654/2964/2 2532/2965/2 2805/2963/2
f 2532/2965/2 2531/2759/2 2806/2761/2
f 2514/2966/2 2808/2969/2 2322/2967/2
f 2810/2758/2 2321/2757/2 2322/2967/2
f 639/2970/2 2024/2974/2 2807/2971/2
f 2513/2972/2 2807/2971/2 2808/2969/2
f 2023/2973/2 2809/2975/2 2807/2971/2
f 2809/2975/2 2810/2758/2 2808/2969/2
f 706/2976/2 2528/2977/2 2809/2975/2
f 2528/2977/2 2527/2756/2 2810/2758/2
f 2522/2285/22 2812/2980/22 2423/2978/22
f 2814/2755/22 2424/2754/22 2423/2978/22
f 655/2981/22 2125/2985/22 2811/2982/22
f 2521/2983/22 2811/2982/22 2812/2980/22
f 2126/2984/22 2813/2986/22 2811/2982/22
f 2813/2986/22 2814/2755/22 2812/2980/22
f 680/2987/22 2536/2988/22 2813/2986/22
f 2536/2988/22 2535/2753/22 2814/2755/22
f 2518/2989/23 2816/2992/23 2319/2990/23
f 2818/2752/23 2320/2751/23 2319/2990/23
f 707/2993/23 2021/2997/23 2815/2994/23
f 2517/2995/23 2815/2994/23 2816/2992/23
f 2022/2996/23 2817/2998/23 2815/2994/23
f 2817/2998/23 2818/2752/23 2816/2992/23
f 638/2999/23 2508/3000/23 2817/2998/23
f 2508/3000/23 2507/2750/23 2818/2752/23
f 2526/3001/2 2820/3004/2 2422/3002/2
f 2822/2749/2 2421/2748/2 2422/3002/2
f 681/3005/2 2124/3009/2 2819/3006/2
f 2525/3007/2 2819/3006/2 2820/3004/2
f 2123/3008/2 2821/3010/2 2819/3006/2
f 2821/3010/2 2822/2749/2 2820/3004/2
f 656/3011/2 2516/3012/2 2821/3010/2
f 2516/3012/2 2515/2747/2 2822/2749/2
f 2498/3013/2 2824/3016/2 2318/3014/2
f 2824/3016/2 2826/2746/2 2317/2745/2
f 637/3017/2 2020/3021/2 2823/3018/2
f 2497/3019/2 2823/3018/2 2824/3016/2
f 2019/3020/2 2825/3022/2 2823/3018/2
f 2825/3022/2 2826/2746/2 2824/3016/2
f 708/3023/2 2512/3024/2 2825/3022/2
f 2512/3024/2 2511/2744/2 2826/2746/2
f 2506/2309/22 2828/3027/22 2419/3025/22
f 2830/2743/22 2420/2742/22 2419/3025/22
f 657/3028/22 2121/3032/22 2827/3029/22
f 2505/3030/22 2827/3029/22 2828/3027/22
f 2122/3031/22 2829/3033/22 2827/3029/22
f 2829/3033/22 2830/2743/22 2828/3027/22
f 682/3034/22 2520/3035/22 2829/3033/22
f 2520/3035/22 2519/2741/22 2830/2743/22
f 2502/3036/23 2832/3039/23 2315/3037/23
f 2832/3039/23 2834/2740/23 2316/2739/23
f 709/3040/23 2017/3044/23 2831/3041/23
f 2501/3042/23 2831/3041/23 2832/3039/23
f 2018/3043/23 2833/3045/23 2831/3041/23
f 2833/3045/23 2834/2740/23 2832/3039/23
f 636/3046/23 2492/3047/23 2833/3045/23
f 2492/3047/23 2491/2738/23 2834/2740/23
f 2510/3048/2 2836/3051/2 2418/3049/2
f 2838/2737/2 2417/2736/2 2418/3049/2
f 683/3052/2 2120/3056/2 2835/3053/2
f 2509/3054/2 2835/3053/2 2836/3051/2
f 2119/3055/2 2837/3057/2 2835/3053/2
f 2837/3057/2 2838/2737/2 2836/3051/2
f 658/3058/2 2500/3059/2 2837/3057/2
f 2500/3059/2 2499/2735/2 2838/2737/2
f 1802/3060/2 2840/3063/2 2314/3061/2
f 2842/2734/2 2313/2733/2 2314/3061/2
f 635/3064/2 2016/3068/2 2839/3065/2
f 1801/3066/2 2839/3065/2 2840/3063/2
f 2015/3067/2 2841/3069/2 2839/3065/2
f 2841/3069/2 2842/2734/2 2840/3063/2
f 710/3070/2 2496/3071/2 2841/3069/2
f 2496/3071/2 2495/2732/2 2842/2734/2
f 2490/2333/22 2844/3074/22 2415/3072/22
f 2846/2731/22 2416/2730/22 2415/3072/22
f 659/3075/22 2117/3079/22 2843/3076/22
f 2489/3077/22 2843/3076/22 2844/3074/22
f 2118/3078/22 2845/3080/22 2843/3076/22
f 2845/3080/22 2846/2731/22 2844/3074/22
f 684/3081/22 2504/3082/22 2845/3080/22
f 2504/3082/22 2503/2729/22 2846/2731/22
f 1794/3083/23 2848/3086/23 2311/3084/23
f 2850/2728/23 2312/2727/23 2311/3084/23
f 711/3087/23 2013/3091/23 2847/3088/23
f 1793/3089/23 2847/3088/23 2848/3086/23
f 2014/3090/23 2849/3092/23 2847/3088/23
f 2849/3092/23 2850/2728/23 2848/3086/23
f 634/3093/23 1814/3094/23 2849/3092/23
f 1814/3094/23 1813/2726/23 2850/2728/23
f 2494/3095/2 2852/3098/2 2414/3096/2
f 2854/2725/2 2413/2724/2 2414/3096/2
f 685/3099/2 2116/3103/2 2851/3100/2
f 2493/3101/2 2851/3100/2 2852/3098/2
f 2115/3102/2 2853/3104/2 2851/3100/2
f 2853/3104/2 2854/2725/2 2852/3098/2
f 660/3105/2 1798/3106/2 2853/3104/2
f 1798/3106/2 1797/2723/2 2854/2725/2
f 1834/3107/2 2856/3110/2 2310/3108/2
f 2856/3110/2 2858/2722/2 2309/2721/2
f 633/3111/2 2012/3115/2 2855/3112/2
f 1833/3113/2 2855/3112/2 2856/3110/2
f 2011/3114/2 2857/3116/2 2855/3112/2
f 2857/3116/2 2858/2722/2 2856/3110/2
f 712/3117/2 1806/3118/2 2857/3116/2
f 1806/3118/2 1805/2720/2 2858/2722/2
f 1818/2360/22 2860/3121/22 2411/3119/22
f 2860/3121/22 2862/2719/22 2412/2718/22
f 661/3122/22 2113/3126/22 2859/3123/22
f 1817/3124/22 2859/3123/22 2860/3121/22
f 2114/3125/22 2861/3127/22 2859/3123/22
f 2861/3127/22 2862/2719/22 2860/3121/22
f 686/3128/22 1698/3129/22 2861/3127/22
f 1698/3129/22 1697/2717/22 2862/2719/22
f 1826/3130/23 2864/3133/23 2307/3131/23
f 2866/2716/23 2308/2715/23 2307/3131/23
f 713/3134/23 2009/3138/23 2863/3135/23
f 1825/3136/23 2863/3135/23 2864/3133/23
f 2010/3137/23 2865/3139/23 2863/3135/23
f 2865/3139/23 2866/2716/23 2864/3133/23
f 632/3140/23 1846/3141/23 2865/3139/23
f 1846/3141/23 1845/2714/23 2866/2716/23
f 1810/3142/2 2868/3145/2 2410/3143/2
f 2870/2713/2 2409/2712/2 2410/3143/2
f 687/3146/2 2112/3150/2 2867/3147/2
f 1809/3148/2 2867/3147/2 2868/3145/2
f 2111/3149/2 2869/3151/2 2867/3147/2
f 2869/3151/2 2870/2713/2 2868/3145/2
f 662/3152/2 1830/3153/2 2869/3151/2
f 1830/3153/2 1829/2711/2 2870/2713/2
f 1866/3154/2 2872/3157/2 2306/3155/2
f 2872/3157/2 2874/2710/2 2305/2709/2
f 631/3158/2 2008/3162/2 2871/3159/2
f 1865/3160/2 2871/3159/2 2872/3157/2
f 2007/3161/2 2873/3163/2 2871/3159/2
f 2873/3163/2 2874/2710/2 2872/3157/2
f 714/3164/2 1838/3165/2 2873/3163/2
f 1838/3165/2 1837/2708/2 2874/2710/2
f 1850/2384/22 2876/3168/22 2407/3166/22
f 2878/2707/22 2408/2706/22 2407/3166/22
f 663/3169/22 2109/3173/22 2875/3170/22
f 1849/3171/22 2875/3170/22 2876/3168/22
f 2110/3172/22 2877/3174/22 2875/3170/22
f 2877/3174/22 2878/2707/22 2876/3168/22
f 688/3175/22 1822/3176/22 2877/3174/22
f 1822/3176/22 1821/2705/22 2878/2707/22
f 1858/3177/23 2880/3180/23 2303/3178/23
f 2880/3180/23 2882/2704/23 2304/2703/23
f 715/3181/23 2005/3185/23 2879/3182/23
f 1857/3183/23 2879/3182/23 2880/3180/23
f 2006/3184/23 2881/3187/23 2879/3182/23
f 2879/3182/23 2881/3187/23 2882/2704/23
f 630/3186/23 1878/3188/23 2881/3187/23
f 1878/3188/23 1877/2702/23 2882/2704/23
f 1842/3189/2 2884/3192/2 2406/3190/2
f 2886/2701/2 2405/2700/2 2406/3190/2
f 689/3193/2 2108/3197/2 2883/3194/2
f 1841/3195/2 2883/3194/2 2884/3192/2
f 2107/3196/2 2885/3198/2 2883/3194/2
f 2885/3198/2 2886/2701/2 2884/3192/2
f 664/3199/2 1862/3200/2 2885/3198/2
f 1862/3200/2 1861/2699/2 2886/2701/2
f 1896/3201/2 2888/3204/2 2302/3202/2
f 2888/3204/2 2890/2698/2 2301/2697/2
f 629/3205/2 2004/3209/2 2887/3206/2
f 1895/3207/2 2887/3206/2 2888/3204/2
f 2003/3208/2 2889/3210/2 2887/3206/2
f 2889/3210/2 2890/2698/2 2888/3204/2
f 716/3211/2 1870/3212/2 2889/3210/2
f 1870/3212/2 1869/2696/2 2890/2698/2
f 1882/2408/22 2892/3215/22 2403/3213/22
f 2894/2695/22 2404/2694/22 2403/3213/22
f 665/3216/22 2105/3220/22 2891/3217/22
f 1881/3218/22 2891/3217/22 2892/3215/22
f 2106/3219/22 2893/3221/22 2891/3217/22
f 2893/3221/22 2894/2695/22 2892/3215/22
f 690/3222/22 1854/3223/22 2893/3221/22
f 1854/3223/22 1853/2693/22 2894/2695/22
f 1890/3224/23 2896/3227/23 2299/3225/23
f 2896/3227/23 2898/2692/23 2300/2691/23
f 717/3228/23 2001/3232/23 2895/3229/23
f 1889/3230/23 2895/3229/23 2896/3227/23
f 2002/3231/23 2897/3233/23 2895/3229/23
f 2897/3233/23 2898/2692/23 2896/3227/23
f 628/3234/23 1908/3235/23 2897/3233/23
f 1908/3235/23 1907/2690/23 2898/2692/23
f 1874/3236/2 2900/3239/2 2402/3237/2
f 2902/2689/2 2401/2688/2 2402/3237/2
f 691/3240/2 2104/3244/2 2899/3241/2
f 1873/3242/2 2899/3241/2 2900/3239/2
f 2103/3243/2 2901/3245/2 2899/3241/2
f 2901/3245/2 2902/2689/2 2900/3239/2
f 666/3246/2 1892/3247/2 2901/3245/2
f 1892/3247/2 1891/2687/2 2902/2689/2
f 1928/3248/2 2904/3251/2 2298/3249/2
f 2906/2686/2 2297/2685/2 2298/3249/2
f 627/3252/2 2000/3256/2 2903/3253/2
f 1927/3254/2 2903/3253/2 2904/3251/2
f 1999/3255/2 2905/3257/2 2903/3253/2
f 2905/3257/2 2906/2686/2 2904/3251/2
f 718/3258/2 1900/3259/2 2905/3257/2
f 1900/3259/2 1899/2684/2 2906/2686/2
f 1912/2435/22 2908/3262/22 2399/3260/22
f 2910/2683/22 2400/2682/22 2399/3260/22
f 667/3263/22 2101/3267/22 2907/3264/22
f 1911/3265/22 2907/3264/22 2908/3262/22
f 2102/3266/22 2909/3268/22 2907/3264/22
f 2909/3268/22 2910/2683/22 2908/3262/22
f 692/3269/22 1886/3270/22 2909/3268/22
f 1886/3270/22 1885/2681/22 2910/2683/22
f 1920/3271/23 2912/3274/23 2295/3272/23
f 2914/2680/23 2296/2679/23 2295/3272/23
f 719/3275/23 1997/3278/23 2911/3276/23
f 1919/3277/23 2911/3276/23 2912/3274/23
f 1997/3278/23 1998/3281/23 2913/3279/23
f 2913/3279/23 2914/2680/23 2912/3274/23
f 626/3280/23 1940/3282/23 2913/3279/23
f 1940/3282/23 1939/2678/23 2914/2680/23
f 1904/3283/2 2916/3286/2 2398/3284/2
f 2918/2677/2 2397/2676/2 2398/3284/2
f 693/3287/2 2100/3291/2 2915/3288/2
f 1903/3289/2 2915/3288/2 2916/3286/2
f 2099/3290/2 2917/3292/2 2915/3288/2
f 2917/3292/2 2918/2677/2 2916/3286/2
f 668/3293/2 1924/3294/2 2917/3292/2
f 1924/3294/2 1923/2675/2 2918/2677/2
f 1958/3295/2 2920/3298/2 2294/3296/2
f 2920/3298/2 2922/2674/2 2293/2673/2
f 625/3299/2 1996/3303/2 2919/3300/2
f 1957/3301/2 2919/3300/2 2920/3298/2
f 1995/3302/2 2921/3304/2 2919/3300/2
f 2921/3304/2 2922/2674/2 2920/3298/2
f 720/3305/2 1932/3306/2 2921/3304/2
f 1932/3306/2 1931/2672/2 2922/2674/2
f 1942/2459/22 2924/3309/22 2395/3307/22
f 2926/2671/22 2396/2670/22 2395/3307/22
f 669/3310/22 2097/3314/22 2923/3311/22
f 1941/3312/22 2923/3311/22 2924/3309/22
f 2098/3313/22 2925/3315/22 2923/3311/22
f 2925/3315/22 2926/2671/22 2924/3309/22
f 694/3316/22 1916/3317/22 2925/3315/22
f 1916/3317/22 1915/2669/22 2926/2671/22
f 1950/3318/23 2928/3321/23 2291/3319/23
f 2928/3321/23 2930/2668/23 2292/2667/23
f 721/3322/23 1993/3326/23 2927/3323/23
f 1949/3324/23 2927/3323/23 2928/3321/23
f 1994/3325/23 2929/3327/23 2927/3323/23
f 2929/3327/23 2930/2668/23 2928/3321/23
f 624/3328/23 1970/3329/23 2929/3327/23
f 1970/3329/23 1969/2666/23 2930/2668/23
f 1936/3330/2 2932/3333/2 2394/3331/2
f 2934/2665/2 2393/2664/2 2394/3331/2
f 695/3334/2 2096/3338/2 2931/3335/2
f 1935/3336/2 2931/3335/2 2932/3333/2
f 2095/3337/2 2933/3339/2 2931/3335/2
f 2933/3339/2 2934/2665/2 2932/3333/2
f 670/3340/2 1954/3341/2 2933/3339/2
f 1954/3341/2 1953/2663/2 2934/2665/2
f 1990/3342/2 2936/3345/2 2290/3343/2
f 2936/3345/2 2938/2662/2 2289/2661/2
f 623/3346/2 1992/3350/2 2935/3347/2
f 1989/3348/2 2935/3347/2 2936/3345/2
f 1991/3349/2 2937/3351/2 2935/3347/2
f 2937/3351/2 2938/2662/2 2936/3345/2
f 722/3352/2 1962/3353/2 2937/3351/2
f 1962/3353/2 1961/2660/2 2938/2662/2
f 1974/2483/22 2940/3356/22 2391/3354/22
f 2942/2659/22 2392/2658/22 2391/3354/22
f 671/3357/22 2093/3361/22 2939/3358/22
f 1973/3359/22 2939/3358/22 2940/3356/22
f 2094/3360/22 2941/3362/22 2939/3358/22
f 2941/3362/22 2942/2659/22 2940/3356/22
f 696/3363/22 1946/3364/22 2941/3362/22
f 1946/3364/22 1945/2657/22 2942/2659/22
f 2944/3365/1 2216/3368/1 750/3366/1
f 2946/2656/1 2215/2655/1 2216/3368/1
f 2213/3369/1 2943/3372/1 2483/3370/1
f 2943/3372/1 2944/3365/1 2484/3367/1
f 2214/3373/1 2945/3375/1 2943/3372/1
f 2943/3372/1 2945/3375/1 2946/2656/1
f 747/3374/1 2485/3376/1 2945/3375/1
f 2485/3376/1 2486/2654/1 2946/2656/1
f 2480/3377/1 2948/3380/1 2218/3378/1
f 2948/3380/1 2950/2653/1 2217/2652/1
f 744/3381/1 2211/3384/1 2947/3382/1
f 2479/3383/1 2947/3382/1 2948/3380/1
f 2211/3384/1 2212/3386/1 2949/3385/1
f 2947/3382/1 2949/3385/1 2950/2653/1
f 2212/3386/1 745/5827/1 2481/3387/1
f 2949/3385/1 2481/3387/1 2482/2651/1
f 2476/3388/1 2952/3391/1 2220/3389/1
f 2952/3391/1 2954/2648/1 2219/2650/1
f 742/3392/1 2209/3395/1 2951/3393/1
f 2475/3394/1 2951/3393/1 2952/3391/1
f 2209/3395/1 2210/3397/1 2953/3396/1
f 2951/3393/1 2953/3396/1 2954/2648/1
f 2210/3397/1 743/5828/1 2477/3398/1
f 2953/3396/1 2477/3398/1 2478/3399/1
f 2472/3400/1 2956/3403/1 2222/3401/1
f 2956/3403/1 2958/2645/1 2221/2647/1
f 740/3404/1 2207/3407/1 2955/3405/1
f 2471/3406/1 2955/3405/1 2956/3403/1
f 2207/3407/1 2208/3409/1 2957/3408/1
f 2955/3405/1 2957/3408/1 2958/2645/1
f 2208/3409/1 741/5829/1 2473/3410/1
f 2957/3408/1 2473/3410/1 2474/3411/1
f 2468/3412/1 2960/3415/1 2224/3413/1
f 2960/3415/1 2962/2642/1 2223/2644/1
f 738/3416/1 2205/3419/1 2959/3417/1
f 2467/3418/1 2959/3417/1 2960/3415/1
f 2205/3419/1 2206/3421/1 2961/3420/1
f 2959/3417/1 2961/3420/1 2962/2642/1
f 2206/3421/1 739/5830/1 2469/3422/1
f 2961/3420/1 2469/3422/1 2470/3423/1
f 2464/3424/1 2964/3427/1 2226/3425/1
f 2966/2641/1 2225/2640/1 2226/3425/1
f 2203/3428/1 2963/3431/1 2463/3429/1
f 2963/3431/1 2964/3427/1 2464/3424/1
f 2204/3432/1 2965/3433/1 2963/3431/1
f 2965/3433/1 2966/2641/1 2964/3427/1
f 2204/3432/1 737/5831/1 2465/3434/1
f 2965/3433/1 2465/3434/1 2466/2639/1
f 2968/3435/1 2228/3438/1 762/3436/1
f 2970/2638/1 2227/2637/1 2228/3438/1
f 2201/3439/1 2967/3442/1 2459/3440/1
f 2967/3442/1 2968/3435/1 2460/3437/1
f 2202/3443/1 2969/3444/1 2967/3442/1
f 2969/3444/1 2970/2638/1 2968/3435/1
f 735/3445/1 2461/3446/1 2969/3444/1
f 2461/3446/1 2462/2636/1 2970/2638/1
f 2972/3447/1 2230/3450/1 764/3448/1
f 2974/2635/1 2229/2634/1 2230/3450/1
f 2199/3451/1 2971/3454/1 2455/3452/1
f 2971/3454/1 2972/3447/1 2456/3449/1
f 2200/3455/1 2973/3456/1 2971/3454/1
f 2973/3456/1 2974/2635/1 2972/3447/1
f 733/3457/1 2457/3458/1 2973/3456/1
f 2457/3458/1 2458/2633/1 2974/2635/1
f 2976/3459/1 2232/3462/1 766/3460/1
f 2978/2632/1 2231/2631/1 2232/3462/1
f 2197/3463/1 2975/3466/1 2451/3464/1
f 2975/3466/1 2976/3459/1 2452/3461/1
f 2198/3467/1 2977/3468/1 2975/3466/1
f 2977/3468/1 2978/2632/1 2976/3459/1
f 731/3469/1 2453/3470/1 2977/3468/1
f 2453/3470/1 2454/2630/1 2978/2632/1
f 2980/3471/1 2234/3474/1 768/3472/1
f 2982/2629/1 2233/2628/1 2234/3474/1
f 2195/3475/1 2979/3478/1 2447/3476/1
f 2979/3478/1 2980/3471/1 2448/3473/1
f 2196/3479/1 2981/3480/1 2979/3478/1
f 2981/3480/1 2982/2629/1 2980/3471/1
f 729/3481/1 2449/3482/1 2981/3480/1
f 2449/3482/1 2450/2627/1 2982/2629/1
f 2984/3483/1 2236/3486/1 770/3484/1
f 2986/2626/1 2235/2625/1 2236/3486/1
f 2193/3487/1 2983/3490/1 2443/3488/1
f 2983/3490/1 2984/3483/1 2444/3485/1
f 2194/3491/1 2985/3492/1 2983/3490/1
f 2985/3492/1 2986/2626/1 2984/3483/1
f 727/3493/1 2445/3494/1 2985/3492/1
f 2445/3494/1 2446/2624/1 2986/2626/1
f 2988/3495/1 2238/3498/1 772/3496/1
f 2990/2623/1 2237/2622/1 2238/3498/1
f 2191/3499/1 2987/3502/1 2439/3500/1
f 2987/3502/1 2988/3495/1 2440/3497/1
f 2192/3503/1 2989/3504/1 2987/3502/1
f 2989/3504/1 2990/2623/1 2988/3495/1
f 725/3505/1 2441/3506/1 2989/3504/1
f 2441/3506/1 2442/2621/1 2990/2623/1
f 2992/3507/4 2242/3509/4 775/2862/4
f 2994/2620/4 2241/2619/4 2242/3509/4
f 2216/3510/4 2991/3513/4 2433/3511/4
f 2991/3513/4 2992/3507/4 2434/3508/4
f 2215/3514/4 2993/3515/4 2991/3513/4
f 2993/3515/4 2994/2620/4 2992/3507/4
f 749/3516/4 2435/3517/4 2993/3515/4
f 2435/3517/4 2436/2618/4 2994/2620/4
f 2996/3518/4 2244/3520/4 777/2909/4
f 2998/2617/4 2243/2616/4 2244/3520/4
f 2218/3521/4 2995/3524/4 2429/3522/4
f 2995/3524/4 2996/3518/4 2430/3519/4
f 2217/3525/4 2997/3526/4 2995/3524/4
f 2997/3526/4 2998/2617/4 2996/3518/4
f 751/3527/4 2431/3528/4 2997/3526/4
f 2431/3528/4 2432/2615/4 2998/2617/4
f 3000/3529/4 2246/3531/4 779/2956/4
f 3002/2614/4 2245/2613/4 2246/3531/4
f 2220/3532/4 2999/3535/4 2425/3533/4
f 2999/3535/4 3000/3529/4 2426/3530/4
f 2219/3536/4 3001/3537/4 2999/3535/4
f 3001/3537/4 3002/2614/4 3000/3529/4
f 753/3538/4 2427/3539/4 3001/3537/4
f 2427/3539/4 2428/2612/4 3002/2614/4
f 3004/3540/4 2248/3542/4 781/3003/4
f 3006/2611/4 2247/2610/4 2248/3542/4
f 2222/3543/4 3003/3546/4 2421/3544/4
f 3003/3546/4 3004/3540/4 2422/3541/4
f 2221/3547/4 3005/3548/4 3003/3546/4
f 3005/3548/4 3006/2611/4 3004/3540/4
f 755/3549/4 2423/3550/4 3005/3548/4
f 2423/3550/4 2424/2609/4 3006/2611/4
f 3008/3551/4 2250/3553/4 783/3050/4
f 3010/2608/4 2249/2607/4 2250/3553/4
f 2224/3554/4 3007/3557/4 2417/3555/4
f 3007/3557/4 3008/3551/4 2418/3552/4
f 2223/3558/4 3009/3559/4 3007/3557/4
f 3009/3559/4 3010/2608/4 3008/3551/4
f 757/3560/4 2419/3561/4 3009/3559/4
f 2419/3561/4 2420/2606/4 3010/2608/4
f 3012/3562/4 2252/3564/4 785/3097/4
f 3014/2605/4 2251/2604/4 2252/3564/4
f 2226/3565/4 3011/3568/4 2413/3566/4
f 3011/3568/4 3012/3562/4 2414/3563/4
f 2225/3569/4 3013/3570/4 3011/3568/4
f 3013/3570/4 3014/2605/4 3012/3562/4
f 759/3571/4 2415/3572/4 3013/3570/4
f 2415/3572/4 2416/2603/4 3014/2605/4
f 3016/3573/4 2254/3575/4 787/3144/4
f 3018/2602/4 2253/2601/4 2254/3575/4
f 2228/3576/4 3015/3579/4 2409/3577/4
f 3015/3579/4 3016/3573/4 2410/3574/4
f 2227/3580/4 3017/3581/4 3015/3579/4
f 3017/3581/4 3018/2602/4 3016/3573/4
f 761/3582/4 2411/3583/4 3017/3581/4
f 2411/3583/4 2412/2600/4 3018/2602/4
f 3020/3584/4 2256/3586/4 789/3191/4
f 3022/2599/4 2255/2598/4 2256/3586/4
f 2230/3587/4 3019/3590/4 2405/3588/4
f 3019/3590/4 3020/3584/4 2406/3585/4
f 2229/3591/4 3021/3592/4 3019/3590/4
f 3021/3592/4 3022/2599/4 3020/3584/4
f 763/3593/4 2407/3594/4 3021/3592/4
f 2407/3594/4 2408/2597/4 3022/2599/4
f 3024/3595/4 2258/3597/4 791/3238/4
f 3026/2596/4 2257/2595/4 2258/3597/4
f 2232/3598/4 3023/3601/4 2401/3599/4
f 3023/3601/4 3024/3595/4 2402/3596/4
f 2231/3602/4 3025/3603/4 3023/3601/4
f 3025/3603/4 3026/2596/4 3024/3595/4
f 765/3604/4 2403/3605/4 3025/3603/4
f 2403/3605/4 2404/2594/4 3026/2596/4
f 3028/3606/4 2260/3608/4 793/3285/4
f 3030/2593/4 2259/2592/4 2260/3608/4
f 2234/3609/4 3027/3612/4 2397/3610/4
f 3027/3612/4 3028/3606/4 2398/3607/4
f 2233/3613/4 3029/3614/4 3027/3612/4
f 3029/3614/4 3030/2593/4 3028/3606/4
f 767/3615/4 2399/3616/4 3029/3614/4
f 2399/3616/4 2400/2591/4 3030/2593/4
f 3032/3617/4 2262/3619/4 795/3332/4
f 3034/2590/4 2261/2589/4 2262/3619/4
f 2236/3620/4 3031/3623/4 2393/3621/4
f 3031/3623/4 3032/3617/4 2394/3618/4
f 2235/3624/4 3033/3625/4 3031/3623/4
f 3033/3625/4 3034/2590/4 3032/3617/4
f 769/3626/4 2395/3627/4 3033/3625/4
f 2395/3627/4 2396/2588/4 3034/2590/4
f 3036/3628/4 2264/3631/4 797/3629/4
f 3038/2587/4 2263/2586/4 2264/3631/4
f 2238/3632/4 3035/3635/4 2389/3633/4
f 3035/3635/4 3036/3628/4 2390/3630/4
f 2237/3636/4 3037/3637/4 3035/3635/4
f 3037/3637/4 3038/2587/4 3036/3628/4
f 771/3638/4 2391/3639/4 3037/3637/4
f 2391/3639/4 2392/2585/4 3038/2587/4
f 3040/3640/5 2266/3643/5 800/3641/5
f 3042/2584/5 2265/2583/5 2266/3643/5
f 2242/3644/5 3039/3647/5 2383/3645/5
f 3039/3647/5 3040/3640/5 2384/3642/5
f 2241/3648/5 3041/3649/5 3039/3647/5
f 3041/3649/5 3042/2584/5 3040/3640/5
f 774/3650/5 2385/3651/5 3041/3649/5
f 2385/3651/5 2386/2582/5 3042/2584/5
f 3044/3652/5 2268/3655/5 802/3653/5
f 3046/2581/5 2267/2580/5 2268/3655/5
f 2244/3656/5 3043/3659/5 2379/3657/5
f 3043/3659/5 3044/3652/5 2380/3654/5
f 2243/3660/5 3045/3661/5 3043/3659/5
f 3045/3661/5 3046/2581/5 3044/3652/5
f 776/3662/5 2381/3663/5 3045/3661/5
f 2381/3663/5 2382/2579/5 3046/2581/5
f 3048/3664/5 2270/3667/5 804/3665/5
f 3050/2578/5 2269/2577/5 2270/3667/5
f 2246/3668/5 3047/3671/5 2375/3669/5
f 3047/3671/5 3048/3664/5 2376/3666/5
f 2245/3672/5 3049/3673/5 3047/3671/5
f 3049/3673/5 3050/2578/5 3048/3664/5
f 778/3674/5 2377/3675/5 3049/3673/5
f 2377/3675/5 2378/2576/5 3050/2578/5
f 3052/3676/5 2272/3679/5 806/3677/5
f 3054/2575/5 2271/2574/5 2272/3679/5
f 2248/3680/5 3051/3683/5 2371/3681/5
f 3051/3683/5 3052/3676/5 2372/3678/5
f 2247/3684/5 3053/3685/5 3051/3683/5
f 3053/3685/5 3054/2575/5 3052/3676/5
f 780/3686/5 2373/3687/5 3053/3685/5
f 2373/3687/5 2374/2573/5 3054/2575/5
f 3056/3688/5 2274/3691/5 808/3689/5
f 3058/2572/5 2273/2571/5 2274/3691/5
f 2250/3692/5 3055/3695/5 2367/3693/5
f 3055/3695/5 3056/3688/5 2368/3690/5
f 2249/3696/5 3057/3697/5 3055/3695/5
f 3057/3697/5 3058/2572/5 3056/3688/5
f 782/3698/5 2369/3699/5 3057/3697/5
f 2369/3699/5 2370/2570/5 3058/2572/5
f 3060/3700/5 2276/3703/5 810/3701/5
f 3062/2569/5 2275/2568/5 2276/3703/5
f 2252/3704/5 3059/3707/5 2363/3705/5
f 3059/3707/5 3060/3700/5 2364/3702/5
f 2251/3708/5 3061/3709/5 3059/3707/5
f 3061/3709/5 3062/2569/5 3060/3700/5
f 784/3710/5 2365/3711/5 3061/3709/5
f 2365/3711/5 2366/2567/5 3062/2569/5
f 3064/3712/5 2278/3715/5 812/3713/5
f 3066/2566/5 2277/2565/5 2278/3715/5
f 2254/3716/5 3063/3719/5 2359/3717/5
f 3063/3719/5 3064/3712/5 2360/3714/5
f 2253/3720/5 3065/3721/5 3063/3719/5
f 3065/3721/5 3066/2566/5 3064/3712/5
f 786/3722/5 2361/3723/5 3065/3721/5
f 2361/3723/5 2362/2564/5 3066/2566/5
f 3068/3724/5 2280/3727/5 814/3725/5
f 3070/2563/5 2279/2562/5 2280/3727/5
f 2256/3728/5 3067/3731/5 2355/3729/5
f 3067/3731/5 3068/3724/5 2356/3726/5
f 2255/3732/5 3069/3733/5 3067/3731/5
f 3069/3733/5 3070/2563/5 3068/3724/5
f 788/3734/5 2357/3735/5 3069/3733/5
f 2357/3735/5 2358/2561/5 3070/2563/5
f 3072/3736/5 2282/3739/5 816/3737/5
f 3074/2560/5 2281/2559/5 2282/3739/5
f 2258/3740/5 3071/3743/5 2351/3741/5
f 3071/3743/5 3072/3736/5 2352/3738/5
f 2257/3744/5 3073/3745/5 3071/3743/5
f 3073/3745/5 3074/2560/5 3072/3736/5
f 790/3746/5 2353/3747/5 3073/3745/5
f 2353/3747/5 2354/2558/5 3074/2560/5
f 3076/3748/5 2284/3751/5 818/3749/5
f 3078/2557/5 2283/2556/5 2284/3751/5
f 2260/3752/5 3075/3755/5 2347/3753/5
f 3075/3755/5 3076/3748/5 2348/3750/5
f 2259/3756/5 3077/3757/5 3075/3755/5
f 3077/3757/5 3078/2557/5 3076/3748/5
f 792/3758/5 2349/3759/5 3077/3757/5
f 2349/3759/5 2350/2555/5 3078/2557/5
f 3080/3760/5 2286/3763/5 820/3761/5
f 3082/2554/5 2285/2553/5 2286/3763/5
f 2262/3764/5 3079/3767/5 2343/3765/5
f 3079/3767/5 3080/3760/5 2344/3762/5
f 2261/3768/5 3081/3769/5 3079/3767/5
f 3081/3769/5 3082/2554/5 3080/3760/5
f 794/3770/5 2345/3771/5 3081/3769/5
f 2345/3771/5 2346/2552/5 3082/2554/5
f 3084/3772/5 2288/3775/5 822/3773/5
f 3086/2551/5 2287/2550/5 2288/3775/5
f 2264/3776/5 3083/3779/5 2339/3777/5
f 3083/3779/5 3084/3772/5 2340/3774/5
f 2263/3780/5 3085/3781/5 3083/3779/5
f 3085/3781/5 3086/2551/5 3084/3772/5
f 796/3782/5 2341/3783/5 3085/3781/5
f 2341/3783/5 2342/2549/5 3086/2551/5
f 3088/3784/6 2213/3786/6 746/2827/6
f 3090/2548/6 2214/2547/6 2213/3786/6
f 2266/3787/6 3087/3790/6 2333/3788/6
f 3087/3790/6 3088/3784/6 2334/3785/6
f 2265/3791/6 3089/3792/6 3087/3790/6
f 3089/3792/6 3090/2548/6 3088/3784/6
f 799/3793/6 2335/3794/6 3089/3792/6
f 2335/3794/6 2336/2546/6 3090/2548/6
f 3092/3795/6 2211/3797/6 744/2874/6
f 3094/2545/6 2212/2544/6 2211/3797/6
f 2268/3798/6 3091/3801/6 2329/3799/6
f 3091/3801/6 3092/3795/6 2330/3796/6
f 2267/3802/6 3093/3803/6 3091/3801/6
f 3093/3803/6 3094/2545/6 3092/3795/6
f 801/3804/6 2331/3805/6 3093/3803/6
f 2331/3805/6 2332/2543/6 3094/2545/6
f 3096/3806/6 2209/3808/6 742/2921/6
f 3098/2542/6 2210/2541/6 2209/3808/6
f 2270/3809/6 3095/3812/6 2325/3810/6
f 3095/3812/6 3096/3806/6 2326/3807/6
f 2269/3813/6 3097/3814/6 3095/3812/6
f 3097/3814/6 3098/2542/6 3096/3806/6
f 803/3815/6 2327/3816/6 3097/3814/6
f 2327/3816/6 2328/2540/6 3098/2542/6
f 3100/3817/6 2207/3819/6 740/2968/6
f 3102/2539/6 2208/2538/6 2207/3819/6
f 2272/3820/6 3099/3823/6 2321/3821/6
f 3099/3823/6 3100/3817/6 2322/3818/6
f 2271/3824/6 3101/3825/6 3099/3823/6
f 3101/3825/6 3102/2539/6 3100/3817/6
f 805/3826/6 2323/3827/6 3101/3825/6
f 2323/3827/6 2324/2537/6 3102/2539/6
f 3104/3828/6 2205/3830/6 738/3015/6
f 3106/2536/6 2206/2535/6 2205/3830/6
f 2274/3831/6 3103/3834/6 2317/3832/6
f 3103/3834/6 3104/3828/6 2318/3829/6
f 2273/3835/6 3105/3836/6 3103/3834/6
f 3105/3836/6 3106/2536/6 3104/3828/6
f 807/3837/6 2319/3838/6 3105/3836/6
f 2319/3838/6 2320/2534/6 3106/2536/6
f 3108/3839/6 2203/3841/6 736/3062/6
f 3110/2533/6 2204/2532/6 2203/3841/6
f 2276/3842/6 3107/3845/6 2313/3843/6
f 3107/3845/6 3108/3839/6 2314/3840/6
f 2275/3846/6 3109/3847/6 3107/3845/6
f 3109/3847/6 3110/2533/6 3108/3839/6
f 809/3848/6 2315/3849/6 3109/3847/6
f 2315/3849/6 2316/2531/6 3110/2533/6
f 3112/3850/6 2201/3852/6 734/3109/6
f 3114/2530/6 2202/2529/6 2201/3852/6
f 2278/3853/6 3111/3856/6 2309/3854/6
f 3111/3856/6 3112/3850/6 2310/3851/6
f 2277/3857/6 3113/3858/6 3111/3856/6
f 3113/3858/6 3114/2530/6 3112/3850/6
f 811/3859/6 2311/3860/6 3113/3858/6
f 2311/3860/6 2312/2528/6 3114/2530/6
f 3116/3861/6 2199/3863/6 732/3156/6
f 3118/2527/6 2200/2526/6 2199/3863/6
f 2280/3864/6 3115/3867/6 2305/3865/6
f 3115/3867/6 3116/3861/6 2306/3862/6
f 2279/3868/6 3117/3869/6 3115/3867/6
f 3117/3869/6 3118/2527/6 3116/3861/6
f 813/3870/6 2307/3871/6 3117/3869/6
f 2307/3871/6 2308/2525/6 3118/2527/6
f 3120/3872/6 2197/3874/6 730/3203/6
f 3122/2524/6 2198/2523/6 2197/3874/6
f 2282/3875/6 3119/3878/6 2301/3876/6
f 3119/3878/6 3120/3872/6 2302/3873/6
f 2281/3879/6 3121/3880/6 3119/3878/6
f 3121/3880/6 3122/2524/6 3120/3872/6
f 815/3881/6 2303/3882/6 3121/3880/6
f 2303/3882/6 2304/2522/6 3122/2524/6
f 3124/3883/6 2195/3885/6 728/3250/6
f 3126/2521/6 2196/2520/6 2195/3885/6
f 2284/3886/6 3123/3889/6 2297/3887/6
f 3123/3889/6 3124/3883/6 2298/3884/6
f 2283/3890/6 3125/3891/6 3123/3889/6
f 3125/3891/6 3126/2521/6 3124/3883/6
f 817/3892/6 2299/3893/6 3125/3891/6
f 2299/3893/6 2300/2519/6 3126/2521/6
f 3128/3894/6 2193/3896/6 726/3297/6
f 3130/2518/6 2194/2517/6 2193/3896/6
f 2286/3897/6 3127/3900/6 2293/3898/6
f 3127/3900/6 3128/3894/6 2294/3895/6
f 2285/3901/6 3129/3902/6 3127/3900/6
f 3129/3902/6 3130/2518/6 3128/3894/6
f 819/3903/6 2295/3904/6 3129/3902/6
f 2295/3904/6 2296/2516/6 3130/2518/6
f 3132/3905/6 2191/3907/6 724/3344/6
f 3134/2515/6 2192/2514/6 2191/3907/6
f 2288/3908/6 3131/3911/6 2289/3909/6
f 3131/3911/6 3132/3905/6 2290/3906/6
f 2287/3912/6 3133/3913/6 3131/3911/6
f 3133/3913/6 3134/2515/6 3132/3905/6
f 821/3914/6 2291/3915/6 3133/3913/6
f 2291/3915/6 2292/2513/6 3134/2515/6
f 3136/3916/6 2587/3919/6 723/3917/6
f 3138/2512/6 2588/2511/6 2587/3919/6
f 2586/3920/6 3135/3923/6 2337/3921/6
f 3135/3923/6 3136/3916/6 2338/3918/6
f 2585/3924/6 3137/3925/6 3135/3923/6
f 3137/3925/6 3138/2512/6 3136/3916/6
f 384/3926/6 1717/3927/6 3137/3925/6
f 1717/3927/6 1718/2510/6 3138/2512/6
f 3140/3928/5 2586/3931/5 798/3929/5
f 3142/2509/5 2585/2508/5 2586/3931/5
f 2590/3932/5 3139/3935/5 2387/3933/5
f 3139/3935/5 3140/3928/5 2388/3930/5
f 2589/3936/5 3141/3937/5 3139/3935/5
f 3141/3937/5 3142/2509/5 3140/3928/5
f 386/3938/5 1711/3939/5 3141/3937/5
f 1711/3939/5 1712/2507/5 3142/2509/5
f 3144/3940/4 2590/3942/4 773/2815/4
f 3146/2506/4 2589/2505/4 2590/3942/4
f 2240/3943/4 3143/3946/4 2437/3944/4
f 3143/3946/4 3144/3940/4 2438/3941/4
f 2239/3947/4 3145/3948/4 3143/3946/4
f 3145/3948/4 3146/2506/4 3144/3940/4
f 382/3949/4 1705/3950/4 3145/3948/4
f 1705/3950/4 1706/2504/4 3146/2506/4
f 3148/3951/1 2240/3954/1 748/3952/1
f 3150/2503/1 2239/2502/1 2240/3954/1
f 2587/3955/1 3147/3958/1 2487/3956/1
f 3147/3958/1 3148/3951/1 2488/3953/1
f 2588/3959/1 3149/3961/1 3147/3958/1
f 3147/3958/1 3149/3961/1 3150/2503/1
f 380/3960/1 1699/3962/1 3149/3961/1
f 1699/3962/1 1700/2501/1 3150/2503/1
f 3152/3963/1 1844/3966/1 649/3964/1
f 3154/2498/1 1843/2500/1 1844/3966/1
f 1839/3967/1 3151/3970/1 2187/3968/1
f 3151/3970/1 3152/3963/1 2188/3965/1
f 1840/2274/1 3153/3971/1 3151/3970/1
f 3153/3971/1 3154/2498/1 3152/3963/1
f 647/3972/1 2189/3973/1 3153/3971/1
f 2189/3973/1 2190/5753/1 3154/2498/1
f 1985/3974/2 3156/3976/2 2440/3975/2
f 3158/2497/2 2439/2496/2 2440/3975/2
f 672/3977/2 2142/3981/2 3155/3978/2
f 1986/3979/2 3155/3978/2 3156/3976/2
f 2141/3980/2 3157/3982/2 3155/3978/2
f 3157/3982/2 3158/2497/2 3156/3976/2
f 623/3983/2 1989/3984/2 3157/3982/2
f 1989/3984/2 1990/2495/2 3158/2497/2
f 2184/3985/1 3160/3988/1 1848/3986/1
f 3160/3988/1 3162/2492/1 1847/2494/1
f 644/3989/1 1835/3992/1 3159/3990/1
f 2183/3991/1 3159/3990/1 3160/3988/1
f 1835/3992/1 1836/2268/1 3161/3993/1
f 3159/3990/1 3161/3993/1 3162/2492/1
f 1836/2268/1 645/5708/1 2185/3994/1
f 3161/3993/1 2185/3994/1 2186/3995/1
f 1977/3996/24 3164/3998/24 2338/3997/24
f 3166/2491/24 2337/2490/24 2338/3997/24
f 647/3999/2 2040/4003/2 3163/4000/2
f 1978/4001/2 3163/4000/2 3164/3998/2
f 2039/4002/2 3165/4004/2 3163/4000/2
f 3165/4004/2 3166/2491/2 3164/3998/2
f 698/4005/2 1981/4006/2 3165/4004/2
f 1981/4006/24 1982/2489/24 3166/2491/24
f 2180/4007/1 3168/4010/1 1852/4008/1
f 3168/4010/1 3170/2486/1 1851/2488/1
f 642/4011/1 1831/4014/1 3167/4012/1
f 2179/4013/1 3167/4012/1 3168/4010/1
f 1831/4014/1 1832/2262/1 3169/4015/1
f 3167/4012/1 3169/4015/1 3170/2486/1
f 1832/2262/1 643/5706/1 2181/4016/1
f 3169/4015/1 2181/4016/1 2182/4017/1
f 1969/2666/20 3172/4020/20 2441/4018/20
f 3174/2485/20 2442/2484/20 2441/4018/20
f 624/3328/20 2143/4023/20 3171/4021/20
f 1970/3329/20 3171/4021/20 3172/4020/20
f 2144/4022/20 3173/4024/20 3171/4021/20
f 3173/4024/20 3174/2485/20 3172/4020/20
f 671/3357/20 1973/3359/20 3173/4024/20
f 1973/3359/20 1974/2483/20 3174/2485/20
f 2176/4025/1 3176/4028/1 1856/4026/1
f 3176/4028/1 3178/2480/1 1855/2482/1
f 640/4029/1 1827/4032/1 3175/4030/1
f 2175/4031/1 3175/4030/1 3176/4028/1
f 1827/4032/1 1828/2256/1 3177/4033/1
f 3175/4030/1 3177/4033/1 3178/2480/1
f 1828/2256/1 641/5705/1 2177/4034/1
f 3177/4033/1 2177/4034/1 2178/4035/1
f 1961/4036/2 3180/4038/2 2340/4037/2
f 3180/4038/2 3182/2479/2 2339/2478/2
f 722/4039/2 2042/4042/2 3179/4040/2
f 1962/4041/2 3179/4040/2 3180/4038/2
f 2042/4042/2 2041/4045/2 3181/4043/2
f 3179/4040/2 3181/4043/2 3182/2479/2
f 697/4044/2 1965/4046/2 3181/4043/2
f 1965/4046/2 1966/2477/2 3182/2479/2
f 2172/4047/1 3184/4050/1 1860/4048/1
f 3184/4050/1 3186/2474/1 1859/2476/1
f 638/4051/1 1823/4054/1 3183/4052/1
f 2171/4053/1 3183/4052/1 3184/4050/1
f 1823/4054/1 1824/2250/1 3185/4055/1
f 3183/4052/1 3185/4055/1 3186/2474/1
f 1824/2250/1 639/5703/1 2173/4056/1
f 3185/4055/1 2173/4056/1 2174/4057/1
f 1953/4058/2 3188/4060/2 2444/4059/2
f 3190/2473/2 2443/2472/2 2444/4059/2
f 670/4061/2 2146/4065/2 3187/4062/2
f 1954/4063/2 3187/4062/2 3188/4060/2
f 2145/4064/2 3189/4066/2 3187/4062/2
f 3189/4066/2 3190/2473/2 3188/4060/2
f 625/4067/2 1957/4068/2 3189/4066/2
f 1957/4068/2 1958/2471/2 3190/2473/2
f 2168/4069/1 3192/4072/1 1864/4070/1
f 3192/4072/1 3194/2468/1 1863/2470/1
f 636/4073/1 1819/4076/1 3191/4074/1
f 2167/4075/1 3191/4074/1 3192/4072/1
f 1819/4076/1 1820/2244/1 3193/4077/1
f 3191/4074/1 3193/4077/1 3194/2468/1
f 1820/2244/1 637/5701/1 2169/4078/1
f 3193/4077/1 2169/4078/1 2170/4079/1
f 1945/2657/19 3196/4082/19 2341/4080/19
f 3198/2467/19 2342/2466/19 2341/4080/19
f 696/3363/19 2043/4085/19 3195/4083/19
f 1946/3364/19 3195/4083/19 3196/4082/19
f 2044/4084/19 3197/4086/19 3195/4083/19
f 3197/4086/19 3198/2467/19 3196/4082/19
f 721/4087/19 1949/4088/19 3197/4086/19
f 1949/4088/19 1950/2465/19 3198/2467/19
f 2164/4089/1 3200/4092/1 1868/4090/1
f 3200/4092/1 3202/2462/1 1867/2464/1
f 634/4093/1 1815/4096/1 3199/4094/1
f 2163/4095/1 3199/4094/1 3200/4092/1
f 1815/4096/1 1816/2238/1 3201/4097/1
f 3199/4094/1 3201/4097/1 3202/2462/1
f 1816/2238/1 635/5699/1 2165/4098/1
f 3201/4097/1 2165/4098/1 2166/4099/1
f 1939/2678/20 3204/4102/20 2445/4100/20
f 3204/4102/20 3206/2461/20 2446/2460/20
f 626/3280/20 2147/4105/20 3203/4103/20
f 1940/3282/20 3203/4103/20 3204/4102/20
f 2148/4104/20 3205/4106/20 3203/4103/20
f 3205/4106/20 3206/2461/20 3204/4102/20
f 669/3310/20 1941/3312/20 3205/4106/20
f 1941/3312/20 1942/2459/20 3206/2461/20
f 2160/4107/1 3208/4110/1 1872/4108/1
f 3210/2458/1 1871/2457/1 1872/4108/1
f 632/4111/1 1811/4114/1 3207/4112/1
f 2159/4113/1 3207/4112/1 3208/4110/1
f 1811/4114/1 1812/2232/1 3209/4115/1
f 3207/4112/1 3209/4115/1 3210/2458/1
f 1812/2232/1 633/5698/1 2161/4116/1
f 3209/4115/1 2161/4116/1 2162/2456/1
f 1931/4117/2 3212/4119/2 2344/4118/2
f 3212/4119/2 3214/2455/2 2343/2454/2
f 720/4120/2 2046/4123/2 3211/4121/2
f 1932/4122/2 3211/4121/2 3212/4119/2
f 2046/4123/2 2045/4126/2 3213/4124/2
f 3211/4121/2 3213/4124/2 3214/2455/2
f 695/4125/2 1935/4127/2 3213/4124/2
f 1935/4127/2 1936/2453/2 3214/2455/2
f 2156/4128/1 3216/4131/1 1876/4129/1
f 3216/4131/1 3218/2450/1 1875/2452/1
f 1807/4132/1 3215/4135/1 2155/4133/1
f 3215/4135/1 3216/4131/1 2156/4128/1
f 1808/2226/1 3217/4136/1 3215/4135/1
f 3217/4136/1 3218/2450/1 3216/4131/1
f 1808/2226/1 631/5696/1 2157/4137/1
f 2157/4137/1 2158/5746/1 3218/2450/1
f 1923/4138/2 3220/4140/2 2448/4139/2
f 3222/2449/2 2447/2448/2 2448/4139/2
f 668/4141/2 2150/4145/2 3219/4142/2
f 1924/4143/2 3219/4142/2 3220/4140/2
f 2149/4144/2 3221/4146/2 3219/4142/2
f 3221/4146/2 3222/2449/2 3220/4140/2
f 627/4147/2 1927/4148/2 3221/4146/2
f 1927/4148/2 1928/2447/2 3222/2449/2
f 3224/4149/1 1880/4152/1 667/4150/1
f 3226/2444/1 1879/2446/1 1880/4152/1
f 1803/4153/1 3223/4156/1 2151/4154/1
f 2151/4154/1 3223/4156/1 3224/4149/1
f 1804/2220/1 3225/4157/1 3223/4156/1
f 3225/4157/1 3226/2444/1 3224/4149/1
f 629/4158/1 2153/4159/1 3225/4157/1
f 2153/4159/1 2154/5744/1 3226/2444/1
f 1915/2669/19 3228/4162/19 2345/4160/19
f 3230/2443/19 2346/2442/19 2345/4160/19
f 694/3316/19 2047/4165/19 3227/4163/19
f 1916/3317/19 3227/4163/19 3228/4162/19
f 2048/4164/19 3229/4166/19 3227/4163/19
f 3229/4166/19 3230/2443/19 3228/4162/19
f 719/4167/19 1919/4168/19 3229/4166/19
f 1919/4168/19 1920/2441/19 3230/2443/19
f 3232/4169/1 1884/4172/1 669/4170/1
f 3234/2438/1 1883/2440/1 1884/4172/1
f 1799/4173/1 3231/4176/1 2147/4174/1
f 3231/4176/1 3232/4169/1 2148/4171/1
f 1800/2214/1 3233/4177/1 3231/4176/1
f 3233/4177/1 3234/2438/1 3232/4169/1
f 627/4178/1 2149/4179/1 3233/4177/1
f 2149/4179/1 2150/5742/1 3234/2438/1
f 1907/2690/20 3236/4182/20 2449/4180/20
f 3238/2437/20 2450/2436/20 2449/4180/20
f 628/3234/20 2151/4185/20 3235/4183/20
f 1908/3235/20 3235/4183/20 3236/4182/20
f 2152/4184/20 3237/4186/20 3235/4183/20
f 3237/4186/20 3238/2437/20 3236/4182/20
f 667/3263/20 1911/3265/20 3237/4186/20
f 1911/3265/20 1912/2435/20 3238/2437/20
f 3240/4187/1 1888/4190/1 671/4188/1
f 3242/2434/1 1887/2433/1 1888/4190/1
f 1795/4191/1 3239/4194/1 2143/4192/1
f 3239/4194/1 3240/4187/1 2144/4189/1
f 1796/2208/1 3241/4195/1 3239/4194/1
f 3241/4195/1 3242/2434/1 3240/4187/1
f 625/4196/1 2145/4197/1 3241/4195/1
f 2145/4197/1 2146/2432/1 3242/2434/1
f 1899/4198/2 3244/4200/2 2348/4199/2
f 3244/4200/2 3246/2431/2 2347/2430/2
f 718/4201/2 2050/4204/2 3243/4202/2
f 1900/4203/2 3243/4202/2 3244/4200/2
f 2050/4204/2 2049/4207/2 3245/4205/2
f 3243/4202/2 3245/4205/2 3246/2431/2
f 693/4206/2 1903/4208/2 3245/4205/2
f 1903/4208/2 1904/2429/2 3246/2431/2
f 3248/4209/1 1702/4212/1 381/4210/1
f 3250/2428/1 1701/2427/1 1702/4212/1
f 1791/4213/1 3247/4216/1 1696/4214/1
f 3247/4216/1 3248/4209/1 1695/4211/1
f 1792/2202/1 3249/4217/1 3247/4216/1
f 3249/4217/1 3250/2428/1 3248/4209/1
f 623/4218/1 2141/4219/1 3249/4217/1
f 2141/4219/1 2142/2426/1 3250/2428/1
f 3252/4220/4 1894/4223/4 674/4221/4
f 3254/2425/4 1893/2424/4 1894/4223/4
f 1844/3966/4 3251/4225/4 2137/4224/4
f 3251/4225/4 3252/4220/4 2138/4222/4
f 1843/2500/4 3253/4226/4 3251/4225/4
f 3253/4226/4 3254/2425/4 3252/4220/4
f 648/2499/4 2139/4227/4 3253/4226/4
f 2139/4227/4 2140/2423/4 3254/2425/4
f 1891/4228/2 3256/4230/2 2452/4229/2
f 3258/2422/2 2451/2421/2 2452/4229/2
f 666/4231/2 2154/4235/2 3255/4232/2
f 1892/4233/2 3255/4232/2 3256/4230/2
f 2153/4234/2 3257/4236/2 3255/4232/2
f 3257/4236/2 3258/2422/2 3256/4230/2
f 629/4237/2 1895/4238/2 3257/4236/2
f 1895/4238/2 1896/2420/2 3258/2422/2
f 3260/4239/4 1898/4242/4 676/4240/4
f 3262/2419/4 1897/2418/4 1898/4242/4
f 1848/3986/4 3259/4244/4 2133/4243/4
f 3259/4244/4 3260/4239/4 2134/4241/4
f 1847/2494/4 3261/4245/4 3259/4244/4
f 3261/4245/4 3262/2419/4 3260/4239/4
f 650/2493/4 2135/4246/4 3261/4245/4
f 2135/4246/4 2136/2417/4 3262/2419/4
f 1885/2681/19 3264/4249/19 2349/4247/19
f 3266/2416/19 2350/2415/19 2349/4247/19
f 692/3269/19 2051/4252/19 3263/4250/19
f 1886/3270/19 3263/4250/19 3264/4249/19
f 2052/4251/19 3265/4253/19 3263/4250/19
f 3265/4253/19 3266/2416/19 3264/4249/19
f 717/4254/19 1889/4255/19 3265/4253/19
f 1889/4255/19 1890/2414/19 3266/2416/19
f 3268/4256/4 1902/4259/4 678/4257/4
f 3270/2413/4 1901/2412/4 1902/4259/4
f 1852/4008/4 3267/4261/4 2129/4260/4
f 3267/4261/4 3268/4256/4 2130/4258/4
f 1851/2488/4 3269/4262/4 3267/4261/4
f 3269/4262/4 3270/2413/4 3268/4256/4
f 652/2487/4 2131/4263/4 3269/4262/4
f 2131/4263/4 2132/2411/4 3270/2413/4
f 1877/2702/20 3272/4266/20 2453/4264/20
f 3272/4266/20 3274/2410/20 2454/2409/20
f 630/3186/20 2155/4269/20 3271/4267/20
f 1878/3188/20 3271/4267/20 3272/4266/20
f 2156/4268/20 3273/4270/20 3271/4267/20
f 3273/4270/20 3274/2410/20 3272/4266/20
f 665/3216/20 1881/3218/20 3273/4270/20
f 1881/3218/20 1882/2408/20 3274/2410/20
f 3276/4271/4 1906/4274/4 680/4272/4
f 3278/2407/4 1905/2406/4 1906/4274/4
f 1856/4026/4 3275/4276/4 2125/4275/4
f 3275/4276/4 3276/4271/4 2126/4273/4
f 1855/2482/4 3277/4277/4 3275/4276/4
f 3277/4277/4 3278/2407/4 3276/4271/4
f 654/2481/4 2127/4278/4 3277/4277/4
f 2127/4278/4 2128/2405/4 3278/2407/4
f 1869/4279/2 3280/4281/2 2352/4280/2
f 3280/4281/2 3282/2404/2 2351/2403/2
f 716/4282/2 2054/4285/2 3279/4283/2
f 1870/4284/2 3279/4283/2 3280/4281/2
f 2054/4285/2 2053/4288/2 3281/4286/2
f 3279/4283/2 3281/4286/2 3282/2404/2
f 691/4287/2 1873/4289/2 3281/4286/2
f 1873/4289/2 1874/2402/2 3282/2404/2
f 3284/4290/4 1910/4293/4 682/4291/4
f 3286/2401/4 1909/2400/4 1910/4293/4
f 1860/4048/4 3283/4295/4 2121/4294/4
f 3283/4295/4 3284/4290/4 2122/4292/4
f 1859/2476/4 3285/4296/4 3283/4295/4
f 3285/4296/4 3286/2401/4 3284/4290/4
f 656/2475/4 2123/4297/4 3285/4296/4
f 2123/4297/4 2124/2399/4 3286/2401/4
f 1861/4298/2 3288/4300/2 2456/4299/2
f 3290/2398/2 2455/2397/2 2456/4299/2
f 664/4301/2 2158/4305/2 3287/4302/2
f 1862/4303/2 3287/4302/2 3288/4300/2
f 2157/4304/2 3289/4306/2 3287/4302/2
f 3289/4306/2 3290/2398/2 3288/4300/2
f 631/4307/2 1865/4308/2 3289/4306/2
f 1865/4308/2 1866/2396/2 3290/2398/2
f 3292/4309/4 1914/4312/4 684/4310/4
f 3294/2395/4 1913/2394/4 1914/4312/4
f 1864/4070/4 3291/4314/4 2117/4313/4
f 3291/4314/4 3292/4309/4 2118/4311/4
f 1863/2470/4 3293/4315/4 3291/4314/4
f 3293/4315/4 3294/2395/4 3292/4309/4
f 658/2469/4 2119/4316/4 3293/4315/4
f 2119/4316/4 2120/2393/4 3294/2395/4
f 1853/2693/19 3296/4319/19 2353/4317/19
f 3298/2392/19 2354/2391/19 2353/4317/19
f 690/3222/19 2055/4322/19 3295/4320/19
f 1854/3223/19 3295/4320/19 3296/4319/19
f 2056/4321/19 3297/4323/19 3295/4320/19
f 3297/4323/19 3298/2392/19 3296/4319/19
f 715/4324/19 1857/4325/19 3297/4323/19
f 1857/4325/19 1858/2390/19 3298/2392/19
f 3300/4326/4 1918/4329/4 686/4327/4
f 3302/2389/4 1917/2388/4 1918/4329/4
f 1868/4090/4 3299/4331/4 2113/4330/4
f 3299/4331/4 3300/4326/4 2114/4328/4
f 1867/2464/4 3301/4332/4 3299/4331/4
f 3301/4332/4 3302/2389/4 3300/4326/4
f 660/2463/4 2115/4333/4 3301/4332/4
f 2115/4333/4 2116/2387/4 3302/2389/4
f 1845/2714/20 3304/4336/20 2457/4334/20
f 3304/4336/20 3306/2386/20 2458/2385/20
f 632/3140/20 2159/4338/20 3303/4337/20
f 1846/3141/20 3303/4337/20 3304/4336/20
f 2159/4338/20 2160/4340/20 3305/4339/20
f 3305/4339/20 3306/2386/20 3304/4336/20
f 663/3169/20 1849/3171/20 3305/4339/20
f 1849/3171/20 1850/2384/20 3306/2386/20
f 3308/4341/4 1922/4344/4 688/4342/4
f 3310/2383/4 1921/2382/4 1922/4344/4
f 1872/4108/4 3307/4346/4 2109/4345/4
f 3307/4346/4 3308/4341/4 2110/4343/4
f 1871/2457/4 3309/4347/4 3307/4346/4
f 3309/4347/4 3310/2383/4 3308/4341/4
f 662/4348/4 2111/4349/4 3309/4347/4
f 2111/4349/4 2112/2381/4 3310/2383/4
f 1837/4350/2 3312/4352/2 2356/4351/2
f 3312/4352/2 3314/2380/2 2355/2379/2
f 714/4353/2 2058/4356/2 3311/4354/2
f 1838/4355/2 3311/4354/2 3312/4352/2
f 2058/4356/2 2057/4359/2 3313/4357/2
f 3311/4354/2 3313/4357/2 3314/2380/2
f 689/4358/2 1841/4360/2 3313/4357/2
f 1841/4360/2 1842/2378/2 3314/2380/2
f 3316/4361/4 1926/4364/4 690/4362/4
f 3318/2377/4 1925/2376/4 1926/4364/4
f 1876/4129/4 3315/4366/4 2105/4365/4
f 3315/4366/4 3316/4361/4 2106/4363/4
f 1875/2452/4 3317/4367/4 3315/4366/4
f 3317/4367/4 3318/2377/4 3316/4361/4
f 664/2451/4 2107/4368/4 3317/4367/4
f 2107/4368/4 2108/2375/4 3318/2377/4
f 1829/4369/2 3320/4371/2 2460/4370/2
f 3322/2374/2 2459/2373/2 2460/4370/2
f 662/4372/2 2162/4376/2 3319/4373/2
f 1830/4374/2 3319/4373/2 3320/4371/2
f 2161/4375/2 3321/4377/2 3319/4373/2
f 3321/4377/2 3322/2374/2 3320/4371/2
f 633/4378/2 1833/4379/2 3321/4377/2
f 1833/4379/2 1834/2372/2 3322/2374/2
f 3324/4380/4 1930/4383/4 692/4381/4
f 3326/2371/4 1929/2370/4 1930/4383/4
f 1880/4152/4 3323/4385/4 2101/4384/4
f 3323/4385/4 3324/4380/4 2102/4382/4
f 1879/2446/4 3325/4386/4 3323/4385/4
f 3325/4386/4 3326/2371/4 3324/4380/4
f 666/2445/4 2103/4387/4 3325/4386/4
f 2103/4387/4 2104/2369/4 3326/2371/4
f 1821/2705/19 3328/4390/19 2357/4388/19
f 3330/2368/19 2358/2367/19 2357/4388/19
f 688/3175/19 2059/4393/19 3327/4391/19
f 1822/3176/19 3327/4391/19 3328/4390/19
f 2060/4392/19 3329/4394/19 3327/4391/19
f 3329/4394/19 3330/2368/19 3328/4390/19
f 713/4395/19 1825/4396/19 3329/4394/19
f 1825/4396/19 1826/2366/19 3330/2368/19
f 3332/4397/4 1934/4400/4 694/4398/4
f 3334/2365/4 1933/2364/4 1934/4400/4
f 1884/4172/4 3331/4402/4 2097/4401/4
f 3331/4402/4 3332/4397/4 2098/4399/4
f 1883/2440/4 3333/4403/4 3331/4402/4
f 3333/4403/4 3334/2365/4 3332/4397/4
f 668/2439/4 2099/4404/4 3333/4403/4
f 2099/4404/4 2100/2363/4 3334/2365/4
f 1813/2726/20 3336/4407/20 2461/4405/20
f 3336/4407/20 3338/2362/20 2462/2361/20
f 634/3093/20 2163/4410/20 3335/4408/20
f 1814/3094/20 3335/4408/20 3336/4407/20
f 2164/4409/20 3337/4411/20 3335/4408/20
f 3337/4411/20 3338/2362/20 3336/4407/20
f 661/3122/20 1817/3124/20 3337/4411/20
f 1817/3124/20 1818/2360/20 3338/2362/20
f 3340/4412/4 1938/4415/4 696/4413/4
f 3342/2359/4 1937/2358/4 1938/4415/4
f 1888/4190/4 3339/4417/4 2093/4416/4
f 3339/4417/4 3340/4412/4 2094/4414/4
f 1887/2433/4 3341/4418/4 3339/4417/4
f 3341/4418/4 3342/2359/4 3340/4412/4
f 670/4419/4 2095/4420/4 3341/4418/4
f 2095/4420/4 2096/2357/4 3342/2359/4
f 1805/4421/2 3344/4423/2 2360/4422/2
f 3344/4423/2 3346/2356/2 2359/2355/2
f 712/4424/2 2062/4427/2 3343/4425/2
f 1806/4426/2 3343/4425/2 3344/4423/2
f 2062/4427/2 2061/4430/2 3345/4428/2
f 3343/4425/2 3345/4428/2 3346/2356/2
f 687/4429/2 1809/4431/2 3345/4428/2
f 1809/4431/2 1810/2354/2 3346/2356/2
f 3348/4432/4 1708/4435/4 385/4433/4
f 3350/2353/4 1707/2352/4 1708/4435/4
f 1702/4212/4 3347/4437/4 1704/4436/4
f 3347/4437/4 3348/4432/4 1703/4434/4
f 1701/2427/4 3349/4438/4 3347/4437/4
f 3349/4438/4 3350/2353/4 3348/4432/4
f 672/4439/4 2091/4440/4 3349/4438/4
f 2091/4440/4 2092/2351/4 3350/2353/4
f 3352/4441/5 1944/4444/5 699/4442/5
f 3354/2350/5 1943/2349/5 1944/4444/5
f 1894/4223/5 3351/4446/5 2087/4445/5
f 3351/4446/5 3352/4441/5 2088/4443/5
f 1893/2424/5 3353/4447/5 3351/4446/5
f 3353/4447/5 3354/2350/5 3352/4441/5
f 673/4448/5 2089/4449/5 3353/4447/5
f 2089/4449/5 2090/2348/5 3354/2350/5
f 1797/4450/2 3356/4452/2 2464/4451/2
f 3358/2347/2 2463/2346/2 2464/4451/2
f 660/4453/2 2166/4457/2 3355/4454/2
f 1798/4455/2 3355/4454/2 3356/4452/2
f 2165/4456/2 3357/4458/2 3355/4454/2
f 3357/4458/2 3358/2347/2 3356/4452/2
f 635/4459/2 1801/4460/2 3357/4458/2
f 1801/4460/2 1802/2345/2 3358/2347/2
f 3360/4461/5 1948/4464/5 701/4462/5
f 3362/2344/5 1947/2343/5 1948/4464/5
f 1898/4242/5 3359/4466/5 2083/4465/5
f 3359/4466/5 3360/4461/5 2084/4463/5
f 1897/2418/5 3361/4467/5 3359/4466/5
f 3361/4467/5 3362/2344/5 3360/4461/5
f 675/4468/5 2085/4469/5 3361/4467/5
f 2085/4469/5 2086/2342/5 3362/2344/5
f 1697/2717/19 3364/4472/19 2361/4470/19
f 3366/2341/19 2362/2340/19 2361/4470/19
f 686/3128/19 2063/4475/19 3363/4473/19
f 1698/3129/19 3363/4473/19 3364/4472/19
f 2064/4474/19 3365/4476/19 3363/4473/19
f 3365/4476/19 3366/2341/19 3364/4472/19
f 711/4477/19 1793/4478/19 3365/4476/19
f 1793/4478/19 1794/2339/19 3366/2341/19
f 3368/4479/5 1952/4482/5 703/4480/5
f 3370/2338/5 1951/2337/5 1952/4482/5
f 1902/4259/5 3367/4484/5 2079/4483/5
f 3367/4484/5 3368/4479/5 2080/4481/5
f 1901/2412/5 3369/4485/5 3367/4484/5
f 3369/4485/5 3370/2338/5 3368/4479/5
f 677/4486/5 2081/4487/5 3369/4485/5
f 2081/4487/5 2082/2336/5 3370/2338/5
f 2491/2738/20 3372/4490/20 2465/4488/20
f 3372/4490/20 3374/2335/20 2466/2334/20
f 636/3046/20 2167/4492/20 3371/4491/20
f 2492/3047/20 3371/4491/20 3372/4490/20
f 2167/4492/20 2168/4494/20 3373/4493/20
f 3371/4491/20 3373/4493/20 3374/2335/20
f 659/3075/20 2489/3077/20 3373/4493/20
f 2489/3077/20 2490/2333/20 3374/2335/20
f 3376/4495/5 1956/4498/5 705/4496/5
f 3378/2332/5 1955/2331/5 1956/4498/5
f 1906/4274/5 3375/4500/5 2075/4499/5
f 3375/4500/5 3376/4495/5 2076/4497/5
f 1905/2406/5 3377/4501/5 3375/4500/5
f 3377/4501/5 3378/2332/5 3376/4495/5
f 679/4502/5 2077/4503/5 3377/4501/5
f 2077/4503/5 2078/2330/5 3378/2332/5
f 2495/4504/2 3380/4506/2 2364/4505/2
f 3380/4506/2 3382/2329/2 2363/2328/2
f 710/4507/2 2066/4510/2 3379/4508/2
f 2496/4509/2 3379/4508/2 3380/4506/2
f 2066/4510/2 2065/4513/2 3381/4511/2
f 3379/4508/2 3381/4511/2 3382/2329/2
f 685/4512/2 2493/4514/2 3381/4511/2
f 2493/4514/2 2494/2327/2 3382/2329/2
f 3384/4515/5 1960/4518/5 707/4516/5
f 3386/2326/5 1959/2325/5 1960/4518/5
f 1910/4293/5 3383/4520/5 2071/4519/5
f 3383/4520/5 3384/4515/5 2072/4517/5
f 1909/2400/5 3385/4521/5 3383/4520/5
f 3385/4521/5 3386/2326/5 3384/4515/5
f 681/4522/5 2073/4523/5 3385/4521/5
f 2073/4523/5 2074/2324/5 3386/2326/5
f 2499/4524/2 3388/4526/2 2468/4525/2
f 3390/2323/2 2467/2322/2 2468/4525/2
f 658/4527/2 2170/4531/2 3387/4528/2
f 2500/4529/2 3387/4528/2 3388/4526/2
f 2169/4530/2 3389/4532/2 3387/4528/2
f 3389/4532/2 3390/2323/2 3388/4526/2
f 637/4533/2 2497/4534/2 3389/4532/2
f 2497/4534/2 2498/2321/2 3390/2323/2
f 3392/4535/5 1964/4538/5 709/4536/5
f 3394/2320/5 1963/2319/5 1964/4538/5
f 1914/4312/5 3391/4540/5 2067/4539/5
f 3391/4540/5 3392/4535/5 2068/4537/5
f 1913/2394/5 3393/4541/5 3391/4540/5
f 3393/4541/5 3394/2320/5 3392/4535/5
f 683/4542/5 2069/4543/5 3393/4541/5
f 2069/4543/5 2070/2318/5 3394/2320/5
f 2503/2729/19 3396/4546/19 2365/4544/19
f 3398/2317/19 2366/2316/19 2365/4544/19
f 684/3081/19 2067/4549/19 3395/4547/19
f 2504/3082/19 3395/4547/19 3396/4546/19
f 2068/4548/19 3397/4550/19 3395/4547/19
f 3397/4550/19 3398/2317/19 3396/4546/19
f 709/4551/19 2501/4552/19 3397/4550/19
f 2501/4552/19 2502/2315/19 3398/2317/19
f 3400/4553/5 1968/4556/5 711/4554/5
f 3402/2314/5 1967/2313/5 1968/4556/5
f 1918/4329/5 3399/4558/5 2063/4557/5
f 3399/4558/5 3400/4553/5 2064/4555/5
f 1917/2388/5 3401/4559/5 3399/4558/5
f 3401/4559/5 3402/2314/5 3400/4553/5
f 685/4560/5 2065/4561/5 3401/4559/5
f 2065/4561/5 2066/2312/5 3402/2314/5
f 2507/2750/20 3404/4564/20 2469/4562/20
f 3404/4564/20 3406/2311/20 2470/2310/20
f 638/2999/20 2171/4566/20 3403/4565/20
f 2508/3000/20 3403/4565/20 3404/4564/20
f 2171/4566/20 2172/4568/20 3405/4567/20
f 3403/4565/20 3405/4567/20 3406/2311/20
f 657/3028/20 2505/3030/20 3405/4567/20
f 2505/3030/20 2506/2309/20 3406/2311/20
f 3408/4569/5 1972/4572/5 713/4570/5
f 3410/2308/5 1971/2307/5 1972/4572/5
f 1922/4344/5 3407/4574/5 2059/4573/5
f 3407/4574/5 3408/4569/5 2060/4571/5
f 1921/2382/5 3409/4575/5 3407/4574/5
f 3409/4575/5 3410/2308/5 3408/4569/5
f 687/4576/5 2061/4577/5 3409/4575/5
f 2061/4577/5 2062/2306/5 3410/2308/5
f 2511/4578/2 3412/4580/2 2368/4579/2
f 3412/4580/2 3414/2305/2 2367/2304/2
f 708/4581/2 2070/4584/2 3411/4582/2
f 2512/4583/2 3411/4582/2 3412/4580/2
f 2070/4584/2 2069/4587/2 3413/4585/2
f 3411/4582/2 3413/4585/2 3414/2305/2
f 683/4586/2 2509/4588/2 3413/4585/2
f 2509/4588/2 2510/2303/2 3414/2305/2
f 3416/4589/5 1976/4592/5 715/4590/5
f 3418/2302/5 1975/2301/5 1976/4592/5
f 1926/4364/5 3415/4594/5 2055/4593/5
f 3415/4594/5 3416/4589/5 2056/4591/5
f 1925/2376/5 3417/4595/5 3415/4594/5
f 3417/4595/5 3418/2302/5 3416/4589/5
f 689/4596/5 2057/4597/5 3417/4595/5
f 2057/4597/5 2058/2300/5 3418/2302/5
f 2515/4598/2 3420/4600/2 2472/4599/2
f 3422/2299/2 2471/2298/2 2472/4599/2
f 656/4601/2 2174/4605/2 3419/4602/2
f 2516/4603/2 3419/4602/2 3420/4600/2
f 2173/4604/2 3421/4606/2 3419/4602/2
f 3421/4606/2 3422/2299/2 3420/4600/2
f 639/4607/2 2513/4608/2 3421/4606/2
f 2513/4608/2 2514/2297/2 3422/2299/2
f 3424/4609/5 1980/4612/5 717/4610/5
f 3426/2296/5 1979/2295/5 1980/4612/5
f 1930/4383/5 3423/4614/5 2051/4613/5
f 3423/4614/5 3424/4609/5 2052/4611/5
f 1929/2370/5 3425/4615/5 3423/4614/5
f 3425/4615/5 3426/2296/5 3424/4609/5
f 691/4616/5 2053/4617/5 3425/4615/5
f 2053/4617/5 2054/2294/5 3426/2296/5
f 2519/2741/19 3428/4620/19 2369/4618/19
f 3430/2293/19 2370/2292/19 2369/4618/19
f 682/3034/19 2071/4623/19 3427/4621/19
f 2520/3035/19 3427/4621/19 3428/4620/19
f 2072/4622/19 3429/4624/19 3427/4621/19
f 3429/4624/19 3430/2293/19 3428/4620/19
f 707/4625/19 2517/4626/19 3429/4624/19
f 2517/4626/19 2518/2291/19 3430/2293/19
f 3432/4627/5 1984/4630/5 719/4628/5
f 3434/2290/5 1983/2289/5 1984/4630/5
f 1934/4400/5 3431/4632/5 2047/4631/5
f 3431/4632/5 3432/4627/5 2048/4629/5
f 1933/2364/5 3433/4633/5 3431/4632/5
f 3433/4633/5 3434/2290/5 3432/4627/5
f 693/4634/5 2049/4635/5 3433/4633/5
f 2049/4635/5 2050/2288/5 3434/2290/5
f 2523/2762/20 3436/4638/20 2473/4636/20
f 3436/4638/20 3438/2287/20 2474/2286/20
f 640/2952/20 2175/4641/20 3435/4639/20
f 2524/2953/20 3435/4639/20 3436/4638/20
f 2176/4640/20 3437/4642/20 3435/4639/20
f 3435/4639/20 3437/4642/20 3438/2287/20
f 655/2981/20 2521/2983/20 3437/4642/20
f 2521/2983/20 2522/2285/20 3438/2287/20
f 3440/4643/5 1988/4646/5 721/4644/5
f 3442/2284/5 1987/2283/5 1988/4646/5
f 1938/4415/5 3439/4648/5 2043/4647/5
f 3439/4648/5 3440/4643/5 2044/4645/5
f 1937/2358/5 3441/4649/5 3439/4648/5
f 3441/4649/5 3442/2284/5 3440/4643/5
f 695/4650/5 2045/4651/5 3441/4649/5
f 2045/4651/5 2046/2282/5 3442/2284/5
f 2527/4652/2 3444/4654/2 2372/4653/2
f 3444/4654/2 3446/2281/2 2371/2280/2
f 706/4655/2 2074/4658/2 3443/4656/2
f 2528/4657/2 3443/4656/2 3444/4654/2
f 2074/4658/2 2073/4661/2 3445/4659/2
f 3443/4656/2 3445/4659/2 3446/2281/2
f 681/4660/2 2525/4662/2 3445/4659/2
f 2525/4662/2 2526/2279/2 3446/2281/2
f 3448/4663/5 1714/4666/5 383/4664/5
f 3450/2278/5 1713/2277/5 1714/4666/5
f 1708/4435/5 3447/4668/5 1710/4667/5
f 3447/4668/5 3448/4663/5 1709/4665/5
f 1707/2352/5 3449/4669/5 3447/4668/5
f 3449/4669/5 3450/2278/5 3448/4663/5
f 697/4670/5 2041/4671/5 3449/4669/5
f 2041/4671/5 2042/2276/5 3450/2278/5
f 3452/4672/6 1839/3967/6 646/3969/6
f 3454/2275/6 1840/2274/6 1839/3967/6
f 1944/4674/6 3451/4677/6 2037/4675/6
f 3451/4677/6 3452/4672/6 2038/4673/6
f 1943/4678/6 3453/4679/6 3451/4677/6
f 3453/4679/6 3454/2275/6 3452/4672/6
f 698/4680/6 2039/4681/6 3453/4679/6
f 2039/4681/6 2040/2273/6 3454/2275/6
f 2531/4682/2 3456/4684/2 2476/4683/2
f 3458/2272/2 2475/2271/2 2476/4683/2
f 654/4685/2 2178/4689/2 3455/4686/2
f 2532/4687/2 3455/4686/2 3456/4684/2
f 2177/4688/2 3457/4690/2 3455/4686/2
f 3457/4690/2 3458/2272/2 3456/4684/2
f 641/4691/2 2529/4692/2 3457/4690/2
f 2529/4692/2 2530/2270/2 3458/2272/2
f 3460/4693/6 1835/3992/6 644/3989/6
f 3462/2269/6 1836/2268/6 1835/3992/6
f 1948/4695/6 3459/4698/6 2033/4696/6
f 3459/4698/6 3460/4693/6 2034/4694/6
f 1947/4699/6 3461/4700/6 3459/4698/6
f 3461/4700/6 3462/2269/6 3460/4693/6
f 700/4701/6 2035/4702/6 3461/4700/6
f 2035/4702/6 2036/2267/6 3462/2269/6
f 2535/2753/19 3464/4705/19 2373/4703/19
f 3466/2266/19 2374/2265/19 2373/4703/19
f 680/2987/19 2075/4708/19 3463/4706/19
f 2536/2988/19 3463/4706/19 3464/4705/19
f 2076/4707/19 3465/4709/19 3463/4706/19
f 3465/4709/19 3466/2266/19 3464/4705/19
f 705/4710/19 2533/4711/19 3465/4709/19
f 2533/4711/19 2534/2264/19 3466/2266/19
f 3468/4712/6 1831/4014/6 642/4011/6
f 3470/2263/6 1832/2262/6 1831/4014/6
f 1952/4714/6 3467/4717/6 2029/4715/6
f 3467/4717/6 3468/4712/6 2030/4713/6
f 1951/4718/6 3469/4719/6 3467/4717/6
f 3469/4719/6 3470/2263/6 3468/4712/6
f 702/4720/6 2031/4721/6 3469/4719/6
f 2031/4721/6 2032/2261/6 3470/2263/6
f 2539/2774/20 3472/4724/20 2477/4722/20
f 3472/4724/20 3474/2260/20 2478/2259/20
f 642/2905/20 2179/4727/20 3471/4725/20
f 2540/2906/20 3471/4725/20 3472/4724/20
f 2180/4726/20 3473/4728/20 3471/4725/20
f 3471/4725/20 3473/4728/20 3474/2260/20
f 653/2934/20 2537/2936/20 3473/4728/20
f 2537/2936/20 2538/2258/20 3474/2260/20
f 3476/4729/6 1827/4032/6 640/4029/6
f 3478/2257/6 1828/2256/6 1827/4032/6
f 1956/4731/6 3475/4734/6 2025/4732/6
f 3475/4734/6 3476/4729/6 2026/4730/6
f 1955/4735/6 3477/4736/6 3475/4734/6
f 3477/4736/6 3478/2257/6 3476/4729/6
f 704/4737/6 2027/4738/6 3477/4736/6
f 2027/4738/6 2028/2255/6 3478/2257/6
f 2543/4739/2 3480/4741/2 2376/4740/2
f 3480/4741/2 3482/2254/2 2375/2253/2
f 704/4742/2 2078/4745/2 3479/4743/2
f 2544/4744/2 3479/4743/2 3480/4741/2
f 2078/4745/2 2077/4748/2 3481/4746/2
f 3479/4743/2 3481/4746/2 3482/2254/2
f 679/4747/2 2541/4749/2 3481/4746/2
f 2541/4749/2 2542/2252/2 3482/2254/2
f 3484/4750/6 1823/4054/6 638/4051/6
f 3486/2251/6 1824/2250/6 1823/4054/6
f 1960/4752/6 3483/4755/6 2021/4753/6
f 3483/4755/6 3484/4750/6 2022/4751/6
f 1959/4756/6 3485/4757/6 3483/4755/6
f 3485/4757/6 3486/2251/6 3484/4750/6
f 706/4758/6 2023/4759/6 3485/4757/6
f 2023/4759/6 2024/2249/6 3486/2251/6
f 2547/4760/2 3488/4762/2 2480/4761/2
f 3490/2248/2 2479/2247/2 2480/4761/2
f 652/4763/2 2182/4767/2 3487/4764/2
f 2548/4765/2 3487/4764/2 3488/4762/2
f 2181/4766/2 3489/4768/2 3487/4764/2
f 3489/4768/2 3490/2248/2 3488/4762/2
f 643/4769/2 2545/4770/2 3489/4768/2
f 2545/4770/2 2546/2246/2 3490/2248/2
f 3492/4771/6 1819/4076/6 636/4073/6
f 3494/2245/6 1820/2244/6 1819/4076/6
f 1964/4773/6 3491/4776/6 2017/4774/6
f 3491/4776/6 3492/4771/6 2018/4772/6
f 1963/4777/6 3493/4778/6 3491/4776/6
f 3493/4778/6 3494/2245/6 3492/4771/6
f 708/4779/6 2019/4780/6 3493/4778/6
f 2019/4780/6 2020/2243/6 3494/2245/6
f 2551/2765/19 3496/4783/19 2377/4781/19
f 3498/2242/19 2378/2241/19 2377/4781/19
f 678/2940/19 2079/4786/19 3495/4784/19
f 2552/2941/19 3495/4784/19 3496/4783/19
f 2080/4785/19 3497/4787/19 3495/4784/19
f 3497/4787/19 3498/2242/19 3496/4783/19
f 703/4788/19 2549/4789/19 3497/4787/19
f 2549/4789/19 2550/2240/19 3498/2242/19
f 3500/4790/6 1815/4096/6 634/4093/6
f 3502/2239/6 1816/2238/6 1815/4096/6
f 1968/4792/6 3499/4795/6 2013/4793/6
f 3499/4795/6 3500/4790/6 2014/4791/6
f 1967/4796/6 3501/4797/6 3499/4795/6
f 3501/4797/6 3502/2239/6 3500/4790/6
f 710/4798/6 2015/4799/6 3501/4797/6
f 2015/4799/6 2016/2237/6 3502/2239/6
f 2555/2786/20 3504/4802/20 2481/4800/20
f 3504/4802/20 3506/2236/20 2482/2235/20
f 644/2858/20 2183/4805/20 3503/4803/20
f 2556/2859/20 3503/4803/20 3504/4802/20
f 2184/4804/20 3505/4806/20 3503/4803/20
f 3503/4803/20 3505/4806/20 3506/2236/20
f 651/2887/20 2553/2889/20 3505/4806/20
f 2553/2889/20 2554/2234/20 3506/2236/20
f 3508/4807/6 1811/4114/6 632/4111/6
f 3510/2233/6 1812/2232/6 1811/4114/6
f 1972/4809/6 3507/4812/6 2009/4810/6
f 3507/4812/6 3508/4807/6 2010/4808/6
f 1971/4813/6 3509/4814/6 3507/4812/6
f 3509/4814/6 3510/2233/6 3508/4807/6
f 712/4815/6 2011/4816/6 3509/4814/6
f 2011/4816/6 2012/2231/6 3510/2233/6
f 2559/4817/2 3512/4819/2 2380/4818/2
f 3512/4819/2 3514/2230/2 2379/2229/2
f 702/4820/2 2082/4823/2 3511/4821/2
f 2560/4822/2 3511/4821/2 3512/4819/2
f 2082/4823/2 2081/4826/2 3513/4824/2
f 3511/4821/2 3513/4824/2 3514/2230/2
f 677/4825/2 2557/4827/2 3513/4824/2
f 2557/4827/2 2558/2228/2 3514/2230/2
f 3516/4828/6 1807/4132/6 630/4134/6
f 3518/2227/6 1808/2226/6 1807/4132/6
f 1976/4830/6 3515/4833/6 2005/4831/6
f 3515/4833/6 3516/4828/6 2006/4829/6
f 1975/4834/6 3517/4835/6 3515/4833/6
f 3517/4835/6 3518/2227/6 3516/4828/6
f 714/4836/6 2007/4837/6 3517/4835/6
f 2007/4837/6 2008/2225/6 3518/2227/6
f 2563/4838/2 3520/4840/2 2484/4839/2
f 3522/2224/2 2483/2223/2 2484/4839/2
f 650/4841/2 2186/4845/2 3519/4842/2
f 2564/4843/2 3519/4842/2 3520/4840/2
f 2185/4844/2 3521/4846/2 3519/4842/2
f 3521/4846/2 3522/2224/2 3520/4840/2
f 645/4847/2 2561/4848/2 3521/4846/2
f 2561/4848/2 2562/2222/2 3522/2224/2
f 3524/4849/6 1803/4153/6 628/4155/6
f 3526/2221/6 1804/2220/6 1803/4153/6
f 1980/4851/6 3523/4854/6 2001/4852/6
f 3523/4854/6 3524/4849/6 2002/4850/6
f 1979/4855/6 3525/4856/6 3523/4854/6
f 3525/4856/6 3526/2221/6 3524/4849/6
f 716/4857/6 2003/4858/6 3525/4856/6
f 2003/4858/6 2004/2219/6 3526/2221/6
f 2567/2777/19 3528/4861/19 2381/4859/19
f 3530/2218/19 2382/2217/19 2381/4859/19
f 676/2893/19 2083/4864/19 3527/4862/19
f 2568/2894/19 3527/4862/19 3528/4861/19
f 2084/4863/19 3529/4865/19 3527/4862/19
f 3529/4865/19 3530/2218/19 3528/4861/19
f 701/4866/19 2565/4867/19 3529/4865/19
f 2565/4867/19 2566/2216/19 3530/2218/19
f 3532/4868/6 1799/4173/6 626/4175/6
f 3534/2215/6 1800/2214/6 1799/4173/6
f 1984/4870/6 3531/4873/6 1997/4871/6
f 3531/4873/6 3532/4868/6 1998/4869/6
f 1983/4874/6 3533/4875/6 3531/4873/6
f 3533/4875/6 3534/2215/6 3532/4868/6
f 718/4876/6 1999/4877/6 3533/4875/6
f 1999/4877/6 2000/2213/6 3534/2215/6
f 2571/2798/20 3536/4880/20 2485/4878/20
f 3538/2212/20 2486/2211/20 2485/4878/20
f 646/2811/20 2187/4883/20 3535/4881/20
f 2572/2812/20 3535/4881/20 3536/4880/20
f 2188/4882/20 3537/4884/20 3535/4881/20
f 3537/4884/20 3538/2212/20 3536/4880/20
f 649/2840/20 2569/2842/20 3537/4884/20
f 2569/2842/20 2570/2210/20 3538/2212/20
f 3540/4885/6 1795/4191/6 624/4193/6
f 3542/2209/6 1796/2208/6 1795/4191/6
f 1988/4887/6 3539/4890/6 1993/4888/6
f 3539/4890/6 3540/4885/6 1994/4886/6
f 1987/4891/6 3541/4892/6 3539/4890/6
f 3541/4892/6 3542/2209/6 3540/4885/6
f 720/4893/6 1995/4894/6 3541/4892/6
f 1995/4894/6 1996/2207/6 3542/2209/6
f 2575/4895/2 3544/4897/2 2384/4896/2
f 3544/4897/2 3546/2206/2 2383/2205/2
f 700/4898/2 2086/4901/2 3543/4899/2
f 2576/4900/2 3543/4899/2 3544/4897/2
f 2086/4901/2 2085/4904/2 3545/4902/2
f 3543/4899/2 3545/4902/2 3546/2206/2
f 675/4903/2 2573/4905/2 3545/4902/2
f 2573/4905/2 2574/2204/2 3546/2206/2
f 3548/4906/6 1791/4213/6 379/4215/6
f 3550/2203/6 1792/2202/6 1791/4213/6
f 1714/4908/6 3547/4911/6 1716/4909/6
f 3547/4911/6 3548/4906/6 1715/4907/6
f 1713/4912/6 3549/4913/6 3547/4911/6
f 3549/4913/6 3550/2203/6 3548/4906/6
f 722/4914/6 1991/4915/6 3549/4913/6
f 1991/4915/6 1992/2201/6 3550/2203/6
f 3552/4916/3 1789/4919/3 424/4917/3
f 3554/2174/3 1790/2173/3 1789/4919/3
f 1778/4920/3 3551/4923/3 1783/4921/3
f 3551/4923/3 3552/4916/3 1784/4918/3
f 1777/4924/3 3553/4925/3 3551/4923/3
f 3553/4925/3 3554/2174/3 3552/4916/3
f 422/4926/3 1772/4927/3 3553/4925/3
f 1772/4927/3 1771/2172/3 3554/2174/3
f 3556/4928/6 1769/4931/6 419/4929/6
f 3558/2171/6 1770/2170/6 1769/4931/6
f 1786/4932/6 3555/4935/6 1788/4933/6
f 3555/4935/6 3556/4928/6 1787/4930/6
f 1785/2167/6 3557/4936/6 3555/4935/6
f 3557/4936/6 3558/2171/6 3556/4928/6
f 424/4937/6 1789/4938/6 3557/4936/6
f 1789/4938/6 1790/2169/6 3558/2171/6
f 3560/4939/5 1786/4932/5 423/4934/5
f 3562/2168/5 1785/2167/5 1786/4932/5
f 1780/4941/5 3559/4944/5 1782/4942/5
f 3559/4944/5 3560/4939/5 1781/4940/5
f 1779/4945/5 3561/4946/5 3559/4944/5
f 3561/4946/5 3562/2168/5 3560/4939/5
f 426/4947/5 1783/4948/5 3561/4946/5
f 1783/4948/5 1784/2166/5 3562/2168/5
f 3564/4949/4 1780/4952/4 425/4950/4
f 3566/2165/4 1779/2164/4 1780/4952/4
f 1774/4953/4 3563/4956/4 1776/4954/4
f 3563/4956/4 3564/4949/4 1775/4951/4
f 1773/2161/4 3565/4957/4 3563/4956/4
f 3565/4957/4 3566/2165/4 3564/4949/4
f 422/4958/4 1777/4959/4 3565/4957/4
f 1777/4959/4 1778/2163/4 3566/2165/4
f 3568/4960/1 1774/4953/1 421/4955/1
f 3568/4960/1 3570/2162/1 1773/2161/1
f 1769/4931/1 3567/4963/1 1768/4962/1
f 3567/4963/1 3568/4960/1 1767/4961/1
f 1770/2170/1 3569/4964/1 3567/4963/1
f 3569/4964/1 3570/2162/1 3568/4960/1
f 420/4965/1 1771/4966/1 3569/4964/1
f 1771/4966/1 1772/2160/1 3570/2162/1
f 3572/4967/3 1765/4970/3 416/4968/3
f 3574/2159/3 1766/2158/3 1765/4970/3
f 1754/4971/3 3571/4974/3 1759/4972/3
f 3571/4974/3 3572/4967/3 1760/4969/3
f 1753/4975/3 3573/4976/3 3571/4974/3
f 3573/4976/3 3574/2159/3 3572/4967/3
f 414/4977/3 1748/4978/3 3573/4976/3
f 1748/4978/3 1747/2157/3 3574/2159/3
f 3576/4979/6 1745/4982/6 411/4980/6
f 3578/2156/6 1746/2155/6 1745/4982/6
f 1762/4983/6 3575/4986/6 1764/4984/6
f 3575/4986/6 3576/4979/6 1763/4981/6
f 1761/2152/6 3577/4987/6 3575/4986/6
f 3577/4987/6 3578/2156/6 3576/4979/6
f 416/4988/6 1765/4989/6 3577/4987/6
f 1765/4989/6 1766/2154/6 3578/2156/6
f 3580/4990/5 1762/4983/5 415/4985/5
f 3582/2153/5 1761/2152/5 1762/4983/5
f 1756/4992/5 3579/4995/5 1758/4993/5
f 3579/4995/5 3580/4990/5 1757/4991/5
f 1755/4996/5 3581/4997/5 3579/4995/5
f 3581/4997/5 3582/2153/5 3580/4990/5
f 418/4998/5 1759/4999/5 3581/4997/5
f 1759/4999/5 1760/2151/5 3582/2153/5
f 3584/5000/4 1756/5003/4 417/5001/4
f 3586/2150/4 1755/2149/4 1756/5003/4
f 1750/5004/4 3583/5007/4 1752/5005/4
f 3583/5007/4 3584/5000/4 1751/5002/4
f 1749/2146/4 3585/5008/4 3583/5007/4
f 3585/5008/4 3586/2150/4 3584/5000/4
f 414/5009/4 1753/5010/4 3585/5008/4
f 1753/5010/4 1754/2148/4 3586/2150/4
f 3588/5011/1 1750/5004/1 413/5006/1
f 3590/2147/1 1749/2146/1 1750/5004/1
f 1745/4982/1 3587/5014/1 1744/5013/1
f 3587/5014/1 3588/5011/1 1743/5012/1
f 1746/2155/1 3589/5015/1 3587/5014/1
f 3589/5015/1 3590/2147/1 3588/5011/1
f 412/5016/1 1747/5017/1 3589/5015/1
f 1747/5017/1 1748/2145/1 3590/2147/1
f 3592/5018/3 1741/5021/3 408/5019/3
f 3594/2144/3 1742/2143/3 1741/5021/3
f 1730/5022/3 3591/5025/3 1735/5023/3
f 3591/5025/3 3592/5018/3 1736/5020/3
f 1729/5026/3 3593/5027/3 3591/5025/3
f 3593/5027/3 3594/2144/3 3592/5018/3
f 406/5028/3 1724/5029/3 3593/5027/3
f 1724/5029/3 1723/2142/3 3594/2144/3
f 3596/5030/6 1721/5033/6 403/5031/6
f 3598/2141/6 1722/2140/6 1721/5033/6
f 1738/5034/6 3595/5037/6 1740/5035/6
f 3595/5037/6 3596/5030/6 1739/5032/6
f 1737/2137/6 3597/5038/6 3595/5037/6
f 3597/5038/6 3598/2141/6 3596/5030/6
f 408/5039/6 1741/5040/6 3597/5038/6
f 1741/5040/6 1742/2139/6 3598/2141/6
f 3600/5041/5 1738/5034/5 407/5036/5
f 3602/2138/5 1737/2137/5 1738/5034/5
f 1732/5043/5 3599/5046/5 1734/5044/5
f 3599/5046/5 3600/5041/5 1733/5042/5
f 1731/5047/5 3601/5048/5 3599/5046/5
f 3601/5048/5 3602/2138/5 3600/5041/5
f 410/5049/5 1735/5050/5 3601/5048/5
f 1735/5050/5 1736/2136/5 3602/2138/5
f 3604/5051/4 1732/5054/4 409/5052/4
f 3606/2135/4 1731/2134/4 1732/5054/4
f 1726/5055/4 3603/5058/4 1728/5056/4
f 3603/5058/4 3604/5051/4 1727/5053/4
f 1725/2131/4 3605/5059/4 3603/5058/4
f 3605/5059/4 3606/2135/4 3604/5051/4
f 406/5060/4 1729/5061/4 3605/5059/4
f 1729/5061/4 1730/2133/4 3606/2135/4
f 3608/5062/1 1726/5055/1 405/5057/1
f 3608/5062/1 3610/2132/1 1725/2131/1
f 1721/5033/1 3607/5065/1 1720/5064/1
f 3607/5065/1 3608/5062/1 1719/5063/1
f 1722/2140/1 3609/5066/1 3607/5065/1
f 3609/5066/1 3610/2132/1 3608/5062/1
f 404/5067/1 1723/5068/1 3609/5066/1
f 1723/5068/1 1724/2130/1 3610/2132/1
f 3612/5069/3 1717/5072/3 384/5070/3
f 3614/2099/3 1718/2098/3 1717/5072/3
f 1706/5073/3 3611/5076/3 1711/5074/3
f 3611/5076/3 3612/5069/3 1712/5071/3
f 1705/5077/3 3613/5078/3 3611/5076/3
f 3613/5078/3 3614/2099/3 3612/5069/3
f 382/5079/3 1700/5832/3 3613/5078/3
f 3613/5078/3 1700/5832/3 1699/2097/3
f 2577/5080/2 3616/5082/2 2488/5081/2
f 3618/2096/2 2487/2095/2 2488/5081/2
f 648/5083/2 2190/5087/2 3615/5084/2
f 2578/5085/2 3615/5084/2 3616/5082/2
f 2189/5086/2 3617/5088/2 3615/5084/2
f 3617/5088/2 3618/2096/2 3616/5082/2
f 647/5089/2 1978/5090/2 3617/5088/2
f 1978/5090/2 1977/2094/2 3618/2096/2
f 2581/2789/19 3620/5093/19 2385/5091/19
f 3622/2093/19 2386/2092/19 2385/5091/19
f 674/2846/19 2087/5096/19 3619/5094/19
f 2582/2847/19 3619/5094/19 3620/5093/19
f 2088/5095/19 3621/5097/19 3619/5094/19
f 3621/5097/19 3622/2093/19 3620/5093/19
f 699/5098/19 2579/5099/19 3621/5097/19
f 2579/5099/19 2580/2091/19 3622/2093/19
f 1982/5100/2 3624/5102/2 2388/5101/2
f 3624/5102/2 3626/2090/2 2387/2089/2
f 698/5103/2 2090/5106/2 3623/5104/2
f 1981/5105/2 3623/5104/2 3624/5102/2
f 2090/5106/2 2089/5109/2 3625/5107/2
f 3623/5104/2 3625/5107/2 3626/2090/2
f 673/5108/2 2583/5110/2 3625/5107/2
f 2583/5110/2 2584/2088/2 3626/2090/2
f 1966/5111/2 3628/5113/2 2390/5112/2
f 3630/2087/2 2389/2086/2 2390/5112/2
f 697/5114/2 2092/5118/2 3627/5115/2
f 1965/5116/2 3627/5115/2 3628/5113/2
f 2091/5117/2 3629/5119/2 3627/5115/2
f 3629/5119/2 3630/2087/2 3628/5113/2
f 672/5120/2 1986/5121/2 3629/5119/2
f 1986/5121/2 1985/2085/2 3630/2087/2
f 4272/5122/6 4175/5233/6 4224/5123/6
f 4274/5125/6 4176/5225/6 4226/5126/6
f 4276/5128/6 4177/5217/6 4228/5129/6
f 4278/5131/6 4178/5209/6 4230/5132/6
f 4280/5134/6 4179/5197/6 4232/5135/6
f 4282/5137/6 4180/5202/6 4234/5138/6
f 4284/5140/5 4198/5322/5 4217/5141/5
f 4286/5143/5 4197/5313/5 4269/5144/5
f 4288/5146/5 4196/5304/5 4267/5147/5
f 4290/5149/5 4195/5295/5 4265/5150/5
f 4292/5152/5 4194/5284/5 4263/5153/5
f 4294/5155/5 4193/5344/5 4261/5156/5
f 4296/5158/4 4192/5271/4 4211/5159/4
f 4298/5161/4 4191/5265/4 4257/5162/4
f 4300/5164/4 4190/5259/4 4255/5165/4
f 4302/5167/4 4189/5253/4 4253/5168/4
f 4304/5170/4 4188/5246/4 4251/5171/4
f 4306/5173/4 4187/5394/4 4249/5174/4
f 4308/5176/1 4186/5229/1 4205/5177/1
f 4310/5179/1 4185/5221/1 4245/5180/1
f 4312/5182/1 4184/5213/1 4243/5183/1
f 4330/5185/1 4314/5205/1 4183/5186/1
f 4316/5188/1 4182/5195/1 4239/5189/1
f 4322/5191/1 4318/5401/1 4181/5192/1
f 4320/5194/1 4238/5196/1 4182/5195/1
f 4320/5194/1 4322/5191/1 4237/5193/1
f 4179/5197/1 4233/5200/1 4319/5198/1
f 4315/5199/1 4319/5198/1 4320/5194/1
f 4233/5200/1 4234/5138/1 4321/5201/1
f 4321/5201/1 4322/5191/1 4320/5194/1
f 4180/5202/1 4317/5203/1 4321/5201/1
f 4317/5203/1 4318/5401/1 4322/5191/1
f 4324/5204/1 4240/5206/1 4183/5186/1
f 4326/5190/1 4239/5189/1 4240/5206/1
f 4231/5207/1 4323/5210/1 4313/5208/1
f 4323/5210/1 4324/5204/1 4314/5205/1
f 4231/5207/1 4232/5135/1 4325/5211/1
f 4323/5210/1 4325/5211/1 4326/5190/1
f 4232/5135/1 4179/5197/1 4315/5199/1
f 4325/5211/1 4315/5199/1 4316/5188/1
f 4328/5212/1 4242/5214/1 4184/5213/1
f 4330/5185/1 4241/5187/1 4242/5214/1
f 4229/5215/1 4327/5218/1 4311/5216/1
f 4327/5218/1 4328/5212/1 4312/5182/1
f 4230/5132/1 4329/5219/1 4327/5218/1
f 4327/5218/1 4329/5219/1 4330/5185/1
f 4178/5209/1 4313/5208/1 4329/5219/1
f 4313/5208/1 4314/5205/1 4330/5185/1
f 4332/5220/1 4244/5222/1 4185/5221/1
f 4334/5184/1 4243/5183/1 4244/5222/1
f 4227/5223/1 4331/5226/1 4309/5224/1
f 4331/5226/1 4332/5220/1 4310/5179/1
f 4228/5129/1 4333/5227/1 4331/5226/1
f 4333/5227/1 4334/5184/1 4332/5220/1
f 4177/5217/1 4311/5216/1 4333/5227/1
f 4311/5216/1 4312/5182/1 4334/5184/1
f 4336/5228/1 4246/5230/1 4186/5229/1
f 4338/5181/1 4245/5180/1 4246/5230/1
f 4225/5231/1 4335/5234/1 4307/5232/1
f 4335/5234/1 4336/5228/1 4308/5176/1
f 4226/5126/1 4337/5235/1 4335/5234/1
f 4337/5235/1 4338/5181/1 4336/5228/1
f 4176/5225/1 4309/5224/1 4337/5235/1
f 4309/5224/1 4310/5179/1 4338/5181/1
f 4340/5236/1 4206/5239/1 397/5237/1
f 4342/5178/1 4205/5177/1 4206/5239/1
f 4223/5240/1 4339/5243/1 4200/5241/1
f 4339/5243/1 4340/5236/1 4199/5238/1
f 4224/5123/1 4341/5244/1 4339/5243/1
f 4341/5244/1 4342/5178/1 4340/5236/1
f 4175/5233/1 4307/5232/1 4341/5244/1
f 4307/5232/1 4308/5176/1 4342/5178/1
f 4344/5245/4 4250/5247/4 4188/5246/4
f 4346/5175/4 4249/5174/4 4250/5247/4
f 4238/5196/4 4343/5249/4 4303/5248/4
f 4343/5249/4 4344/5245/4 4304/5170/4
f 4237/5193/4 4345/5250/4 4343/5249/4
f 4345/5250/4 4346/5175/4 4344/5245/4
f 4181/5192/4 4305/5251/4 4345/5250/4
f 4305/5251/4 4306/5173/4 4346/5175/4
f 4348/5252/4 4252/5254/4 4189/5253/4
f 4350/5172/4 4251/5171/4 4252/5254/4
f 4240/5206/4 4347/5256/4 4301/5255/4
f 4347/5256/4 4348/5252/4 4302/5167/4
f 4239/5189/4 4349/5257/4 4347/5256/4
f 4349/5257/4 4350/5172/4 4348/5252/4
f 4182/5195/4 4303/5248/4 4349/5257/4
f 4303/5248/4 4304/5170/4 4350/5172/4
f 4352/5258/4 4254/5260/4 4190/5259/4
f 4354/5169/4 4253/5168/4 4254/5260/4
f 4242/5214/4 4351/5262/4 4299/5261/4
f 4351/5262/4 4352/5258/4 4300/5164/4
f 4241/5187/4 4353/5263/4 4351/5262/4
f 4353/5263/4 4354/5169/4 4352/5258/4
f 4183/5186/4 4301/5255/4 4353/5263/4
f 4301/5255/4 4302/5167/4 4354/5169/4
f 4356/5264/4 4256/5266/4 4191/5265/4
f 4358/5166/4 4255/5165/4 4256/5266/4
f 4244/5222/4 4355/5268/4 4297/5267/4
f 4355/5268/4 4356/5264/4 4298/5161/4
f 4243/5183/4 4357/5269/4 4355/5268/4
f 4357/5269/4 4358/5166/4 4356/5264/4
f 4184/5213/4 4299/5261/4 4357/5269/4
f 4299/5261/4 4300/5164/4 4358/5166/4
f 4360/5270/4 4258/5272/4 4192/5271/4
f 4362/5163/4 4257/5162/4 4258/5272/4
f 4246/5230/4 4359/5274/4 4295/5273/4
f 4359/5274/4 4360/5270/4 4296/5158/4
f 4245/5180/4 4361/5275/4 4359/5274/4
f 4361/5275/4 4362/5163/4 4360/5270/4
f 4185/5221/4 4297/5267/4 4361/5275/4
f 4297/5267/4 4298/5161/4 4362/5163/4
f 4364/5276/4 4212/5279/4 401/5277/4
f 4366/5160/4 4211/5159/4 4212/5279/4
f 4206/5239/4 4363/5281/4 4208/5280/4
f 4363/5281/4 4364/5276/4 4207/5278/4
f 4205/5177/4 4365/5282/4 4363/5281/4
f 4365/5282/4 4366/5160/4 4364/5276/4
f 4186/5229/4 4295/5273/4 4365/5282/4
f 4295/5273/4 4296/5158/4 4366/5160/4
f 4368/5283/5 4262/5285/5 4194/5284/5
f 4370/5157/5 4261/5156/5 4262/5285/5
f 4250/5286/5 4367/5289/5 4291/5287/5
f 4367/5289/5 4368/5283/5 4292/5152/5
f 4249/5290/5 4369/5291/5 4367/5289/5
f 4369/5291/5 4370/5157/5 4368/5283/5
f 4187/5292/5 4293/5293/5 4369/5291/5
f 4293/5293/5 4294/5155/5 4370/5157/5
f 4372/5294/5 4264/5296/5 4195/5295/5
f 4374/5154/5 4263/5153/5 4264/5296/5
f 4252/5297/5 4371/5300/5 4289/5298/5
f 4371/5300/5 4372/5294/5 4290/5149/5
f 4251/5301/5 4373/5302/5 4371/5300/5
f 4373/5302/5 4374/5154/5 4372/5294/5
f 4188/5288/5 4291/5287/5 4373/5302/5
f 4291/5287/5 4292/5152/5 4374/5154/5
f 4376/5303/5 4266/5305/5 4196/5304/5
f 4378/5151/5 4265/5150/5 4266/5305/5
f 4254/5306/5 4375/5309/5 4287/5307/5
f 4375/5309/5 4376/5303/5 4288/5146/5
f 4253/5310/5 4377/5311/5 4375/5309/5
f 4377/5311/5 4378/5151/5 4376/5303/5
f 4189/5299/5 4289/5298/5 4377/5311/5
f 4289/5298/5 4290/5149/5 4378/5151/5
f 4380/5312/5 4268/5314/5 4197/5313/5
f 4382/5148/5 4267/5147/5 4268/5314/5
f 4256/5315/5 4379/5318/5 4285/5316/5
f 4379/5318/5 4380/5312/5 4286/5143/5
f 4255/5319/5 4381/5320/5 4379/5318/5
f 4381/5320/5 4382/5148/5 4380/5312/5
f 4190/5308/5 4287/5307/5 4381/5320/5
f 4287/5307/5 4288/5146/5 4382/5148/5
f 4384/5321/5 4270/5323/5 4198/5322/5
f 4386/5145/5 4269/5144/5 4270/5323/5
f 4258/5324/5 4383/5327/5 4283/5325/5
f 4383/5327/5 4384/5321/5 4284/5140/5
f 4257/5328/5 4385/5329/5 4383/5327/5
f 4385/5329/5 4386/5145/5 4384/5321/5
f 4191/5317/5 4285/5316/5 4385/5329/5
f 4285/5316/5 4286/5143/5 4386/5145/5
f 4388/5330/5 4218/5333/5 399/5331/5
f 4390/5142/5 4217/5141/5 4218/5333/5
f 4212/5334/5 4387/5337/5 4214/5335/5
f 4387/5337/5 4388/5330/5 4213/5332/5
f 4211/5338/5 4389/5339/5 4387/5337/5
f 4389/5339/5 4390/5142/5 4388/5330/5
f 4192/5326/5 4283/5325/5 4389/5339/5
f 4283/5325/5 4284/5140/5 4390/5142/5
f 4392/5340/6 4233/5200/6 4179/5197/6
f 4394/5139/6 4234/5138/6 4233/5200/6
f 4262/5285/6 4391/5342/6 4279/5341/6
f 4391/5342/6 4392/5340/6 4280/5134/6
f 4261/5156/6 4393/5343/6 4391/5342/6
f 4393/5343/6 4394/5139/6 4392/5340/6
f 4193/5344/6 4281/5345/6 4393/5343/6
f 4281/5345/6 4282/5137/6 4394/5139/6
f 4396/5346/6 4231/5207/6 4178/5209/6
f 4398/5136/6 4232/5135/6 4231/5207/6
f 4264/5296/6 4395/5348/6 4277/5347/6
f 4395/5348/6 4396/5346/6 4278/5131/6
f 4263/5153/6 4397/5349/6 4395/5348/6
f 4397/5349/6 4398/5136/6 4396/5346/6
f 4194/5284/6 4279/5341/6 4397/5349/6
f 4279/5341/6 4280/5134/6 4398/5136/6
f 4400/5350/6 4229/5215/6 4177/5217/6
f 4402/5133/6 4230/5132/6 4229/5215/6
f 4266/5305/6 4399/5352/6 4275/5351/6
f 4399/5352/6 4400/5350/6 4276/5128/6
f 4265/5150/6 4401/5353/6 4399/5352/6
f 4401/5353/6 4402/5133/6 4400/5350/6
f 4195/5295/6 4277/5347/6 4401/5353/6
f 4277/5347/6 4278/5131/6 4402/5133/6
f 4404/5354/6 4227/5223/6 4176/5225/6
f 4406/5130/6 4228/5129/6 4227/5223/6
f 4268/5314/6 4403/5356/6 4273/5355/6
f 4403/5356/6 4404/5354/6 4274/5125/6
f 4267/5147/6 4405/5357/6 4403/5356/6
f 4405/5357/6 4406/5130/6 4404/5354/6
f 4196/5304/6 4275/5351/6 4405/5357/6
f 4275/5351/6 4276/5128/6 4406/5130/6
f 4408/5358/6 4225/5231/6 4175/5233/6
f 4410/5127/6 4226/5126/6 4225/5231/6
f 4270/5323/6 4407/5360/6 4271/5359/6
f 4407/5360/6 4408/5358/6 4272/5122/6
f 4269/5144/6 4409/5361/6 4407/5360/6
f 4409/5361/6 4410/5127/6 4408/5358/6
f 4197/5313/6 4273/5355/6 4409/5361/6
f 4273/5355/6 4274/5125/6 4410/5127/6
f 4412/5362/6 4223/5240/6 395/5242/6
f 4414/5124/6 4224/5123/6 4223/5240/6
f 4218/5333/6 4411/5365/6 4220/5364/6
f 4411/5365/6 4412/5362/6 4219/5363/6
f 4217/5141/6 4413/5366/6 4411/5365/6
f 4413/5366/6 4414/5124/6 4412/5362/6
f 4198/5322/6 4271/5359/6 4413/5366/6
f 4271/5359/6 4272/5122/6 4414/5124/6
f 4416/5367/3 4221/5370/3 400/5368/3
f 4418/2127/3 4222/2129/3 4221/5370/3
f 4210/5371/3 4415/5374/3 4215/5372/3
f 4415/5374/3 4416/5367/3 4216/5369/3
f 4209/5375/3 4417/5376/3 4415/5374/3
f 4417/5376/3 4418/2127/3 4416/5367/3
f 398/5377/3 4204/5833/3 4417/5376/3
f 4417/5376/3 4204/5833/3 4203/5378/3
f 4420/5379/6 4201/5380/6 4180/5202/6
f 4422/2126/6 4202/2125/6 4201/5380/6
f 4260/5381/6 4419/5382/6 4281/5345/6
f 4419/5382/6 4420/5379/6 4282/5137/6
f 4259/2122/6 4421/5383/6 4419/5382/6
f 4421/5383/6 4422/2126/6 4420/5379/6
f 400/5384/6 4221/5385/6 4421/5383/6
f 4221/5385/6 4222/2124/6 4422/2126/6
f 4424/5386/5 4260/5381/5 4193/5344/5
f 4426/2123/5 4259/2122/5 4260/5381/5
f 4248/5387/5 4423/5388/5 4293/5293/5
f 4423/5388/5 4424/5386/5 4294/5155/5
f 4247/5389/5 4425/5390/5 4423/5388/5
f 4425/5390/5 4426/2123/5 4424/5386/5
f 402/5391/5 4215/5392/5 4425/5390/5
f 4215/5392/5 4216/2121/5 4426/2123/5
f 4428/5393/4 4248/5395/4 4187/5394/4
f 4430/2120/4 4247/2119/4 4248/5395/4
f 4236/5396/4 4427/5397/4 4305/5251/4
f 4427/5397/4 4428/5393/4 4306/5173/4
f 4235/2116/4 4429/5398/4 4427/5397/4
f 4429/5398/4 4430/2120/4 4428/5393/4
f 398/5399/4 4209/5400/4 4429/5398/4
f 4209/5400/4 4210/2118/4 4430/2120/4
f 4318/5401/1 4432/5402/1 4236/5396/1
f 4434/2117/1 4235/2116/1 4236/5396/1
f 4201/5380/1 4431/5403/1 4317/5203/1
f 4431/5403/1 4432/5402/1 4318/5401/1
f 4202/2125/1 4433/5404/1 4431/5403/1
f 4433/5404/1 4434/2117/1 4432/5402/1
f 396/5405/1 4203/5406/1 4433/5404/1
f 4203/5406/1 4204/2115/1 4434/2117/1
f 4524/5407/1 4437/5575/1 4457/5408/1
f 4526/5410/1 4436/5567/1 4503/5411/1
f 4528/5413/1 4435/5612/1 4501/5414/1
f 4530/5416/4 4440/5532/4 4463/5417/4
f 4532/5419/4 4439/5524/4 4509/5420/4
f 4534/5422/4 4438/5527/4 4507/5423/4
f 4536/5425/5 4443/5509/5 4469/5426/5
f 4538/5428/5 4442/5499/5 4515/5429/5
f 4540/5431/5 4441/5502/5 4513/5432/5
f 4542/5434/6 4444/5505/6 4518/5435/6
f 4544/5437/6 4445/5495/6 4520/5438/6
f 4546/5440/6 4446/5572/6 4522/5441/6
f 4556/5443/6 4447/5464/6 4548/5444/6
f 4558/5446/5 4450/5492/5 4489/5447/5
f 4560/5449/4 4449/5485/4 4487/5450/4
f 4562/5452/1 4448/5670/1 4485/5453/1
f 4564/5455/1 4486/5458/1 440/5456/1
f 4564/5455/1 4566/5454/1 4485/5453/1
f 4547/5459/1 4563/5462/1 4497/5460/1
f 4563/5462/1 4564/5455/1 4498/5457/1
f 4548/5444/1 4565/5463/1 4563/5462/1
f 4565/5463/1 4566/5454/1 4564/5455/1
f 4447/5464/1 4561/5465/1 4565/5463/1
f 4561/5465/1 4562/5452/1 4566/5454/1
f 4568/5466/4 4488/5469/4 441/5467/4
f 4570/5451/4 4487/5450/4 4488/5469/4
f 4486/5470/4 4567/5473/4 4495/5471/4
f 4567/5473/4 4568/5466/4 4496/5468/4
f 4485/5474/4 4569/5475/4 4567/5473/4
f 4569/5475/4 4570/5451/4 4568/5466/4
f 4448/5476/4 4559/5477/4 4569/5475/4
f 4559/5477/4 4560/5449/4 4570/5451/4
f 4572/5478/5 4490/5481/5 442/5479/5
f 4574/5448/5 4489/5447/5 4490/5481/5
f 4488/5469/5 4571/5483/5 4493/5482/5
f 4571/5483/5 4572/5478/5 4494/5480/5
f 4487/5450/5 4573/5484/5 4571/5483/5
f 4573/5484/5 4574/5448/5 4572/5478/5
f 4449/5485/5 4557/5486/5 4573/5484/5
f 4557/5486/5 4558/5446/5 4574/5448/5
f 4576/5487/6 4547/5459/6 439/5461/6
f 4578/5445/6 4548/5444/6 4547/5459/6
f 4490/5481/6 4575/5490/6 4491/5489/6
f 4575/5490/6 4576/5487/6 4492/5488/6
f 4489/5447/6 4577/5491/6 4575/5490/6
f 4577/5491/6 4578/5445/6 4576/5487/6
f 4450/5492/6 4555/5493/6 4577/5491/6
f 4555/5493/6 4556/5443/6 4578/5445/6
f 4580/5494/6 4521/5496/6 4445/5495/6
f 4582/5442/6 4522/5441/6 4521/5496/6
f 4514/5497/6 4579/5500/6 4543/5498/6
f 4579/5500/6 4580/5494/6 4544/5437/6
f 4513/5432/6 4581/5501/6 4579/5500/6
f 4581/5501/6 4582/5442/6 4580/5494/6
f 4441/5502/6 4545/5503/6 4581/5501/6
f 4545/5503/6 4546/5440/6 4582/5442/6
f 4584/5504/6 4519/5506/6 4444/5505/6
f 4586/5439/6 4520/5438/6 4519/5506/6
f 4516/5507/6 4583/5510/6 4541/5508/6
f 4583/5510/6 4584/5504/6 4542/5434/6
f 4515/5429/6 4585/5511/6 4583/5510/6
f 4585/5511/6 4586/5439/6 4584/5504/6
f 4442/5499/6 4543/5498/6 4585/5511/6
f 4543/5498/6 4544/5437/6 4586/5439/6
f 4588/5512/6 4517/5515/6 387/5513/6
f 4590/5436/6 4518/5435/6 4517/5515/6
f 4470/5516/6 4587/5519/6 4472/5517/6
f 4587/5519/6 4588/5512/6 4471/5514/6
f 4469/5426/6 4589/5520/6 4587/5519/6
f 4589/5520/6 4590/5436/6 4588/5512/6
f 4443/5509/6 4541/5508/6 4589/5520/6
f 4541/5508/6 4542/5434/6 4590/5436/6
f 4592/5521/5 4514/5497/5 4442/5499/5
f 4594/5433/5 4513/5432/5 4514/5497/5
f 4508/5522/5 4591/5525/5 4537/5523/5
f 4591/5525/5 4592/5521/5 4538/5428/5
f 4507/5423/5 4593/5526/5 4591/5525/5
f 4593/5526/5 4594/5433/5 4592/5521/5
f 4438/5527/5 4539/5528/5 4593/5526/5
f 4539/5528/5 4540/5431/5 4594/5433/5
f 4596/5529/5 4516/5507/5 4443/5509/5
f 4598/5430/5 4515/5429/5 4516/5507/5
f 4510/5530/5 4595/5533/5 4535/5531/5
f 4595/5533/5 4596/5529/5 4536/5425/5
f 4509/5420/5 4597/5534/5 4595/5533/5
f 4597/5534/5 4598/5430/5 4596/5529/5
f 4439/5524/5 4537/5523/5 4597/5534/5
f 4537/5523/5 4538/5428/5 4598/5430/5
f 4600/5535/5 4470/5516/5 391/5518/5
f 4602/5427/5 4469/5426/5 4470/5516/5
f 4464/5537/5 4599/5540/5 4466/5538/5
f 4599/5540/5 4600/5535/5 4465/5536/5
f 4463/5417/5 4601/5541/5 4599/5540/5
f 4601/5541/5 4602/5427/5 4600/5535/5
f 4440/5532/5 4535/5531/5 4601/5541/5
f 4535/5531/5 4536/5425/5 4602/5427/5
f 4604/5542/4 4508/5522/4 4439/5524/4
f 4606/5424/4 4507/5423/4 4508/5522/4
f 4502/5543/4 4603/5546/4 4531/5544/4
f 4603/5546/4 4604/5542/4 4532/5419/4
f 4501/5547/4 4605/5548/4 4603/5546/4
f 4605/5548/4 4606/5424/4 4604/5542/4
f 4435/5549/4 4533/5550/4 4605/5548/4
f 4533/5550/4 4534/5422/4 4606/5424/4
f 4608/5551/4 4510/5530/4 4440/5532/4
f 4610/5421/4 4509/5420/4 4510/5530/4
f 4504/5552/4 4607/5555/4 4529/5553/4
f 4607/5555/4 4608/5551/4 4530/5416/4
f 4503/5556/4 4609/5557/4 4607/5555/4
f 4609/5557/4 4610/5421/4 4608/5551/4
f 4436/5545/4 4531/5544/4 4609/5557/4
f 4531/5544/4 4532/5419/4 4610/5421/4
f 4612/5558/4 4464/5537/4 393/5539/4
f 4614/5418/4 4463/5417/4 4464/5537/4
f 4458/5560/4 4611/5563/4 4460/5561/4
f 4611/5563/4 4612/5558/4 4459/5559/4
f 4457/5564/4 4613/5565/4 4611/5563/4
f 4613/5565/4 4614/5418/4 4612/5558/4
f 4437/5554/4 4529/5553/4 4613/5565/4
f 4529/5553/4 4530/5416/4 4614/5418/4
f 4616/5566/1 4502/5568/1 4436/5567/1
f 4618/5415/1 4501/5414/1 4502/5568/1
f 4521/5496/1 4615/5570/1 4525/5569/1
f 4615/5570/1 4616/5566/1 4526/5410/1
f 4522/5441/1 4617/5571/1 4615/5570/1
f 4617/5571/1 4618/5415/1 4616/5566/1
f 4446/5572/1 4527/5573/1 4617/5571/1
f 4527/5573/1 4528/5413/1 4618/5415/1
f 4620/5574/1 4504/5576/1 4437/5575/1
f 4622/5412/1 4503/5411/1 4504/5576/1
f 4519/5506/1 4619/5578/1 4523/5577/1
f 4619/5578/1 4620/5574/1 4524/5407/1
f 4520/5438/1 4621/5579/1 4619/5578/1
f 4621/5579/1 4622/5412/1 4620/5574/1
f 4445/5495/1 4525/5569/1 4621/5579/1
f 4525/5569/1 4526/5410/1 4622/5412/1
f 4624/5580/1 4458/5583/1 389/5581/1
f 4626/5409/1 4457/5408/1 4458/5583/1
f 4517/5515/1 4623/5585/1 4452/5584/1
f 4623/5585/1 4624/5580/1 4451/5582/1
f 4518/5435/1 4625/5586/1 4623/5585/1
f 4625/5586/1 4626/5409/1 4624/5580/1
f 4444/5505/1 4523/5577/1 4625/5586/1
f 4523/5577/1 4524/5407/1 4626/5409/1
f 4628/5587/3 4483/5590/3 435/5588/3
f 4630/2200/3 4484/2199/3 4483/5590/3
f 4480/5591/3 4627/5594/3 4477/5592/3
f 4627/5594/3 4628/5587/3 4478/5589/3
f 4479/5595/3 4629/5596/3 4627/5594/3
f 4629/5596/3 4630/2200/3 4628/5587/3
f 437/5597/3 4482/5598/3 4629/5596/3
f 4482/5598/3 4481/2198/3 4630/2200/3
f 4632/5599/2 4496/5602/2 441/5600/2
f 4634/2197/2 4495/2196/2 4496/5602/2
f 4491/5603/2 4631/5606/2 4494/5604/2
f 4631/5606/2 4632/5599/2 4493/5601/2
f 4492/5607/2 4633/5608/2 4631/5606/2
f 4633/5608/2 4634/2197/2 4632/5599/2
f 439/5609/2 4497/5610/2 4633/5608/2
f 4497/5610/2 4498/2195/2 4634/2197/2
f 4636/5611/1 4500/5613/1 4435/5612/1
f 4638/2194/1 4499/2193/1 4500/5613/1
f 4475/5614/1 4635/5615/1 4527/5573/1
f 4635/5615/1 4636/5611/1 4528/5413/1
f 4476/2184/1 4637/5616/1 4635/5615/1
f 4637/5616/1 4638/2194/1 4636/5611/1
f 435/5617/1 4483/5618/1 4637/5616/1
f 4483/5618/1 4484/2192/1 4638/2194/1
f 4640/5619/4 4506/5620/4 4438/5527/4
f 4642/2191/4 4505/2190/4 4506/5620/4
f 4500/5621/4 4639/5622/4 4533/5550/4
f 4639/5622/4 4640/5619/4 4534/5422/4
f 4499/5623/4 4641/5624/4 4639/5622/4
f 4641/5624/4 4642/2191/4 4640/5619/4
f 436/5625/4 4481/5626/4 4641/5624/4
f 4481/5626/4 4482/2189/4 4642/2191/4
f 4644/5627/5 4512/5628/5 4441/5502/5
f 4646/2188/5 4511/2187/5 4512/5628/5
f 4506/5620/5 4643/5629/5 4539/5528/5
f 4643/5629/5 4644/5627/5 4540/5431/5
f 4505/2190/5 4645/5630/5 4643/5629/5
f 4645/5630/5 4646/2188/5 4644/5627/5
f 437/5631/5 4479/5632/5 4645/5630/5
f 4479/5632/5 4480/2186/5 4646/2188/5
f 4648/5633/6 4475/5614/6 4446/5572/6
f 4650/2185/6 4476/2184/6 4475/5614/6
f 4512/5628/6 4647/5634/6 4545/5503/6
f 4647/5634/6 4648/5633/6 4546/5440/6
f 4511/2187/6 4649/5635/6 4647/5634/6
f 4649/5635/6 4650/2185/6 4648/5633/6
f 438/5636/6 4477/5637/6 4649/5635/6
f 4477/5637/6 4478/2183/6 4650/2185/6
f 4652/5638/3 4473/5641/3 392/5639/3
f 4654/2114/3 4474/2113/3 4473/5641/3
f 4462/5642/3 4651/5645/3 4467/5643/3
f 4651/5645/3 4652/5638/3 4468/5640/3
f 4461/5646/3 4653/5647/3 4651/5645/3
f 4653/5647/3 4654/2114/3 4652/5638/3
f 390/5648/3 4456/5834/3 4653/5647/3
f 4653/5647/3 4456/5834/3 4455/2112/3
f 4656/5649/6 4453/5650/6 4447/5464/6
f 4658/2111/6 4454/2110/6 4453/5650/6
f 4554/5651/6 4655/5652/6 4555/5493/6
f 4655/5652/6 4656/5649/6 4556/5443/6
f 4553/2107/6 4657/5653/6 4655/5652/6
f 4657/5653/6 4658/2111/6 4656/5649/6
f 392/5654/6 4473/5655/6 4657/5653/6
f 4473/5655/6 4474/2109/6 4658/2111/6
f 4660/5656/5 4554/5651/5 4450/5492/5
f 4662/2108/5 4553/2107/5 4554/5651/5
f 4552/5657/5 4659/5658/5 4557/5486/5
f 4659/5658/5 4660/5656/5 4558/5446/5
f 4551/2104/5 4661/5659/5 4659/5658/5
f 4661/5659/5 4662/2108/5 4660/5656/5
f 394/5660/5 4467/5661/5 4661/5659/5
f 4467/5661/5 4468/2106/5 4662/2108/5
f 4664/5662/4 4552/5657/4 4449/5485/4
f 4666/2105/4 4551/2104/4 4552/5657/4
f 4550/5663/4 4663/5664/4 4559/5477/4
f 4663/5664/4 4664/5662/4 4560/5449/4
f 4549/5665/4 4665/5666/4 4663/5664/4
f 4665/5666/4 4666/2105/4 4664/5662/4
f 390/5667/4 4461/5668/4 4665/5666/4
f 4461/5668/4 4462/2103/4 4666/2105/4
f 4668/5669/1 4550/5671/1 4448/5670/1
f 4670/2102/1 4549/2101/1 4550/5671/1
f 4453/5650/1 4667/5672/1 4561/5465/1
f 4667/5672/1 4668/5669/1 4562/5452/1
f 4454/2110/1 4669/5673/1 4667/5672/1
f 4669/5673/1 4670/2102/1 4668/5669/1
f 388/5674/1 4455/5675/1 4669/5673/1
f 4455/5675/1 4456/2100/1 4670/2102/1
usemtl Material.001
s 1
f 308/5835/3 365/5836/25 320/5837/26
f 313/5838/27 310/5839/3 307/5840/3
f 319/5841/28 310/5839/3 324/5842/29
f 309/5843/3 318/5844/30 323/5845/31
f 363/5846/32 306/5847/3 319/5841/28
f 306/5847/3 322/5848/3 310/5839/3
f 322/5848/3 308/5835/3 314/5849/3
f 366/5850/33 307/5840/3 316/5851/34
f 316/5851/34 314/5849/3 328/5852/35
f 314/5849/3 320/5837/26 328/5852/35
f 307/5840/3 322/5848/3 314/5849/3
f 309/5843/3 312/5853/36 308/5835/3
f 317/5854/37 311/5855/3 306/5847/3
f 305/5856/3 364/5857/38 318/5844/30
f 4950/5858/3 449/5859/39 4745/5860/40
f 4764/5861/41 4782/5862/3 4949/5863/3
f 4948/5864/3 459/5865/3 4773/5866/3
f 4754/5867/3 4751/5868/42 4947/5869/3
f 5190/5870/3 467/5871/38 5113/5872/30
f 5114/5873/37 5120/5874/3 5189/5875/3
f 5188/5876/3 477/5877/3 5117/5878/3
f 5122/5879/3 5119/5880/36 5187/5881/3
f 5186/5882/3 485/5883/38 5125/5884/30
f 5126/5885/37 5132/5886/3 5185/5887/3
f 5184/5888/3 495/5889/3 5129/5890/3
f 5134/5891/3 5131/5892/36 5183/5893/3
f 5182/5894/3 503/5895/38 5137/5896/30
f 5138/5897/37 5144/5898/3 5181/5899/3
f 5180/5900/3 513/5901/3 5141/5902/3
f 5146/5903/3 5143/5904/36 5179/5905/3
f 5178/5906/3 521/5907/38 5149/5908/30
f 5150/5909/37 5156/5910/3 5177/5911/3
f 5176/5912/3 531/5913/3 5153/5914/3
f 5158/5915/3 5155/5916/36 5175/5917/3
f 5174/5918/3 539/5919/38 5161/5920/30
f 5162/5921/37 5168/5922/3 5173/5923/3
f 5172/5924/3 549/5925/3 5165/5926/3
f 5170/5927/3 5167/5928/36 5171/5929/3
f 567/5930/3 557/5931/43 566/5932/31
f 558/5933/32 567/5930/3 565/5934/44
f 555/5935/33 567/5930/3 561/5936/45
f 567/5930/3 556/5937/25 561/5936/45
f 585/5938/3 575/5939/43 584/5940/31
f 576/5941/32 585/5938/3 583/5942/44
f 573/5943/33 585/5938/3 579/5944/45
f 585/5938/3 574/5945/25 579/5944/45
f 603/5946/3 593/5947/43 602/5948/31
f 594/5949/32 603/5946/3 601/5950/44
f 591/5951/33 603/5946/3 597/5952/45
f 603/5946/3 592/5953/25 597/5952/45
f 621/5954/3 611/5955/43 620/5956/31
f 612/5957/32 621/5954/3 619/5958/44
f 609/5959/33 621/5954/3 615/5960/45
f 621/5954/3 610/5961/25 615/5960/45
f 4791/5962/3 4779/5963/46 4946/5964/3
f 4795/5965/3 4780/5966/46 4945/5967/3
f 4799/5968/3 4781/5969/46 4944/5970/3
f 4792/5971/3 4803/5972/3 4943/5973/3
f 4793/5974/3 4804/5975/3 4942/5976/3
f 4794/5977/3 4805/5978/3 4941/5979/3
f 4796/5980/3 4806/5981/3 4940/5982/3
f 4797/5983/3 4807/5984/3 4939/5985/3
f 4798/5986/3 4808/5987/3 4938/5988/3
f 4800/5989/3 4809/5990/3 4937/5991/3
f 4801/5992/3 4810/5993/3 4936/5994/3
f 4802/5995/3 4811/5996/3 4935/5997/3
f 4788/5998/3 4812/5999/3 4934/6000/3
f 4789/6001/3 4813/6002/3 4933/6003/3
f 4790/6004/3 4814/6005/3 4932/6006/3
f 4931/6007/3 4691/6008/3 4749/6009/3
f 4930/6010/3 4690/6011/3 4775/6012/3
f 4929/6013/3 4689/6014/3 4774/6015/3
f 4928/6016/3 4716/6017/3 4827/6018/3
f 4927/6019/3 4717/6020/3 4828/6021/3
f 4926/6022/3 4718/6023/3 4829/6024/3
f 4925/6025/3 4719/6026/3 4830/6027/3
f 4924/6028/3 4720/6029/3 4831/6030/3
f 4923/6031/3 4721/6032/3 4832/6033/3
f 4922/6034/3 4722/6035/3 4833/6036/3
f 4921/6037/3 4723/6038/3 4834/6039/3
f 4920/6040/3 4724/6041/3 4835/6042/3
f 4919/6043/3 4701/6044/3 4836/6045/3
f 4918/6046/3 4702/6047/3 4837/6048/3
f 4917/6049/3 4703/6050/3 4838/6051/3
f 4839/6052/3 4752/6053/3 4916/6054/3
f 4843/6055/3 4784/6056/3 4915/6057/3
f 4847/6058/3 4783/6059/3 4914/6060/3
f 4840/6061/3 4851/6062/3 4913/6063/3
f 4841/6064/3 4852/6065/3 4912/6066/3
f 4842/6067/3 4853/6068/3 4911/6069/3
f 4844/6070/3 4854/6071/3 4910/6072/3
f 4845/6073/3 4855/6074/3 4909/6075/3
f 4846/6076/3 4856/6077/3 4908/6078/3
f 4848/6079/3 4857/6080/3 4907/6081/3
f 4849/6082/3 4858/6083/3 4906/6084/3
f 4850/6085/3 4859/6086/3 4905/6087/3
f 4746/6088/47 4860/6089/3 4904/6090/3
f 4766/6091/47 4861/6092/3 4903/6093/3
f 4765/6094/41 4862/6095/3 4902/6096/3
f 4901/6097/3 4677/6098/40 4761/6099/40
f 4900/6100/3 4678/6101/40 4762/6102/40
f 4899/6103/3 4679/6104/40 4763/6105/40
f 4898/6106/3 4734/6107/3 4875/6108/3
f 4897/6109/3 4735/6110/3 4876/6111/3
f 4896/6112/3 4736/6113/3 4877/6114/3
f 4895/6115/3 4737/6116/3 4878/6117/3
f 4894/6118/3 4738/6119/3 4879/6120/3
f 4893/6121/3 4739/6122/3 4880/6123/3
f 4892/6124/3 4740/6125/3 4881/6126/3
f 4891/6127/3 4741/6128/3 4882/6129/3
f 4890/6130/3 4742/6131/3 4883/6132/3
f 4889/6133/3 4688/6134/48 4884/6135/3
f 4888/6136/3 4687/6137/48 4885/6138/3
f 4887/6139/3 4686/6140/49 4886/6141/3
f 4874/6142/3 4886/6141/3 4742/6131/3
f 4741/6128/3 4887/6139/3 4874/6142/3
f 4885/6138/3 4771/6143/48 4887/6139/3
f 4873/6144/3 4885/6138/3 4741/6128/3
f 4740/6125/3 4888/6136/3 4873/6144/3
f 4884/6135/3 4772/6145/48 4888/6136/3
f 4872/6146/3 4884/6135/3 4740/6125/3
f 4698/6147/3 4889/6133/3 4872/6146/3
f 4782/5862/3 4748/6148/48 4889/6133/3
f 4870/6149/3 4883/6132/3 4739/6122/3
f 4738/6119/3 4890/6130/3 4870/6149/3
f 4882/6129/3 4874/6142/3 4890/6130/3
f 4869/6150/3 4882/6129/3 4738/6119/3
f 4737/6116/3 4891/6127/3 4869/6150/3
f 4881/6126/3 4873/6144/3 4891/6127/3
f 4868/6151/3 4881/6126/3 4737/6116/3
f 4699/6152/3 4892/6124/3 4868/6151/3
f 4783/6059/3 4872/6146/3 4892/6124/3
f 4866/6153/3 4880/6123/3 4736/6113/3
f 4735/6110/3 4893/6121/3 4866/6153/3
f 4879/6120/3 4870/6149/3 4893/6121/3
f 4865/6154/3 4879/6120/3 4735/6110/3
f 4734/6107/3 4894/6118/3 4865/6154/3
f 4878/6117/3 4869/6150/3 4894/6118/3
f 4864/6155/3 4878/6117/3 4734/6107/3
f 4700/6156/3 4895/6115/3 4864/6155/3
f 4784/6056/3 4868/6151/3 4895/6115/3
f 4790/6004/3 4877/6114/3 4706/6157/3
f 4705/6158/3 4896/6112/3 4790/6004/3
f 4876/6111/3 4866/6153/3 4896/6112/3
f 4789/6001/3 4876/6111/3 4705/6158/3
f 4704/6159/3 4897/6109/3 4789/6001/3
f 4875/6108/3 4865/6154/3 4897/6109/3
f 4788/5998/3 4875/6108/3 4704/6159/3
f 459/5865/3 4898/6106/3 4788/5998/3
f 4752/6053/3 4864/6155/3 4898/6106/3
f 4867/6160/3 4763/6105/40 4678/6101/40
f 4739/6122/3 4899/6103/3 4867/6160/3
f 4883/6132/3 4871/6161/3 4899/6103/3
f 4863/6162/3 4762/6102/40 4677/6098/40
f 4736/6113/3 4900/6100/3 4863/6162/3
f 4880/6123/3 4867/6160/3 4900/6100/3
f 4754/5867/3 4761/6099/40 458/6163/50
f 4706/6157/3 4901/6097/3 4754/5867/3
f 4877/6114/3 4863/6162/3 4901/6097/3
f 4902/6096/3 4733/6164/3 4850/6085/3
f 4861/6092/3 4850/6085/3 4732/6165/3
f 4681/6166/51 4902/6096/3 4861/6092/3
f 4903/6093/3 4732/6165/3 4849/6082/3
f 4860/6089/3 4849/6082/3 4731/6167/3
f 4682/6168/47 4903/6093/3 4860/6089/3
f 4904/6090/3 4731/6167/3 4848/6079/3
f 4744/6169/52 4848/6079/3 4676/6170/52
f 450/6171/53 4904/6090/3 4744/6169/52
f 4905/6087/3 4730/6172/3 4846/6076/3
f 4858/6083/3 4846/6076/3 4729/6173/3
f 4732/6165/3 4905/6087/3 4858/6083/3
f 4906/6084/3 4729/6173/3 4845/6073/3
f 4857/6080/3 4845/6073/3 4728/6174/3
f 4731/6167/3 4906/6084/3 4857/6080/3
f 4907/6081/3 4728/6174/3 4844/6070/3
f 4760/6175/52 4844/6070/3 4675/6176/52
f 4676/6170/52 4907/6081/3 4760/6175/52
f 4908/6078/3 4727/6177/3 4842/6067/3
f 4855/6074/3 4842/6067/3 4726/6178/3
f 4729/6173/3 4908/6078/3 4855/6074/3
f 4909/6075/3 4726/6178/3 4841/6064/3
f 4854/6071/3 4841/6064/3 4725/6179/3
f 4728/6174/3 4909/6075/3 4854/6071/3
f 4910/6072/3 4725/6179/3 4840/6061/3
f 4759/6180/54 4840/6061/3 4674/6181/55
f 4675/6176/52 4910/6072/3 4759/6180/54
f 4911/6069/3 4703/6050/3 4787/6182/3
f 4852/6065/3 4787/6182/3 4702/6047/3
f 4726/6178/3 4911/6069/3 4852/6065/3
f 4912/6066/3 4702/6047/3 4786/6183/3
f 4851/6062/3 4786/6183/3 4701/6044/3
f 4725/6179/3 4912/6066/3 4851/6062/3
f 4913/6063/3 4701/6044/3 4785/6184/3
f 4758/6185/55 4785/6184/3 457/6186/56
f 4674/6181/55 4913/6063/3 4758/6185/55
f 4914/6060/3 4699/6152/3 4843/6055/3
f 4859/6086/3 4843/6055/3 4730/6172/3
f 4733/6164/3 4914/6060/3 4859/6086/3
f 4915/6057/3 4700/6156/3 4839/6052/3
f 4856/6077/3 4839/6052/3 4727/6177/3
f 4730/6172/3 4915/6057/3 4856/6077/3
f 4916/6054/3 459/5865/3 4753/6187/3
f 4853/6068/3 4753/6187/3 4703/6050/3
f 4727/6177/3 4916/6054/3 4853/6068/3
f 4826/6188/3 4838/6051/3 4724/6041/3
f 4723/6038/3 4917/6049/3 4826/6188/3
f 4837/6048/3 4787/6182/3 4917/6049/3
f 4825/6189/3 4837/6048/3 4723/6038/3
f 4722/6035/3 4918/6046/3 4825/6189/3
f 4836/6045/3 4786/6183/3 4918/6046/3
f 4824/6190/3 4836/6045/3 4722/6035/3
f 4694/6191/57 4919/6043/3 4824/6190/3
f 4750/6192/57 4785/6184/3 4919/6043/3
f 4822/6193/3 4835/6042/3 4721/6032/3
f 4720/6029/3 4920/6040/3 4822/6193/3
f 4834/6039/3 4826/6188/3 4920/6040/3
f 4821/6194/3 4834/6039/3 4720/6029/3
f 4719/6026/3 4921/6037/3 4821/6194/3
f 4833/6036/3 4825/6189/3 4921/6037/3
f 4820/6195/3 4833/6036/3 4719/6026/3
f 4693/6196/58 4922/6034/3 4820/6195/3
f 4778/6197/59 4824/6190/3 4922/6034/3
f 4818/6198/3 4832/6033/3 4718/6023/3
f 4717/6020/3 4923/6031/3 4818/6198/3
f 4831/6030/3 4822/6193/3 4923/6031/3
f 4817/6199/3 4831/6030/3 4717/6020/3
f 4716/6017/3 4924/6028/3 4817/6199/3
f 4830/6027/3 4821/6194/3 4924/6028/3
f 4816/6200/3 4830/6027/3 4716/6017/3
f 4692/6201/58 4925/6025/3 4816/6200/3
f 4777/6202/58 4820/6195/3 4925/6025/3
f 4769/6203/60 4829/6024/3 4685/6204/61
f 4684/6205/60 4926/6022/3 4769/6203/60
f 4828/6021/3 4818/6198/3 4926/6022/3
f 4768/6206/60 4828/6021/3 4684/6205/60
f 4683/6207/60 4927/6019/3 4768/6206/60
f 4827/6018/3 4817/6199/3 4927/6019/3
f 4767/6208/60 4827/6018/3 4683/6207/60
f 447/6209/62 4928/6016/3 4767/6208/60
f 4776/6210/58 4816/6200/3 4928/6016/3
f 4819/6211/3 4774/6015/3 4690/6011/3
f 4721/6032/3 4929/6013/3 4819/6211/3
f 4835/6042/3 4823/6212/3 4929/6013/3
f 4815/6213/3 4775/6012/3 4691/6008/3
f 4718/6023/3 4930/6010/3 4815/6213/3
f 4832/6033/3 4819/6211/3 4930/6010/3
f 4747/6214/63 4749/6009/3 453/6215/64
f 4685/6204/61 4931/6007/3 4747/6214/63
f 4829/6024/3 4815/6213/3 4931/6007/3
f 4932/6006/3 4715/6216/3 4802/5995/3
f 4813/6002/3 4802/5995/3 4714/6217/3
f 4705/6158/3 4932/6006/3 4813/6002/3
f 4933/6003/3 4714/6217/3 4801/5992/3
f 4812/5999/3 4801/5992/3 4713/6218/3
f 4704/6159/3 4933/6003/3 4812/5999/3
f 4934/6000/3 4713/6218/3 4800/5989/3
f 4773/5866/3 4800/5989/3 4689/6014/3
f 459/5865/3 4934/6000/3 4773/5866/3
f 4935/5997/3 4712/6219/3 4798/5986/3
f 4810/5993/3 4798/5986/3 4711/6220/3
f 4714/6217/3 4935/5997/3 4810/5993/3
f 4936/5994/3 4711/6220/3 4797/5983/3
f 4809/5990/3 4797/5983/3 4710/6221/3
f 4713/6218/3 4936/5994/3 4809/5990/3
f 4937/5991/3 4710/6221/3 4796/5980/3
f 4774/6015/3 4796/5980/3 4690/6011/3
f 4689/6014/3 4937/5991/3 4774/6015/3
f 4938/5988/3 4709/6222/3 4794/5977/3
f 4807/5984/3 4794/5977/3 4708/6223/3
f 4711/6220/3 4938/5988/3 4807/5984/3
f 4939/5985/3 4708/6223/3 4793/5974/3
f 4806/5981/3 4793/5974/3 4707/6224/3
f 4710/6221/3 4939/5985/3 4806/5981/3
f 4940/5982/3 4707/6224/3 4792/5971/3
f 4775/6012/3 4792/5971/3 4691/6008/3
f 4690/6011/3 4940/5982/3 4775/6012/3
f 4941/5979/3 4673/6225/65 4757/6226/65
f 4804/5975/3 4757/6226/65 4672/6227/65
f 4708/6223/3 4941/5979/3 4804/5975/3
f 4942/5976/3 4672/6227/65 4756/6228/66
f 4803/5972/3 4756/6228/66 4671/6229/67
f 4707/6224/3 4942/5976/3 4803/5972/3
f 4943/5973/3 4671/6229/67 4755/6230/67
f 4749/6009/3 4755/6230/67 453/6215/64
f 4691/6008/3 4943/5973/3 4749/6009/3
f 4944/5970/3 4696/6231/46 4795/5965/3
f 4811/5996/3 4795/5965/3 4712/6219/3
f 4715/6216/3 4944/5970/3 4811/5996/3
f 4945/5967/3 4695/6232/46 4791/5962/3
f 4808/5987/3 4791/5962/3 4709/6222/3
f 4712/6219/3 4945/5967/3 4808/5987/3
f 4946/5964/3 448/6233/68 4743/6234/65
f 4805/5978/3 4743/6234/65 4673/6225/65
f 4709/6222/3 4946/5964/3 4805/5978/3
f 4947/5869/3 4697/6235/69 4799/5968/3
f 4814/6005/3 4799/5968/3 4715/6216/3
f 4706/6157/3 4947/5869/3 4814/6005/3
f 4823/6212/3 4773/5866/3 4689/6014/3
f 4724/6041/3 4948/5864/3 4823/6212/3
f 4838/6051/3 4753/6187/3 4948/5864/3
f 4949/5863/3 4698/6147/3 4847/6058/3
f 4862/6095/3 4847/6058/3 4733/6164/3
f 4680/6236/41 4949/5863/3 4862/6095/3
f 4871/6161/3 4745/5860/40 4679/6104/40
f 4742/6131/3 4950/5858/3 4871/6161/3
f 4886/6141/3 4770/6237/70 4950/5858/3
f 5171/5929/3 538/6238/25 5159/6239/26
f 5165/5926/3 5159/6239/26 543/6240/35
f 549/5925/3 5171/5929/3 5165/5926/3
f 5163/6241/34 5165/5926/3 543/6240/35
f 537/6242/33 5172/5924/3 5163/6241/34
f 5166/6243/27 5169/6244/3 5172/5924/3
f 5173/5923/3 549/5925/3 5169/6244/3
f 5160/6245/28 5169/6244/3 547/6246/29
f 540/6247/32 5173/5923/3 5160/6245/28
f 5170/5927/3 5161/5920/30 548/6248/31
f 549/5925/3 5174/5918/3 5170/5927/3
f 5168/5922/3 5164/6249/71 5174/5918/3
f 5175/5917/3 520/6250/25 5147/6251/26
f 5153/5914/3 5147/6251/26 525/6252/35
f 531/5913/3 5175/5917/3 5153/5914/3
f 5151/6253/34 5153/5914/3 525/6252/35
f 519/6254/33 5176/5912/3 5151/6253/34
f 5154/6255/27 5157/6256/3 5176/5912/3
f 5177/5911/3 531/5913/3 5157/6256/3
f 5148/6257/28 5157/6256/3 529/6258/29
f 522/6259/32 5177/5911/3 5148/6257/28
f 5158/5915/3 5149/5908/30 530/6260/31
f 531/5913/3 5178/5906/3 5158/5915/3
f 5156/5910/3 5152/6261/71 5178/5906/3
f 5179/5905/3 502/6262/25 5135/6263/26
f 5141/5902/3 5135/6263/26 507/6264/35
f 513/5901/3 5179/5905/3 5141/5902/3
f 5139/6265/34 5141/5902/3 507/6264/35
f 501/6266/33 5180/5900/3 5139/6265/34
f 5142/6267/27 5145/6268/3 5180/5900/3
f 5181/5899/3 513/5901/3 5145/6268/3
f 5136/6269/28 5145/6268/3 511/6270/29
f 504/6271/32 5181/5899/3 5136/6269/28
f 5146/5903/3 5137/5896/30 512/6272/31
f 513/5901/3 5182/5894/3 5146/5903/3
f 5144/5898/3 5140/6273/71 5182/5894/3
f 5183/5893/3 484/6274/25 5123/6275/26
f 5129/5890/3 5123/6275/26 489/6276/35
f 495/5889/3 5183/5893/3 5129/5890/3
f 5127/6277/34 5129/5890/3 489/6276/35
f 483/6278/33 5184/5888/3 5127/6277/34
f 5130/6279/27 5133/6280/3 5184/5888/3
f 5185/5887/3 495/5889/3 5133/6280/3
f 5124/6281/28 5133/6280/3 493/6282/29
f 486/6283/32 5185/5887/3 5124/6281/28
f 5134/5891/3 5125/5884/30 494/6284/31
f 495/5889/3 5186/5882/3 5134/5891/3
f 5132/5886/3 5128/6285/71 5186/5882/3
f 5187/5881/3 466/6286/25 5111/6287/26
f 5117/5878/3 5111/6287/26 471/6288/35
f 477/5877/3 5187/5881/3 5117/5878/3
f 5115/6289/34 5117/5878/3 471/6288/35
f 465/6290/33 5188/5876/3 5115/6289/34
f 5118/6291/27 5121/6292/3 5188/5876/3
f 5189/5875/3 477/5877/3 5121/6292/3
f 5112/6293/28 5121/6292/3 475/6294/29
f 468/6295/32 5189/5875/3 5112/6293/28
f 5122/5879/3 5113/5872/30 476/6296/31
f 477/5877/3 5190/5870/3 5122/5879/3
f 5120/5874/3 5116/6297/71 5190/5870/3
f 322/5848/3 305/5856/3 309/5843/3
f 311/5855/3 315/6298/71 305/5856/3
f 5194/6299/3 5219/6300/25 5206/6301/26
f 5199/6302/27 5196/6303/3 5193/6304/3
f 5205/6305/28 5196/6303/3 5210/6306/29
f 5195/6307/3 5204/6308/30 5209/6309/31
f 5217/6310/32 5192/6311/3 5205/6305/28
f 5192/6311/3 5208/6312/3 5196/6303/3
f 5208/6312/3 5194/6299/3 5200/6313/3
f 5220/6314/33 5193/6304/3 5202/6315/34
f 5202/6315/34 5200/6313/3 5214/6316/35
f 5200/6313/3 5206/6301/26 5214/6316/35
f 5193/6304/3 5208/6312/3 5200/6313/3
f 5195/6307/3 5198/6317/36 5194/6299/3
f 5203/6318/37 5197/6319/3 5192/6311/3
f 5191/6320/3 5218/6321/38 5204/6308/30
f 5208/6312/3 5191/6320/3 5195/6307/3
f 5197/6319/3 5201/6322/71 5191/6320/3
f 308/5835/3 312/5853/36 365/5836/25
f 313/5838/27 324/5842/29 310/5839/3
f 319/5841/28 306/5847/3 310/5839/3
f 309/5843/3 305/5856/3 318/5844/30
f 363/5846/32 317/5854/37 306/5847/3
f 306/5847/3 311/5855/3 322/5848/3
f 322/5848/3 309/5843/3 308/5835/3
f 366/5850/33 313/5838/27 307/5840/3
f 316/5851/34 307/5840/3 314/5849/3
f 314/5849/3 308/5835/3 320/5837/26
f 307/5840/3 310/5839/3 322/5848/3
f 309/5843/3 323/5845/31 312/5853/36
f 317/5854/37 327/6323/72 311/5855/3
f 305/5856/3 315/6298/71 364/5857/38
f 4950/5858/3 4770/6237/70 449/5859/39
f 4764/5861/41 454/6324/73 4782/5862/3
f 4948/5864/3 4753/6187/3 459/5865/3
f 4754/5867/3 458/6163/50 4751/5868/42
f 5190/5870/3 5116/6297/71 467/5871/38
f 5114/5873/37 472/6325/72 5120/5874/3
f 5188/5876/3 5121/6292/3 477/5877/3
f 5122/5879/3 476/6296/31 5119/5880/36
f 5186/5882/3 5128/6285/71 485/5883/38
f 5126/5885/37 490/6326/72 5132/5886/3
f 5184/5888/3 5133/6280/3 495/5889/3
f 5134/5891/3 494/6284/31 5131/5892/36
f 5182/5894/3 5140/6273/71 503/5895/38
f 5138/5897/37 508/6327/72 5144/5898/3
f 5180/5900/3 5145/6268/3 513/5901/3
f 5146/5903/3 512/6272/31 5143/5904/36
f 5178/5906/3 5152/6261/71 521/5907/38
f 5150/5909/37 526/6328/72 5156/5910/3
f 5176/5912/3 5157/6256/3 531/5913/3
f 5158/5915/3 530/6260/31 5155/5916/36
f 5174/5918/3 5164/6249/71 539/5919/38
f 5162/5921/37 544/6329/72 5168/5922/3
f 5172/5924/3 5169/6244/3 549/5925/3
f 5170/5927/3 548/6248/31 5167/5928/36
f 567/5930/3 562/6330/74 557/5931/43
f 558/5933/32 562/6330/74 567/5930/3
f 555/5935/33 565/5934/44 567/5930/3
f 567/5930/3 566/5932/31 556/5937/25
f 585/5938/3 580/6331/74 575/5939/43
f 576/5941/32 580/6331/74 585/5938/3
f 573/5943/33 583/5942/44 585/5938/3
f 585/5938/3 584/5940/31 574/5945/25
f 603/5946/3 598/6332/74 593/5947/43
f 594/5949/32 598/6332/74 603/5946/3
f 591/5951/33 601/5950/44 603/5946/3
f 603/5946/3 602/5948/31 592/5953/25
f 621/5954/3 616/6333/74 611/5955/43
f 612/5957/32 616/6333/74 621/5954/3
f 609/5959/33 619/5958/44 621/5954/3
f 621/5954/3 620/5956/31 610/5961/25
f 4791/5962/3 4695/6232/46 4779/5963/46
f 4795/5965/3 4696/6231/46 4780/5966/46
f 4799/5968/3 4697/6235/69 4781/5969/46
f 4792/5971/3 4707/6224/3 4803/5972/3
f 4793/5974/3 4708/6223/3 4804/5975/3
f 4794/5977/3 4709/6222/3 4805/5978/3
f 4796/5980/3 4710/6221/3 4806/5981/3
f 4797/5983/3 4711/6220/3 4807/5984/3
f 4798/5986/3 4712/6219/3 4808/5987/3
f 4800/5989/3 4713/6218/3 4809/5990/3
f 4801/5992/3 4714/6217/3 4810/5993/3
f 4802/5995/3 4715/6216/3 4811/5996/3
f 4788/5998/3 4704/6159/3 4812/5999/3
f 4789/6001/3 4705/6158/3 4813/6002/3
f 4790/6004/3 4706/6157/3 4814/6005/3
f 4931/6007/3 4815/6213/3 4691/6008/3
f 4930/6010/3 4819/6211/3 4690/6011/3
f 4929/6013/3 4823/6212/3 4689/6014/3
f 4928/6016/3 4816/6200/3 4716/6017/3
f 4927/6019/3 4817/6199/3 4717/6020/3
f 4926/6022/3 4818/6198/3 4718/6023/3
f 4925/6025/3 4820/6195/3 4719/6026/3
f 4924/6028/3 4821/6194/3 4720/6029/3
f 4923/6031/3 4822/6193/3 4721/6032/3
f 4922/6034/3 4824/6190/3 4722/6035/3
f 4921/6037/3 4825/6189/3 4723/6038/3
f 4920/6040/3 4826/6188/3 4724/6041/3
f 4919/6043/3 4785/6184/3 4701/6044/3
f 4918/6046/3 4786/6183/3 4702/6047/3
f 4917/6049/3 4787/6182/3 4703/6050/3
f 4839/6052/3 4700/6156/3 4752/6053/3
f 4843/6055/3 4699/6152/3 4784/6056/3
f 4847/6058/3 4698/6147/3 4783/6059/3
f 4840/6061/3 4725/6179/3 4851/6062/3
f 4841/6064/3 4726/6178/3 4852/6065/3
f 4842/6067/3 4727/6177/3 4853/6068/3
f 4844/6070/3 4728/6174/3 4854/6071/3
f 4845/6073/3 4729/6173/3 4855/6074/3
f 4846/6076/3 4730/6172/3 4856/6077/3
f 4848/6079/3 4731/6167/3 4857/6080/3
f 4849/6082/3 4732/6165/3 4858/6083/3
f 4850/6085/3 4733/6164/3 4859/6086/3
f 4746/6088/47 4682/6168/47 4860/6089/3
f 4766/6091/47 4681/6166/51 4861/6092/3
f 4765/6094/41 4680/6236/41 4862/6095/3
f 4901/6097/3 4863/6162/3 4677/6098/40
f 4900/6100/3 4867/6160/3 4678/6101/40
f 4899/6103/3 4871/6161/3 4679/6104/40
f 4898/6106/3 4864/6155/3 4734/6107/3
f 4897/6109/3 4865/6154/3 4735/6110/3
f 4896/6112/3 4866/6153/3 4736/6113/3
f 4895/6115/3 4868/6151/3 4737/6116/3
f 4894/6118/3 4869/6150/3 4738/6119/3
f 4893/6121/3 4870/6149/3 4739/6122/3
f 4892/6124/3 4872/6146/3 4740/6125/3
f 4891/6127/3 4873/6144/3 4741/6128/3
f 4890/6130/3 4874/6142/3 4742/6131/3
f 4889/6133/3 4748/6148/48 4688/6134/48
f 4888/6136/3 4772/6145/48 4687/6137/48
f 4887/6139/3 4771/6143/48 4686/6140/49
f 4874/6142/3 4887/6139/3 4886/6141/3
f 4741/6128/3 4885/6138/3 4887/6139/3
f 4885/6138/3 4687/6137/48 4771/6143/48
f 4873/6144/3 4888/6136/3 4885/6138/3
f 4740/6125/3 4884/6135/3 4888/6136/3
f 4884/6135/3 4688/6134/48 4772/6145/48
f 4872/6146/3 4889/6133/3 4884/6135/3
f 4698/6147/3 4782/5862/3 4889/6133/3
f 4782/5862/3 454/6324/73 4748/6148/48
f 4870/6149/3 4890/6130/3 4883/6132/3
f 4738/6119/3 4882/6129/3 4890/6130/3
f 4882/6129/3 4741/6128/3 4874/6142/3
f 4869/6150/3 4891/6127/3 4882/6129/3
f 4737/6116/3 4881/6126/3 4891/6127/3
f 4881/6126/3 4740/6125/3 4873/6144/3
f 4868/6151/3 4892/6124/3 4881/6126/3
f 4699/6152/3 4783/6059/3 4892/6124/3
f 4783/6059/3 4698/6147/3 4872/6146/3
f 4866/6153/3 4893/6121/3 4880/6123/3
f 4735/6110/3 4879/6120/3 4893/6121/3
f 4879/6120/3 4738/6119/3 4870/6149/3
f 4865/6154/3 4894/6118/3 4879/6120/3
f 4734/6107/3 4878/6117/3 4894/6118/3
f 4878/6117/3 4737/6116/3 4869/6150/3
f 4864/6155/3 4895/6115/3 4878/6117/3
f 4700/6156/3 4784/6056/3 4895/6115/3
f 4784/6056/3 4699/6152/3 4868/6151/3
f 4790/6004/3 4896/6112/3 4877/6114/3
f 4705/6158/3 4876/6111/3 4896/6112/3
f 4876/6111/3 4735/6110/3 4866/6153/3
f 4789/6001/3 4897/6109/3 4876/6111/3
f 4704/6159/3 4875/6108/3 4897/6109/3
f 4875/6108/3 4734/6107/3 4865/6154/3
f 4788/5998/3 4898/6106/3 4875/6108/3
f 459/5865/3 4752/6053/3 4898/6106/3
f 4752/6053/3 4700/6156/3 4864/6155/3
f 4867/6160/3 4899/6103/3 4763/6105/40
f 4739/6122/3 4883/6132/3 4899/6103/3
f 4883/6132/3 4742/6131/3 4871/6161/3
f 4863/6162/3 4900/6100/3 4762/6102/40
f 4736/6113/3 4880/6123/3 4900/6100/3
f 4880/6123/3 4739/6122/3 4867/6160/3
f 4754/5867/3 4901/6097/3 4761/6099/40
f 4706/6157/3 4877/6114/3 4901/6097/3
f 4877/6114/3 4736/6113/3 4863/6162/3
f 4902/6096/3 4862/6095/3 4733/6164/3
f 4861/6092/3 4902/6096/3 4850/6085/3
f 4681/6166/51 4765/6094/41 4902/6096/3
f 4903/6093/3 4861/6092/3 4732/6165/3
f 4860/6089/3 4903/6093/3 4849/6082/3
f 4682/6168/47 4766/6091/47 4903/6093/3
f 4904/6090/3 4860/6089/3 4731/6167/3
f 4744/6169/52 4904/6090/3 4848/6079/3
f 450/6171/53 4746/6088/47 4904/6090/3
f 4905/6087/3 4859/6086/3 4730/6172/3
f 4858/6083/3 4905/6087/3 4846/6076/3
f 4732/6165/3 4850/6085/3 4905/6087/3
f 4906/6084/3 4858/6083/3 4729/6173/3
f 4857/6080/3 4906/6084/3 4845/6073/3
f 4731/6167/3 4849/6082/3 4906/6084/3
f 4907/6081/3 4857/6080/3 4728/6174/3
f 4760/6175/52 4907/6081/3 4844/6070/3
f 4676/6170/52 4848/6079/3 4907/6081/3
f 4908/6078/3 4856/6077/3 4727/6177/3
f 4855/6074/3 4908/6078/3 4842/6067/3
f 4729/6173/3 4846/6076/3 4908/6078/3
f 4909/6075/3 4855/6074/3 4726/6178/3
f 4854/6071/3 4909/6075/3 4841/6064/3
f 4728/6174/3 4845/6073/3 4909/6075/3
f 4910/6072/3 4854/6071/3 4725/6179/3
f 4759/6180/54 4910/6072/3 4840/6061/3
f 4675/6176/52 4844/6070/3 4910/6072/3
f 4911/6069/3 4853/6068/3 4703/6050/3
f 4852/6065/3 4911/6069/3 4787/6182/3
f 4726/6178/3 4842/6067/3 4911/6069/3
f 4912/6066/3 4852/6065/3 4702/6047/3
f 4851/6062/3 4912/6066/3 4786/6183/3
f 4725/6179/3 4841/6064/3 4912/6066/3
f 4913/6063/3 4851/6062/3 4701/6044/3
f 4758/6185/55 4913/6063/3 4785/6184/3
f 4674/6181/55 4840/6061/3 4913/6063/3
f 4914/6060/3 4783/6059/3 4699/6152/3
f 4859/6086/3 4914/6060/3 4843/6055/3
f 4733/6164/3 4847/6058/3 4914/6060/3
f 4915/6057/3 4784/6056/3 4700/6156/3
f 4856/6077/3 4915/6057/3 4839/6052/3
f 4730/6172/3 4843/6055/3 4915/6057/3
f 4916/6054/3 4752/6053/3 459/5865/3
f 4853/6068/3 4916/6054/3 4753/6187/3
f 4727/6177/3 4839/6052/3 4916/6054/3
f 4826/6188/3 4917/6049/3 4838/6051/3
f 4723/6038/3 4837/6048/3 4917/6049/3
f 4837/6048/3 4702/6047/3 4787/6182/3
f 4825/6189/3 4918/6046/3 4837/6048/3
f 4722/6035/3 4836/6045/3 4918/6046/3
f 4836/6045/3 4701/6044/3 4786/6183/3
f 4824/6190/3 4919/6043/3 4836/6045/3
f 4694/6191/57 4750/6192/57 4919/6043/3
f 4750/6192/57 457/6186/56 4785/6184/3
f 4822/6193/3 4920/6040/3 4835/6042/3
f 4720/6029/3 4834/6039/3 4920/6040/3
f 4834/6039/3 4723/6038/3 4826/6188/3
f 4821/6194/3 4921/6037/3 4834/6039/3
f 4719/6026/3 4833/6036/3 4921/6037/3
f 4833/6036/3 4722/6035/3 4825/6189/3
f 4820/6195/3 4922/6034/3 4833/6036/3
f 4693/6196/58 4778/6197/59 4922/6034/3
f 4778/6197/59 4694/6191/57 4824/6190/3
f 4818/6198/3 4923/6031/3 4832/6033/3
f 4717/6020/3 4831/6030/3 4923/6031/3
f 4831/6030/3 4720/6029/3 4822/6193/3
f 4817/6199/3 4924/6028/3 4831/6030/3
f 4716/6017/3 4830/6027/3 4924/6028/3
f 4830/6027/3 4719/6026/3 4821/6194/3
f 4816/6200/3 4925/6025/3 4830/6027/3
f 4692/6201/58 4777/6202/58 4925/6025/3
f 4777/6202/58 4693/6196/58 4820/6195/3
f 4769/6203/60 4926/6022/3 4829/6024/3
f 4684/6205/60 4828/6021/3 4926/6022/3
f 4828/6021/3 4717/6020/3 4818/6198/3
f 4768/6206/60 4927/6019/3 4828/6021/3
f 4683/6207/60 4827/6018/3 4927/6019/3
f 4827/6018/3 4716/6017/3 4817/6199/3
f 4767/6208/60 4928/6016/3 4827/6018/3
f 447/6209/62 4776/6210/58 4928/6016/3
f 4776/6210/58 4692/6201/58 4816/6200/3
f 4819/6211/3 4929/6013/3 4774/6015/3
f 4721/6032/3 4835/6042/3 4929/6013/3
f 4835/6042/3 4724/6041/3 4823/6212/3
f 4815/6213/3 4930/6010/3 4775/6012/3
f 4718/6023/3 4832/6033/3 4930/6010/3
f 4832/6033/3 4721/6032/3 4819/6211/3
f 4747/6214/63 4931/6007/3 4749/6009/3
f 4685/6204/61 4829/6024/3 4931/6007/3
f 4829/6024/3 4718/6023/3 4815/6213/3
f 4932/6006/3 4814/6005/3 4715/6216/3
f 4813/6002/3 4932/6006/3 4802/5995/3
f 4705/6158/3 4790/6004/3 4932/6006/3
f 4933/6003/3 4813/6002/3 4714/6217/3
f 4812/5999/3 4933/6003/3 4801/5992/3
f 4704/6159/3 4789/6001/3 4933/6003/3
f 4934/6000/3 4812/5999/3 4713/6218/3
f 4773/5866/3 4934/6000/3 4800/5989/3
f 459/5865/3 4788/5998/3 4934/6000/3
f 4935/5997/3 4811/5996/3 4712/6219/3
f 4810/5993/3 4935/5997/3 4798/5986/3
f 4714/6217/3 4802/5995/3 4935/5997/3
f 4936/5994/3 4810/5993/3 4711/6220/3
f 4809/5990/3 4936/5994/3 4797/5983/3
f 4713/6218/3 4801/5992/3 4936/5994/3
f 4937/5991/3 4809/5990/3 4710/6221/3
f 4774/6015/3 4937/5991/3 4796/5980/3
f 4689/6014/3 4800/5989/3 4937/5991/3
f 4938/5988/3 4808/5987/3 4709/6222/3
f 4807/5984/3 4938/5988/3 4794/5977/3
f 4711/6220/3 4798/5986/3 4938/5988/3
f 4939/5985/3 4807/5984/3 4708/6223/3
f 4806/5981/3 4939/5985/3 4793/5974/3
f 4710/6221/3 4797/5983/3 4939/5985/3
f 4940/5982/3 4806/5981/3 4707/6224/3
f 4775/6012/3 4940/5982/3 4792/5971/3
f 4690/6011/3 4796/5980/3 4940/5982/3
f 4941/5979/3 4805/5978/3 4673/6225/65
f 4804/5975/3 4941/5979/3 4757/6226/65
f 4708/6223/3 4794/5977/3 4941/5979/3
f 4942/5976/3 4804/5975/3 4672/6227/65
f 4803/5972/3 4942/5976/3 4756/6228/66
f 4707/6224/3 4793/5974/3 4942/5976/3
f 4943/5973/3 4803/5972/3 4671/6229/67
f 4749/6009/3 4943/5973/3 4755/6230/67
f 4691/6008/3 4792/5971/3 4943/5973/3
f 4944/5970/3 4781/5969/46 4696/6231/46
f 4811/5996/3 4944/5970/3 4795/5965/3
f 4715/6216/3 4799/5968/3 4944/5970/3
f 4945/5967/3 4780/5966/46 4695/6232/46
f 4808/5987/3 4945/5967/3 4791/5962/3
f 4712/6219/3 4795/5965/3 4945/5967/3
f 4946/5964/3 4779/5963/46 448/6233/68
f 4805/5978/3 4946/5964/3 4743/6234/65
f 4709/6222/3 4791/5962/3 4946/5964/3
f 4947/5869/3 4751/5868/42 4697/6235/69
f 4814/6005/3 4947/5869/3 4799/5968/3
f 4706/6157/3 4754/5867/3 4947/5869/3
f 4823/6212/3 4948/5864/3 4773/5866/3
f 4724/6041/3 4838/6051/3 4948/5864/3
f 4838/6051/3 4703/6050/3 4753/6187/3
f 4949/5863/3 4782/5862/3 4698/6147/3
f 4862/6095/3 4949/5863/3 4847/6058/3
f 4680/6236/41 4764/5861/41 4949/5863/3
f 4871/6161/3 4950/5858/3 4745/5860/40
f 4742/6131/3 4886/6141/3 4950/5858/3
f 4886/6141/3 4686/6140/49 4770/6237/70
f 5171/5929/3 5167/5928/36 538/6238/25
f 5165/5926/3 5171/5929/3 5159/6239/26
f 549/5925/3 5170/5927/3 5171/5929/3
f 5163/6241/34 5172/5924/3 5165/5926/3
f 537/6242/33 5166/6243/27 5172/5924/3
f 5166/6243/27 547/6246/29 5169/6244/3
f 5173/5923/3 5168/5922/3 549/5925/3
f 5160/6245/28 5173/5923/3 5169/6244/3
f 540/6247/32 5162/5921/37 5173/5923/3
f 5170/5927/3 5174/5918/3 5161/5920/30
f 549/5925/3 5168/5922/3 5174/5918/3
f 5168/5922/3 544/6329/72 5164/6249/71
f 5175/5917/3 5155/5916/36 520/6250/25
f 5153/5914/3 5175/5917/3 5147/6251/26
f 531/5913/3 5158/5915/3 5175/5917/3
f 5151/6253/34 5176/5912/3 5153/5914/3
f 519/6254/33 5154/6255/27 5176/5912/3
f 5154/6255/27 529/6258/29 5157/6256/3
f 5177/5911/3 5156/5910/3 531/5913/3
f 5148/6257/28 5177/5911/3 5157/6256/3
f 522/6259/32 5150/5909/37 5177/5911/3
f 5158/5915/3 5178/5906/3 5149/5908/30
f 531/5913/3 5156/5910/3 5178/5906/3
f 5156/5910/3 526/6328/72 5152/6261/71
f 5179/5905/3 5143/5904/36 502/6262/25
f 5141/5902/3 5179/5905/3 5135/6263/26
f 513/5901/3 5146/5903/3 5179/5905/3
f 5139/6265/34 5180/5900/3 5141/5902/3
f 501/6266/33 5142/6267/27 5180/5900/3
f 5142/6267/27 511/6270/29 5145/6268/3
f 5181/5899/3 5144/5898/3 513/5901/3
f 5136/6269/28 5181/5899/3 5145/6268/3
f 504/6271/32 5138/5897/37 5181/5899/3
f 5146/5903/3 5182/5894/3 5137/5896/30
f 513/5901/3 5144/5898/3 5182/5894/3
f 5144/5898/3 508/6327/72 5140/6273/71
f 5183/5893/3 5131/5892/36 484/6274/25
f 5129/5890/3 5183/5893/3 5123/6275/26
f 495/5889/3 5134/5891/3 5183/5893/3
f 5127/6277/34 5184/5888/3 5129/5890/3
f 483/6278/33 5130/6279/27 5184/5888/3
f 5130/6279/27 493/6282/29 5133/6280/3
f 5185/5887/3 5132/5886/3 495/5889/3
f 5124/6281/28 5185/5887/3 5133/6280/3
f 486/6283/32 5126/5885/37 5185/5887/3
f 5134/5891/3 5186/5882/3 5125/5884/30
f 495/5889/3 5132/5886/3 5186/5882/3
f 5132/5886/3 490/6326/72 5128/6285/71
f 5187/5881/3 5119/5880/36 466/6286/25
f 5117/5878/3 5187/5881/3 5111/6287/26
f 477/5877/3 5122/5879/3 5187/5881/3
f 5115/6289/34 5188/5876/3 5117/5878/3
f 465/6290/33 5118/6291/27 5188/5876/3
f 5118/6291/27 475/6294/29 5121/6292/3
f 5189/5875/3 5120/5874/3 477/5877/3
f 5112/6293/28 5189/5875/3 5121/6292/3
f 468/6295/32 5114/5873/37 5189/5875/3
f 5122/5879/3 5190/5870/3 5113/5872/30
f 477/5877/3 5120/5874/3 5190/5870/3
f 5120/5874/3 472/6325/72 5116/6297/71
f 322/5848/3 311/5855/3 305/5856/3
f 311/5855/3 327/6323/72 315/6298/71
f 5194/6299/3 5198/6317/36 5219/6300/25
f 5199/6302/27 5210/6306/29 5196/6303/3
f 5205/6305/28 5192/6311/3 5196/6303/3
f 5195/6307/3 5191/6320/3 5204/6308/30
f 5217/6310/32 5203/6318/37 5192/6311/3
f 5192/6311/3 5197/6319/3 5208/6312/3
f 5208/6312/3 5195/6307/3 5194/6299/3
f 5220/6314/33 5199/6302/27 5193/6304/3
f 5202/6315/34 5193/6304/3 5200/6313/3
f 5200/6313/3 5194/6299/3 5206/6301/26
f 5193/6304/3 5196/6303/3 5208/6312/3
f 5195/6307/3 5209/6309/31 5198/6317/36
f 5203/6318/37 5213/6334/72 5197/6319/3
f 5191/6320/3 5201/6322/71 5218/6321/38
f 5208/6312/3 5197/6319/3 5191/6320/3
f 5197/6319/3 5213/6334/72 5201/6322/71
usemtl Material.002
f 315/6335/71 327/6336/72 329/6337/75
f 312/6338/36 323/6339/31 369/6340/76
f 326/6341/77 324/6342/29 313/6343/27
f 369/6340/76 321/6344/78 330/6345/79
f 326/6346/77 329/6337/75 367/6347/80
f 316/6348/34 328/6349/35 370/6350/81
f 330/6351/79 326/6341/77 370/6350/81
f 317/6352/37 363/6353/32 367/6347/80
f 325/6354/82 329/6355/75 321/6356/78
f 323/6339/31 318/6357/30 368/6358/83
f 367/6347/80 363/6353/32 319/6359/28
f 320/6360/26 365/6361/25 369/6362/76
f 456/6363/84 452/6364/85 460/6365/86
f 4756/6366/66 4672/6367/65 444/6368/87
f 4678/6369/40 4763/6370/40 445/6371/88
f 4682/6372/47 4746/6373/47 446/6374/89
f 446/6374/89 4760/6375/52 4675/6376/52
f 4748/6377/48 454/6378/73 452/6379/85
f 4684/6380/60 4769/6381/60 443/6382/90
f 455/6383/91 452/6379/85 446/6374/89
f 451/6384/92 455/6385/91 443/6382/90
f 455/6385/91 4694/6386/57 4778/6387/59
f 444/6388/87 4695/6389/46 4780/6390/46
f 444/6388/87 460/6391/86 451/6392/92
f 474/6393/82 470/6394/75 478/6395/78
f 5111/6396/26 466/6397/25 462/6398/76
f 5113/6399/30 467/6400/38 463/6401/83
f 5114/6402/37 468/6403/32 464/6404/80
f 464/6404/80 468/6403/32 5112/6405/28
f 5116/6406/71 472/6407/72 470/6408/75
f 5115/6409/34 471/6410/35 461/6411/81
f 473/6412/77 470/6408/75 464/6404/80
f 469/6413/79 473/6414/77 461/6411/81
f 473/6414/77 475/6415/29 5118/6416/27
f 5119/6417/36 476/6418/31 462/6419/76
f 462/6419/76 478/6420/78 469/6421/79
f 492/6422/82 488/6423/75 496/6424/78
f 5123/6425/26 484/6426/25 480/6427/76
f 5125/6428/30 485/6429/38 481/6430/83
f 5126/6431/37 486/6432/32 482/6433/80
f 482/6433/80 486/6432/32 5124/6434/28
f 5128/6435/71 490/6436/72 488/6437/75
f 5127/6438/34 489/6439/35 479/6440/81
f 491/6441/77 488/6437/75 482/6433/80
f 487/6442/79 491/6443/77 479/6440/81
f 491/6443/77 493/6444/29 5130/6445/27
f 494/6446/31 480/6447/76 5131/6448/36
f 480/6447/76 496/6449/78 487/6450/79
f 510/6451/82 506/6452/75 514/6453/78
f 5135/6454/26 502/6455/25 498/6456/76
f 5137/6457/30 503/6458/38 499/6459/83
f 5138/6460/37 504/6461/32 500/6462/80
f 500/6462/80 504/6461/32 5136/6463/28
f 5140/6464/71 508/6465/72 506/6466/75
f 5139/6467/34 507/6468/35 497/6469/81
f 509/6470/77 506/6466/75 500/6462/80
f 505/6471/79 509/6472/77 497/6469/81
f 509/6472/77 511/6473/29 5142/6474/27
f 512/6475/31 498/6476/76 5143/6477/36
f 498/6476/76 514/6478/78 505/6479/79
f 528/6480/82 524/6481/75 532/6482/78
f 5147/6483/26 520/6484/25 516/6485/76
f 5149/6486/30 521/6487/38 517/6488/83
f 5150/6489/37 522/6490/32 518/6491/80
f 518/6491/80 522/6490/32 5148/6492/28
f 5152/6493/71 526/6494/72 524/6495/75
f 5151/6496/34 525/6497/35 515/6498/81
f 527/6499/77 524/6495/75 518/6491/80
f 523/6500/79 527/6501/77 515/6498/81
f 527/6501/77 529/6502/29 5154/6503/27
f 530/6504/31 516/6505/76 5155/6506/36
f 516/6505/76 532/6507/78 523/6508/79
f 546/6509/82 542/6510/75 550/6511/78
f 5159/6512/26 538/6513/25 534/6514/76
f 548/6515/31 5161/6516/30 535/6517/83
f 5162/6518/37 540/6519/32 536/6520/80
f 536/6520/80 540/6519/32 5160/6521/28
f 5164/6522/71 544/6523/72 542/6524/75
f 5163/6525/34 543/6526/35 533/6527/81
f 545/6528/77 542/6524/75 536/6520/80
f 541/6529/79 545/6530/77 533/6527/81
f 545/6530/77 547/6531/29 5166/6532/27
f 5167/6533/36 548/6515/31 534/6534/76
f 534/6534/76 550/6535/78 541/6536/79
f 564/6537/82 560/6538/93 568/6539/78
f 561/6540/45 552/6541/94 559/6542/95
f 566/6543/31 553/6544/96 564/6545/82
f 562/6546/74 554/6547/97 560/6548/93
f 565/6549/44 554/6547/97 558/6550/32
f 557/6551/43 560/6548/93 553/6544/96
f 551/6552/98 561/6540/45 559/6542/95
f 563/6553/99 560/6548/93 554/6547/97
f 559/6542/95 563/6554/99 551/6552/98
f 551/6552/98 565/6555/44 555/6556/33
f 552/6557/94 566/6543/31 564/6545/82
f 552/6557/94 568/6558/78 559/6559/95
f 582/6560/82 578/6561/93 586/6562/78
f 579/6563/45 570/6564/94 577/6565/95
f 584/6566/31 571/6567/96 582/6568/82
f 580/6569/74 572/6570/97 578/6571/93
f 583/6572/44 572/6570/97 576/6573/32
f 575/6574/43 578/6571/93 571/6567/96
f 569/6575/98 579/6563/45 577/6565/95
f 581/6576/99 578/6571/93 572/6570/97
f 577/6565/95 581/6577/99 569/6575/98
f 569/6575/98 583/6578/44 573/6579/33
f 570/6580/94 584/6566/31 582/6568/82
f 570/6580/94 586/6581/78 577/6582/95
f 600/6583/82 596/6584/93 604/6585/78
f 597/6586/45 588/6587/94 595/6588/95
f 602/6589/31 589/6590/96 600/6591/82
f 598/6592/74 590/6593/97 596/6594/93
f 601/6595/44 590/6593/97 594/6596/32
f 593/6597/43 596/6594/93 589/6590/96
f 587/6598/98 597/6586/45 595/6588/95
f 599/6599/99 596/6594/93 590/6593/97
f 595/6588/95 599/6600/99 587/6598/98
f 587/6598/98 601/6601/44 591/6602/33
f 588/6603/94 602/6589/31 600/6591/82
f 588/6603/94 604/6604/78 595/6605/95
f 618/6606/82 614/6607/93 622/6608/78
f 615/6609/45 606/6610/94 613/6611/95
f 620/6612/31 607/6613/96 618/6614/82
f 616/6615/74 608/6616/97 614/6617/93
f 619/6618/44 608/6616/97 612/6619/32
f 611/6620/43 614/6617/93 607/6613/96
f 605/6621/98 615/6609/45 613/6611/95
f 617/6622/99 614/6617/93 608/6616/97
f 613/6611/95 617/6623/99 605/6621/98
f 605/6621/98 619/6624/44 609/6625/33
f 606/6626/94 620/6612/31 618/6614/82
f 606/6626/94 622/6627/78 613/6628/95
f 5201/6629/71 5213/6630/72 5215/6631/75
f 5198/6632/36 5209/6633/31 5223/6634/76
f 5212/6635/77 5210/6636/29 5199/6637/27
f 5223/6634/76 5207/6638/78 5216/6639/79
f 5212/6640/77 5215/6631/75 5221/6641/80
f 5202/6642/34 5214/6643/35 5224/6644/81
f 5216/6645/79 5212/6635/77 5224/6644/81
f 5203/6646/37 5217/6647/32 5221/6641/80
f 5211/6648/82 5215/6649/75 5207/6650/78
f 5209/6633/31 5204/6651/30 5222/6652/83
f 5221/6641/80 5217/6647/32 5205/6653/28
f 5206/6654/26 5219/6655/25 5223/6656/76
f 329/6337/75 368/6358/83 315/6335/71
f 368/6358/83 364/6657/38 315/6335/71
f 325/6658/82 369/6340/76 323/6339/31
f 369/6340/76 365/6659/25 312/6338/36
f 313/6343/27 366/6660/33 370/6350/81
f 370/6350/81 326/6341/77 313/6343/27
f 369/6340/76 325/6658/82 321/6344/78
f 326/6346/77 321/6344/78 329/6337/75
f 330/6351/79 370/6350/81 328/6349/35
f 370/6350/81 366/6660/33 316/6348/34
f 330/6351/79 321/6661/78 326/6341/77
f 367/6347/80 329/6337/75 317/6352/37
f 329/6337/75 327/6336/72 317/6352/37
f 325/6354/82 368/6662/83 329/6355/75
f 368/6358/83 325/6658/82 323/6339/31
f 318/6357/30 364/6657/38 368/6358/83
f 319/6359/28 324/6663/29 326/6346/77
f 326/6346/77 367/6347/80 319/6359/28
f 369/6362/76 330/6351/79 320/6360/26
f 330/6351/79 328/6349/35 320/6360/26
f 456/6363/84 445/6664/88 452/6364/85
f 444/6368/87 451/6384/92 4756/6366/66
f 451/6384/92 453/6665/64 4755/6666/67
f 4755/6666/67 4671/6667/67 451/6384/92
f 4671/6667/67 4756/6366/66 451/6384/92
f 4743/6668/65 448/6669/68 444/6368/87
f 4672/6367/65 4757/6670/65 444/6368/87
f 4757/6670/65 4673/6671/65 444/6368/87
f 4673/6671/65 4743/6668/65 444/6368/87
f 445/6371/88 456/6672/84 458/6673/50
f 445/6371/88 458/6673/50 4761/6674/40
f 4745/6675/40 449/6676/39 445/6371/88
f 4679/6677/40 4745/6675/40 445/6371/88
f 445/6371/88 4761/6674/40 4677/6678/40
f 4677/6678/40 4762/6679/40 445/6371/88
f 4762/6679/40 4678/6369/40 445/6371/88
f 4763/6370/40 4679/6677/40 445/6371/88
f 446/6374/89 452/6379/85 4681/6680/51
f 452/6379/85 454/6378/73 4764/6681/41
f 4680/6682/41 452/6379/85 4764/6681/41
f 4765/6683/41 4681/6680/51 452/6379/85
f 4681/6680/51 4766/6684/47 446/6374/89
f 452/6379/85 4680/6682/41 4765/6683/41
f 4766/6684/47 4682/6372/47 446/6374/89
f 4746/6373/47 450/6685/53 446/6374/89
f 4758/6686/55 457/6687/56 455/6383/91
f 455/6383/91 446/6374/89 4759/6688/54
f 446/6374/89 450/6685/53 4744/6689/52
f 4744/6689/52 4676/6690/52 446/6374/89
f 4676/6690/52 4760/6375/52 446/6374/89
f 4674/6691/55 4758/6686/55 455/6383/91
f 4675/6376/52 4759/6688/54 446/6374/89
f 4759/6688/54 4674/6691/55 455/6383/91
f 452/6379/85 445/6371/88 4686/6692/49
f 445/6371/88 449/6676/39 4770/6693/70
f 4686/6692/49 445/6371/88 4770/6693/70
f 4686/6692/49 4771/6694/48 452/6379/85
f 4771/6694/48 4687/6695/48 452/6379/85
f 4687/6695/48 4772/6696/48 452/6379/85
f 4772/6696/48 4688/6697/48 452/6379/85
f 4688/6697/48 4748/6377/48 452/6379/85
f 451/6384/92 443/6382/90 4685/6698/61
f 443/6382/90 447/6699/62 4767/6700/60
f 4768/6701/60 443/6382/90 4683/6702/60
f 4767/6700/60 4683/6702/60 443/6382/90
f 4747/6703/63 453/6665/64 451/6384/92
f 4769/6381/60 4685/6698/61 443/6382/90
f 4685/6698/61 4747/6703/63 451/6384/92
f 443/6382/90 4768/6701/60 4684/6380/60
f 455/6383/91 460/6391/86 452/6379/85
f 451/6384/92 460/6704/86 455/6385/91
f 4776/6705/58 447/6699/62 443/6382/90
f 443/6382/90 455/6385/91 4778/6387/59
f 455/6385/91 457/6706/56 4750/6707/57
f 455/6385/91 4750/6707/57 4694/6386/57
f 4692/6708/58 4776/6705/58 443/6382/90
f 4778/6387/59 4693/6709/58 443/6382/90
f 4693/6709/58 4777/6710/58 443/6382/90
f 4777/6710/58 4692/6708/58 443/6382/90
f 456/6672/84 444/6388/87 4697/6711/69
f 444/6388/87 448/6712/68 4779/6713/46
f 444/6388/87 4779/6713/46 4695/6389/46
f 4751/6714/42 458/6673/50 456/6672/84
f 4781/6715/46 4697/6711/69 444/6388/87
f 4697/6711/69 4751/6714/42 456/6672/84
f 4780/6390/46 4696/6716/46 444/6388/87
f 4696/6716/46 4781/6715/46 444/6388/87
f 444/6388/87 456/6672/84 460/6391/86
f 474/6393/82 463/6717/83 470/6394/75
f 462/6398/76 469/6413/79 5111/6396/26
f 469/6413/79 471/6410/35 5111/6396/26
f 463/6401/83 474/6718/82 476/6418/31
f 476/6418/31 5113/6399/30 463/6401/83
f 464/6404/80 470/6408/75 5114/6402/37
f 470/6408/75 472/6407/72 5114/6402/37
f 5112/6405/28 475/6719/29 473/6412/77
f 473/6412/77 464/6404/80 5112/6405/28
f 470/6408/75 463/6401/83 5116/6406/71
f 463/6401/83 467/6400/38 5116/6406/71
f 469/6413/79 461/6411/81 471/6410/35
f 461/6411/81 465/6720/33 5115/6409/34
f 473/6412/77 478/6420/78 470/6408/75
f 469/6413/79 478/6721/78 473/6414/77
f 5118/6416/27 465/6720/33 461/6411/81
f 461/6411/81 473/6414/77 5118/6416/27
f 474/6718/82 462/6419/76 476/6418/31
f 462/6419/76 466/6722/25 5119/6417/36
f 462/6419/76 474/6718/82 478/6420/78
f 492/6422/82 481/6723/83 488/6423/75
f 480/6427/76 487/6442/79 5123/6425/26
f 487/6442/79 489/6439/35 5123/6425/26
f 481/6430/83 492/6724/82 494/6446/31
f 494/6446/31 5125/6428/30 481/6430/83
f 482/6433/80 488/6437/75 5126/6431/37
f 488/6437/75 490/6436/72 5126/6431/37
f 5124/6434/28 493/6725/29 491/6441/77
f 491/6441/77 482/6433/80 5124/6434/28
f 488/6437/75 481/6430/83 5128/6435/71
f 481/6430/83 485/6429/38 5128/6435/71
f 487/6442/79 479/6440/81 489/6439/35
f 479/6440/81 483/6726/33 5127/6438/34
f 491/6441/77 496/6449/78 488/6437/75
f 487/6442/79 496/6727/78 491/6443/77
f 5130/6445/27 483/6726/33 479/6440/81
f 479/6440/81 491/6443/77 5130/6445/27
f 492/6724/82 480/6447/76 494/6446/31
f 480/6447/76 484/6728/25 5131/6448/36
f 480/6447/76 492/6724/82 496/6449/78
f 510/6451/82 499/6729/83 506/6452/75
f 498/6456/76 505/6471/79 5135/6454/26
f 505/6471/79 507/6468/35 5135/6454/26
f 499/6459/83 510/6730/82 512/6475/31
f 512/6475/31 5137/6457/30 499/6459/83
f 500/6462/80 506/6466/75 5138/6460/37
f 506/6466/75 508/6465/72 5138/6460/37
f 5136/6463/28 511/6731/29 509/6470/77
f 509/6470/77 500/6462/80 5136/6463/28
f 506/6466/75 499/6459/83 5140/6464/71
f 499/6459/83 503/6458/38 5140/6464/71
f 505/6471/79 497/6469/81 507/6468/35
f 497/6469/81 501/6732/33 5139/6467/34
f 509/6470/77 514/6478/78 506/6466/75
f 505/6471/79 514/6733/78 509/6472/77
f 5142/6474/27 501/6732/33 497/6469/81
f 497/6469/81 509/6472/77 5142/6474/27
f 510/6730/82 498/6476/76 512/6475/31
f 498/6476/76 502/6734/25 5143/6477/36
f 498/6476/76 510/6730/82 514/6478/78
f 528/6480/82 517/6735/83 524/6481/75
f 516/6485/76 523/6500/79 5147/6483/26
f 523/6500/79 525/6497/35 5147/6483/26
f 517/6488/83 528/6736/82 530/6504/31
f 530/6504/31 5149/6486/30 517/6488/83
f 518/6491/80 524/6495/75 5150/6489/37
f 524/6495/75 526/6494/72 5150/6489/37
f 5148/6492/28 529/6737/29 527/6499/77
f 527/6499/77 518/6491/80 5148/6492/28
f 524/6495/75 517/6488/83 5152/6493/71
f 517/6488/83 521/6487/38 5152/6493/71
f 523/6500/79 515/6498/81 525/6497/35
f 515/6498/81 519/6738/33 5151/6496/34
f 527/6499/77 532/6507/78 524/6495/75
f 523/6500/79 532/6739/78 527/6501/77
f 5154/6503/27 519/6738/33 515/6498/81
f 515/6498/81 527/6501/77 5154/6503/27
f 528/6736/82 516/6505/76 530/6504/31
f 516/6505/76 520/6740/25 5155/6506/36
f 516/6505/76 528/6736/82 532/6507/78
f 546/6509/82 535/6741/83 542/6510/75
f 534/6514/76 541/6529/79 5159/6512/26
f 541/6529/79 543/6526/35 5159/6512/26
f 535/6517/83 546/6742/82 548/6515/31
f 5161/6516/30 539/6743/38 535/6517/83
f 536/6520/80 542/6524/75 5162/6518/37
f 542/6524/75 544/6523/72 5162/6518/37
f 5160/6521/28 547/6744/29 545/6528/77
f 545/6528/77 536/6520/80 5160/6521/28
f 542/6524/75 535/6517/83 5164/6522/71
f 535/6517/83 539/6743/38 5164/6522/71
f 541/6529/79 533/6527/81 543/6526/35
f 533/6527/81 537/6745/33 5163/6525/34
f 545/6528/77 550/6535/78 542/6524/75
f 541/6529/79 550/6746/78 545/6530/77
f 5166/6532/27 537/6745/33 533/6527/81
f 533/6527/81 545/6530/77 5166/6532/27
f 546/6742/82 534/6534/76 548/6515/31
f 534/6534/76 538/6747/25 5167/6533/36
f 534/6534/76 546/6742/82 550/6535/78
f 564/6537/82 553/6748/96 560/6538/93
f 561/6540/45 556/6749/25 552/6541/94
f 566/6543/31 557/6551/43 553/6544/96
f 562/6546/74 558/6550/32 554/6547/97
f 565/6549/44 563/6553/99 554/6547/97
f 557/6551/43 562/6546/74 560/6548/93
f 551/6552/98 555/6556/33 561/6540/45
f 563/6553/99 568/6558/78 560/6548/93
f 559/6542/95 568/6750/78 563/6554/99
f 551/6552/98 563/6554/99 565/6555/44
f 552/6557/94 556/6751/25 566/6543/31
f 552/6557/94 564/6545/82 568/6558/78
f 582/6560/82 571/6752/96 578/6561/93
f 579/6563/45 574/6753/25 570/6564/94
f 584/6566/31 575/6574/43 571/6567/96
f 580/6569/74 576/6573/32 572/6570/97
f 583/6572/44 581/6576/99 572/6570/97
f 575/6574/43 580/6569/74 578/6571/93
f 569/6575/98 573/6579/33 579/6563/45
f 581/6576/99 586/6581/78 578/6571/93
f 577/6565/95 586/6754/78 581/6577/99
f 569/6575/98 581/6577/99 583/6578/44
f 570/6580/94 574/6755/25 584/6566/31
f 570/6580/94 582/6568/82 586/6581/78
f 600/6583/82 589/6756/96 596/6584/93
f 597/6586/45 592/6757/25 588/6587/94
f 602/6589/31 593/6597/43 589/6590/96
f 598/6592/74 594/6596/32 590/6593/97
f 601/6595/44 599/6599/99 590/6593/97
f 593/6597/43 598/6592/74 596/6594/93
f 587/6598/98 591/6602/33 597/6586/45
f 599/6599/99 604/6604/78 596/6594/93
f 595/6588/95 604/6758/78 599/6600/99
f 587/6598/98 599/6600/99 601/6601/44
f 588/6603/94 592/6759/25 602/6589/31
f 588/6603/94 600/6591/82 604/6604/78
f 618/6606/82 607/6760/96 614/6607/93
f 615/6609/45 610/6761/25 606/6610/94
f 620/6612/31 611/6620/43 607/6613/96
f 616/6615/74 612/6619/32 608/6616/97
f 619/6618/44 617/6622/99 608/6616/97
f 611/6620/43 616/6615/74 614/6617/93
f 605/6621/98 609/6625/33 615/6609/45
f 617/6622/99 622/6627/78 614/6617/93
f 613/6611/95 622/6762/78 617/6623/99
f 605/6621/98 617/6623/99 619/6624/44
f 606/6626/94 610/6763/25 620/6612/31
f 606/6626/94 618/6614/82 622/6627/78
f 5215/6631/75 5222/6652/83 5201/6629/71
f 5222/6652/83 5218/6764/38 5201/6629/71
f 5211/6765/82 5223/6634/76 5209/6633/31
f 5223/6634/76 5219/6766/25 5198/6632/36
f 5199/6637/27 5220/6767/33 5224/6644/81
f 5224/6644/81 5212/6635/77 5199/6637/27
f 5223/6634/76 5211/6765/82 5207/6638/78
f 5212/6640/77 5207/6638/78 5215/6631/75
f 5216/6645/79 5224/6644/81 5214/6643/35
f 5224/6644/81 5220/6767/33 5202/6642/34
f 5216/6645/79 5207/6768/78 5212/6635/77
f 5221/6641/80 5215/6631/75 5203/6646/37
f 5215/6631/75 5213/6630/72 5203/6646/37
f 5211/6648/82 5222/6769/83 5215/6649/75
f 5222/6652/83 5211/6765/82 5209/6633/31
f 5204/6651/30 5218/6764/38 5222/6652/83
f 5205/6653/28 5210/6770/29 5212/6640/77
f 5212/6640/77 5221/6641/80 5205/6653/28
f 5223/6656/76 5216/6645/79 5206/6654/26
f 5216/6645/79 5214/6643/35 5206/6654/26
